panel,trial,boundary_s,bout_id,start_s,end_s,median_pre,median_post,median_assigned,pre_samples,post_samples
F,5,0,25,-0.280074462890625,0.001747314453125,-2.3681047180886963,-3.2217230582285143,-2.3681047180886963,197,2
F,5,10,37,9.6804775390625,10.153027099609375,-2.0479276917465907,-2.153274023158579,-2.058718267004143,225,107
F,8,0,179,-0.102094970703125,0.215310302734375,-2.002002567502848,-2.1053288396956047,-2.0156846273821354,72,152
F,8,9,188,8.98879443359375,9.2535361328125,-3.3636817855222914,-2.0798776898741824,-2.1256042502066648,8,179
F,10,-15,270,-15.1456904296875,-14.8823720703125,-2.1166386230293335,-2.2495762235585213,-2.140046377851905,103,82
F,11,10,360,9.698248291015625,10.03273388671875,-2.0589664366103437,-2.458736167602222,-2.0941308029995187,213,23
F,12,10,426,9.73606005859375,10.168756103515625,-1.9181455839373367,-1.980635805240215,-1.9458951084963134,186,119
F,14,-15,505,-15.04139892578125,-14.964538330078126,-2.714683174010185,-2.8986837219043995,-2.871718615297398,30,25
F,14,0,536,-0.22440185546875,0.28515478515625,-1.9289130504893013,-2.147085235278986,-2.0689464810869884,157,201
F,14,10,554,9.65501953125,10.032205322265625,-1.9995315860636427,-2.5057491454876275,-2.0491035655996277,242,23
F,15,9,669,8.9785078125,9.049675048828124,-3.185416265782356,-3.36719693948393,-3.2491406659162756,16,35
F,15,10,670,9.085258544921874,11.124908447265625,-1.7939413048573594,-1.671125548219443,-1.7034623309008166,642,789
F,16,10,742,9.055545166015625,10.736512939453124,-1.9571233442304503,-1.7666770144031034,-1.8777439825215336,661,518
F,17,9,811,8.989443115234375,9.732427978515625,-3.400329634438493,-2.220560019637871,-2.2495513038249237,8,514
F,17,10,813,9.955892822265625,10.06122021484375,-2.266191621954336,-2.3413547443096743,-2.3018760303262784,31,44
F,18,10,877,9.09456591796875,10.166343017578125,-2.0893309564991425,-1.9314995306251201,-2.0737725571669974,635,117
F,19,10,938,9.908602783203126,10.01108349609375,-2.1203596956760022,-3.3186489457669675,-2.2691108766328356,65,8
F,20,9,991,8.986162353515626,9.272254150390625,-3.556123950060366,-2.4479909877117,-2.486668480172704,10,191
F,21,10,1063,9.23338134765625,11.16628076171875,-1.9388079105556888,-1.787275940560894,-1.8438369931786687,538,817
F,22,-15,1085,-15.24213134765625,-14.97311962890625,-2.1589028233721446,-2.3992753639720403,-2.205585404243189,171,19
F,22,10,1117,9.215165283203126,11.8042255859375,-1.9328651799954097,-1.881477857872507,-1.89108110538834,550,1265
F,23,0,1164,-0.0695498046875,0.246432373046875,-2.2981943674159275,-2.2787372343623593,-2.2941156414760497,49,173
F,23,10,1185,9.909505615234375,10.151473876953125,-2.4293001727122796,-2.282625023571257,-2.335618982855772,64,107
F,24,10,1255,9.77781103515625,10.04824609375,-2.1007813468556424,-3.174513604096243,-2.3361228547276673,148,34
F,26,10,1376,9.9554365234375,10.096347412109376,-3.013129188287424,-2.306415914149591,-2.3622230217504017,32,68
F,27,-15,1408,-15.13048974609375,-14.8856748046875,-2.1527556393019163,-2.294767181916329,-2.2170963356956213,92,81
F,27,0,1439,-0.0402109375,0.28431103515625,-3.5910226184130694,-2.295898241966704,-2.4383084614805064,29,200
F,27,10,1461,9.9488076171875,10.09398876953125,-2.0206900559806185,-2.2955987116410332,-2.2352739463487765,36,66
F,28,-15,1485,-15.2225615234375,-14.70446484375,-2.6613149373811007,-2.236645320020425,-2.4133642259817427,157,207
F,28,10,1517,9.122291259765625,10.599720947265626,-2.172800942702897,-1.9286792806530435,-2.077027788854068,614,421
F,29,9,1579,8.907356201171876,9.02834033203125,-2.7235786928354297,-2.6864138426544946,-2.7235786928354297,66,20
F,29,10,1582,9.70158154296875,10.050300537109376,-2.2335916650315806,-2.950156025532384,-2.305337247345924,210,36
F,30,-15,1612,-15.090525146484374,-14.723302734375,-2.5012118862138517,-2.2114985712312074,-2.229694139940993,64,195
F,30,9,1653,8.895645263671875,9.0493662109375,-2.296285059780469,-2.8532151933831633,-2.519145662700052,74,35
F,30,10,1655,9.98592578125,10.2350107421875,-3.7310227282130026,-2.3106711500820154,-2.3732237816458848,10,165
F,31,10,1730,9.939246826171875,10.2196455078125,-2.106741730974885,-2.5647396428662006,-2.4688123656649217,43,155
F,32,0,1793,-0.043014892578125,0.021035400390625,-3.6158599108007947,-2.738242773617475,-3.331269686368068,31,15
F,33,0,1888,-0.1980869140625,0.0082978515625,-2.5173364116275874,-2.6833791359766037,-2.535412715773708,140,6
F,33,10,1912,9.90195263671875,10.071330322265625,-2.8197302997147387,-2.3580950176773596,-2.543689105812066,69,51
F,34,0,1976,-0.2154130859375,0.01516845703125,-2.147321032883215,-3.079207665473314,-2.2153023751416505,151,11
F,34,10,2004,9.90170654296875,10.1607548828125,-2.34566110915956,-2.1707372682687605,-2.213912947116756,69,113
F,35,10,2099,9.91802880859375,10.087406494140625,-2.1940268519176036,-2.2108108270935727,-2.2108108270935727,58,62
F,36,10,2181,9.945823486328125,10.229068603515625,-1.9814391317641789,-2.2081202392538035,-2.147955999045217,39,161
F,37,-15,2213,-15.056091796875,-14.896677490234374,-2.297389559424297,-2.322663123083786,-2.320377302996602,40,73
F,38,9,2345,8.97262841796875,9.029562255859375,-3.1113695045559755,-3.0850705633540323,-3.0850705633540323,20,21
F,40,-15,2465,-15.02535791015625,-14.954190673828125,-3.078948865264135,-3.1520822805475257,-3.1520822805475257,18,33
F,40,10,2518,9.797738037109376,10.015509521484375,-2.298187512403357,-3.1119441437562614,-2.401875520229832,143,11
F,41,-15,2545,-15.1811416015625,-14.986143798828126,-2.447599643616126,-3.546570159160197,-2.5106434173922496,128,10
F,41,0,2579,-0.0467392578125,0.041508056640625,-2.869744915920642,-2.8286963224021893,-2.851321586015327,33,30
F,41,10,2606,9.945126220703125,10.051876953125,-2.132267290408563,-2.1674112989400944,-2.1498392946743285,39,37
F,42,0,2673,-0.0466279296875,0.21811376953125,-2.047231048562481,-2.448977570412884,-2.4089438345076726,33,154
F,43,-15,2719,-15.019628662109374,-14.692259765625,-2.9556446028702887,-2.2879062024681303,-2.3110976522349223,14,216
F,43,0,2744,-0.236791748046875,0.057840087890625,-2.2421116222838697,-3.0055882689382027,-2.4377958379181615,167,41
F,43,10,2764,9.938684814453126,10.210543212890625,-2.3223973910655373,-2.382556278346579,-2.382556278346579,44,148
F,44,0,2834,-0.055241455078125,0.01734912109375,-3.1613542661765766,-2.913589881467559,-3.1243565837202487,39,13
F,44,10,2853,9.6789990234375,10.010637939453124,-2.2644544501329174,-3.7463947833614624,-2.3016608823200464,226,8
F,45,10,2953,9.45349072265625,10.126731689453125,-2.447222005563072,-2.9600457381120826,-2.5281599315050842,384,90
F,46,-15,2979,-15.144771728515625,-14.79747607421875,-2.682273639674905,-2.245854086533921,-2.4509262535978755,102,142
F,46,0,3003,-0.14985693359375,0.0978046875,-2.381425741624413,-2.327347380075238,-2.356282116424837,106,69
F,46,10,3027,9.7381044921875,10.130947021484374,-2.308955196555765,-2.327490312287855,-2.3162374610524674,185,92
F,48,10,3198,9.90863427734375,10.1562958984375,-2.144833000074488,-2.4161037990358896,-2.2816674694317416,65,110
F,49,-15,3237,-15.245286865234375,-14.925034912109375,-2.19031765996962,-2.709054622423276,-2.3627091856817035,173,53
F,49,0,3267,-0.080994384765625,0.123967041015625,-2.5281476649960273,-2.517877380073945,-2.5281075882577633,57,88
F,49,9,3294,8.9686181640625,9.11949267578125,-2.6875890204089403,-2.6195395734924647,-2.6267915762818346,23,84
F,49,10,3297,9.730106689453125,10.004811767578126,-2.4189845455860217,-3.5916653383381822,-2.4276765777562055,190,4
F,50,-15,3322,-15.089495849609374,-14.97278173828125,-3.148805744328109,-2.741435746086352,-3.128055524711609,63,20
F,50,9,3376,8.9479150390625,9.085979248046876,-2.6443635581758236,-2.4583301624751037,-2.5641084843721886,37,61
F,50,10,3379,9.7321767578125,10.00261181640625,-2.7685093986418154,-3.5218477486100834,-2.7829791384127702,189,2
F,51,0,3455,-0.038790771484375,0.151937255859375,-2.448624427205596,-2.567161813470924,-2.547632079094413,28,107
F,51,9,3480,8.9553115234375,9.01936181640625,-2.879523391124084,-2.7373648852681294,-2.8115539562615286,32,14
F,51,10,3484,9.881907470703124,10.065518798828125,-2.234960834790585,-2.350643616768201,-2.308772897067785,83,47
F,52,0,3541,-0.268221435546875,0.10042431640625,-2.2608576612543088,-2.995531353348155,-2.448901663190023,189,71
F,52,10,3565,9.930028564453124,10.0054658203125,-2.38501815636802,-2.6445127299405082,-2.38501815636802,50,4
F,53,-15,3598,-15.116483154296875,-14.7919609375,-2.4214888708043523,-2.4597927881750095,-2.436938961981836,82,147
F,53,10,3652,9.91584423828125,10.056755126953124,-2.534539262115463,-2.3872687965401904,-2.5036287445277776,60,40
F,54,0,3717,-0.055668212890625,0.0496591796875,-3.2151717312834336,-3.583989185249551,-3.2837586463206665,40,35
F,54,10,3742,9.820906494140624,10.060028076171875,-2.2090461030635957,-2.5216718939059692,-2.2770396450012553,126,42
F,55,0,3813,-0.025540283203125,0.0370869140625,-2.933302473873538,-3.1632217358019172,-3.0852218540920333,18,27
F,55,9,3837,8.9927587890625,9.076736083984375,-2.94567350660296,-3.00197719887299,-3.00197719887299,6,54
F,55,10,3840,9.95066845703125,10.063112548828125,-2.517412334066716,-2.3666176487249904,-2.4022844154723946,34,45
F,56,-15,3876,-15.28098974609375,-14.940810791015625,-2.2495662989446505,-2.481321039530044,-2.302792030140521,198,42
F,56,10,3933,9.93779541015625,10.297901123046875,-2.129757864413774,-2.5604242289374723,-2.5019364103771498,44,210
F,57,0,4012,-0.02835205078125,0.038545166015625,-2.620354934019423,-2.6941430333303664,-2.6750155955989903,20,28
F,57,10,4036,9.85249267578125,10.158511474609375,-2.431042456520895,-2.543212114200432,-2.4628789511502633,104,112
F,58,9,4131,8.975572998046875,9.032506591796874,-2.9815295436388256,-2.7304815882220104,-2.9023363744616133,18,23
F,58,10,4135,9.85946875,10.168334228515626,-2.0399150182743924,-2.5420799753023604,-2.3798537794550416,99,119
F,60,9,4301,8.77906103515625,9.07653955078125,-2.6209970097302815,-2.537388327173524,-2.602202386491469,156,54
F,60,10,4304,9.936238525390625,10.087113037109376,-2.4428709417330263,-2.093295934239592,-2.2203520757090054,45,62
F,61,9,4373,8.75181787109375,9.023676513671875,-2.5751767353197628,-2.897481317831279,-2.5976560121966754,175,17
F,62,0,4441,-0.082021240234375,0.0190361328125,-3.168990005775458,-3.938603459914586,-3.16937903021723,57,14
F,62,9,4462,8.803906982421875,9.008868408203124,-2.429010313722914,-3.089330918122057,-2.4917663250079127,138,7
F,62,10,4466,9.8799541015625,10.514764892578125,-2.171680529271839,-2.4926209347787167,-2.4624700039351164,83,362
F,63,10,4542,9.996841796875,10.087935791015624,-3.5753676724287353,-2.5255132068827697,-2.5674205934401306,3,62
F,64,10,4620,9.989841064453126,10.170605712890625,-3.389627968134615,-2.3693392874600274,-2.454002461796601,8,120
F,65,0,4676,-0.14642724609375,0.0699208984375,-2.3049911824308884,-2.3044398850561834,-2.3049911824308884,103,50
F,65,9,4694,8.876141845703126,9.0369794921875,-2.298783672139664,-2.733689902532822,-2.426803623925636,88,26
F,65,10,4696,9.878175048828124,10.088829833984375,-2.441691442816686,-2.9008569767644072,-2.737109884773771,86,63
F,66,10,4786,9.9406630859375,10.043143798828124,-2.844399838818715,-2.971736578665439,-2.944447618704468,42,31
F,67,-15,4841,-15.135735107421874,-14.684535400390626,-2.409547743312045,-2.12492668080566,-2.2165919318344733,96,222
F,67,9,4910,8.930142333984374,9.106636962890626,-3.104752177767115,-2.3794843972620976,-2.6802973192058404,50,75
F,67,10,4912,9.829695068359374,10.100130126953125,-2.4966131172206767,-2.529211035510884,-2.518562955977553,120,71
F,68,-15,4953,-15.103987060546874,-14.833552001953125,-2.187520400736047,-2.2941892645892246,-2.2352613538465005,74,117
F,68,0,4988,-0.237173095703125,0.060305419921875,-2.366269128548696,-2.7589110048917047,-2.4775312568798045,166,43
F,70,9,5209,8.928343994140626,9.029401123046876,-2.9639907708059052,-2.857776616600602,-2.9309388703048627,51,21
F,71,-15,5262,-15.01303662109375,-14.899169189453126,-2.8716752180207727,-2.7416238526084835,-2.752861486484058,10,71
F,72,-15,5379,-15.1495146484375,-14.87623291015625,-2.2089993750837102,-2.8956631920676803,-2.410259932005401,106,87
F,73,-15,5494,-15.0016533203125,-14.847932373046875,-4.0924880180805925,-2.831508619146476,-2.8386877559958976,2,107
F,73,0,5541,-0.14907275390625,0.149829345703125,-3.1846559858091577,-2.132780923112264,-2.621099899953542,105,105
F,73,9,5565,8.910503173828126,9.075611083984375,-3.1091018101327355,-2.925824821586353,-2.955752246733103,63,54
F,74,-15,5625,-15.0413857421875,-14.88481787109375,-3.1527266491789634,-2.9997387757884946,-3.028470716326031,30,81
F,74,9,5702,8.97609814453125,9.1127392578125,-3.1043027449731864,-2.9495712342375207,-2.96918511188647,17,80
F,75,0,5803,-0.098082763671875,0.175198974609375,-2.5610277221863686,-2.345282451272697,-2.4790212114255,69,124
F,75,10,5830,9.87954931640625,10.222574951171875,-2.6731203771494445,-2.619702948357432,-2.6485671524611702,85,157
F,76,-15,5888,-15.08190234375,-14.979421630859376,-3.1050970200749948,-2.6646799613378263,-2.974425980755648,58,15
F,76,0,5945,-0.055674072265625,0.143593994140625,-2.036698185137335,-2.261788207128019,-2.1955755910611057,39,101
F,76,10,5978,9.96608154296875,10.079948974609374,-2.7264021502366216,-3.090069122457574,-2.9513203955235268,24,56
F,77,9,6118,8.998988037109376,9.097198486328125,-1.9787166508097263,-2.762107037578614,-2.761845588389621,1,69
F,78,-15,6174,-15.053468994140625,-14.832850830078126,-2.940043433299711,-2.8604491027311836,-2.873711224707377,38,118
F,78,0,6227,-0.06709423828125,0.002649658203125,-2.7961001773722005,-3.7010496623291207,-2.8372952456461302,48,2
F,78,10,6259,9.837947265625,10.407284423828125,-3.0803180701237736,-3.023732589816094,-3.032390323591973,114,287
F,79,9,6401,8.94811181640625,9.015009033203125,-3.106078263949198,-3.1004854629523684,-3.1032818634507833,37,11
F,80,9,6549,8.958520263671875,9.07096435546875,-2.5016458075657297,-2.8229863764194234,-2.7171286455068593,30,50
F,80,10,6553,9.963400146484375,10.05022412109375,-2.62828211206764,-2.931651336992523,-2.77775671825425,26,36
F,81,10,6701,9.70287451171875,10.129877197265625,-2.4014621768453623,-2.2092534040991176,-2.332846862885286,209,92
F,83,-15,6898,-15.120506591796875,-14.93547216796875,-2.8760060513138774,-3.099204441909521,-2.9326145594027375,85,46
F,83,0,6951,-0.020264404296875,0.419548583984375,-2.725240879425179,-2.4505453646879336,-2.4626048097495907,15,295
F,83,10,6992,9.99864453125,10.055578125,-3.917168825620244,-3.0990396032906777,-3.1082137760534145,1,39
F,84,0,7101,-0.13826318359375,0.36844677734375,-2.642274441238605,-2.6719946704017286,-2.6719946704017286,98,259
F,84,10,7135,9.900572509765626,10.00020654296875,-3.2122804008759376,-4.3778300373769685,-3.249413331132438,70,1
F,85,-15,7208,-15.34873046875,-14.970121337890625,-2.832371158883811,-2.6237785156602094,-2.821612309712156,246,21
F,85,0,7261,-0.423559326171875,0.076033935546875,-2.995183527730506,-2.9116421404015447,-2.995183527730506,298,54
F,85,9,7298,8.969078857421875,9.09006298828125,-2.8674689587623856,-3.077571805657495,-2.9278955554635204,22,64
F,86,0,7421,-0.100148681640625,0.130432861328125,-2.975408547024074,-3.0136804688197323,-2.9839853219792682,71,92
F,86,10,7460,9.984234130859376,10.183501953125,-2.7765055038316024,-2.883255487333541,-2.859967737823395,12,129
F,87,-15,7528,-15.0886650390625,-14.974797607421875,-2.9597883116117027,-2.7445211715911144,-2.9295450505146667,63,18
F,87,0,7584,-0.0055029296875,0.158181640625,-2.712116542941833,-2.696524182433862,-2.696524182433862,4,112
F,87,9,7614,8.91173876953125,9.08111669921875,-3.015204487280942,-2.6207943047982076,-2.834096570572932,63,56
F,87,10,7618,9.748664306640626,10.222637451171876,-2.2668822288757875,-2.4255960792948534,-2.3433171514804476,177,157
F,88,-15,7684,-15.182955078125,-14.982263671875,-2.926534309993193,-2.642162436863372,-2.8835513648860975,128,13
F,88,0,7741,-0.249243896484375,0.004111083984375,-2.0941584752827076,-2.789018977498841,-2.104814702767077,176,3
F,88,10,7775,9.453682861328126,10.225134765625,-2.0230656851878583,-2.844095610402466,-2.287324018606475,384,159
F,89,-15,7842,-15.071408447265625,-14.788163330078126,-2.8830901304221364,-2.798967668069425,-2.819499924282047,51,149
F,89,0,7898,-0.026676513671875,0.11565771484375,-3.1228701840795425,-2.728568293142435,-2.8517333225421804,18,82
F,89,9,7925,8.896258544921874,9.091256591796874,-3.0261352576179648,-2.8522515816740994,-2.915462552634591,73,65
F,89,10,7929,9.96803564453125,10.21000390625,-2.921526323649004,-2.8706102178564796,-2.877010540337309,23,148
F,90,0,8047,-0.021277099609375,0.187954345703125,-2.5673694254603063,-2.5266128194318567,-2.536122923319108,15,133
F,90,9,8080,8.924431396484374,9.26888037109375,-2.952938909918541,-2.785418875078619,-2.827043949781026,52,189
F,90,10,8082,9.868107666015625,10.065952392578126,-2.829067226985621,-2.947645855607027,-2.8481819112776985,93,47
F,91,-15,8149,-15.10769384765625,-14.7974052734375,-2.717397034518985,-2.838847947399236,-2.7863993287743374,76,143
F,91,0,8201,-0.06723193359375,0.203203125,-3.078618814036786,-2.7848824510265833,-2.862713035968061,48,143
F,91,10,8242,9.816459228515624,10.09970458984375,-2.950147343912446,-2.705958136304049,-2.8400769350065556,129,71
F,92,0,8348,-0.333192138671875,0.36709228515625,-2.354702399678534,-2.7994350663273555,-2.59639348345464,235,258
F,92,10,8380,9.856517822265625,10.0145087890625,-2.5688518648563403,-2.5700764170230497,-2.569464140939695,101,11
F,93,-15,8445,-15.026091796875,-14.688759521484375,-2.710016113272013,-2.3345688858177933,-2.425699423039015,19,219
F,93,0,8501,-0.093803955078125,0.07984375,-2.9392897738094432,-3.0090709112001695,-3.003741110337461,66,57
F,94,0,8661,-0.1435087890625,0.094189453125,-2.090991953621661,-2.5615986727951956,-2.3224238942979545,101,67
G,5,13,69,12.96814892578125,13.064939208984375,-3.1813418482681532,-3.1084493609647037,-3.138935796260545,23,46
G,6,13,141,12.70621337890625,13.16169677734375,-2.5105121192975166,-2.651425030966079,-2.547235585898944,207,114
G,6,10,136,9.953385498046876,10.013167724609374,-3.1049118525477235,-3.923593387857995,-3.1663877489516414,33,10
G,7,-15,160,-15.99114453125,-14.92502880859375,-2.4781900065443416,-2.950133792385353,-2.5056726943428416,684,53
G,7,0,179,-0.0791162109375,0.047565185546875,-3.254985843009657,-3.463320321563298,-3.3092160201679266,55,34
G,8,13,260,12.8336103515625,13.0343076171875,-2.360001877750119,-2.5117716909755354,-2.3843271875797187,117,25
G,9,-15,289,-15.124955810546876,-14.4773154296875,-2.4128119011351163,-2.635277183272289,-2.5959695064383244,88,368
G,10,-15,370,-15.319493896484374,-14.926639404296875,-2.55725581457965,-2.8664469895985096,-2.6850415788716457,225,52
G,10,0,391,-0.26576708984375,0.072998779296875,-2.4324054020987367,-3.192141458084585,-2.5428251280464362,187,52
G,10,10,413,9.7392109375,10.099327392578125,-2.809416393667582,-2.82970780101445,-2.8140494533883107,184,70
G,11,0,471,-0.150091064453125,0.13031591796875,-2.32774767973225,-2.5222494787609566,-2.440068174695714,106,90
G,12,-15,515,-16.72133935546875,-14.9065224609375,-2.458249597212932,-2.525077466378324,-2.463301858511045,1209,66
G,12,0,533,-0.433536865234375,1.297300048828125,-2.4157943242687443,-2.509416603344664,-2.48824741379607,305,912
G,12,10,543,9.928710693359376,10.7229599609375,-2.7736909602690205,-2.647178545072153,-2.6542611120248605,51,503
G,13,-15,571,-15.2469140625,-14.754422607421875,-2.3462425498964103,-2.616990847185669,-2.5054295447031625,174,173
G,14,-15,642,-15.207065673828126,-14.90815478515625,-2.3019930443887384,-2.476356844929677,-2.3422658869588315,146,65
G,14,0,664,-0.692802001953125,0.008927001953125,-2.5555612716449345,-3.1362089069196677,-2.5674498057825,475,7
G,14,13,688,12.66282568359375,13.044293212890626,-2.6231999560856596,-2.691703244010104,-2.631544972863968,237,32
G,14,10,680,9.194034912109375,10.059453369140625,-2.5392175321694883,-2.5690511997599415,-2.5411740905469604,567,42
G,15,10,750,9.7267265625,10.116734375,-2.2304525337001113,-2.8276484588437003,-2.412742171316088,192,83
G,16,-15,777,-15.36236669921875,-14.748887451171875,-2.2729334750794288,-2.7192884640260306,-2.498786800153847,255,177
G,16,10,810,9.88422509765625,10.1219306640625,-3.0166998334744344,-2.956745298737978,-2.985506582151995,82,86
G,17,-15,842,-15.014343505859374,-14.957408203125,-2.7378807564920926,-2.7592412379945648,-2.7564067690211367,11,30
G,17,0,866,-0.696507080078125,0.0066455078125,-2.368542743399035,-4.24627762247748,-2.391848099701043,488,5
G,17,10,883,9.76964794921875,10.20093359375,-2.4013824399112647,-2.6128473420232607,-2.495897637429557,162,142
G,18,-15,921,-15.02705419921875,-14.947344482421874,-2.9239209901701595,-3.0790519861301218,-3.040696796295611,20,37
G,18,0,945,-0.435927490234375,0.10068896484375,-2.456749814547921,-3.057879509119963,-2.584382083563177,307,71
G,19,-15,995,-15.162237548828125,-14.9686572265625,-2.8626338746809328,-3.1805839594916834,-2.9664111305725505,114,23
G,20,0,1099,-0.28079248046875,0.107791748046875,-2.620119476792784,-2.628927024756866,-2.620119476792784,185,76
G,20,13,1129,12.738916259765626,13.09903271484375,-2.639762985292988,-2.760829094262539,-2.646307784798753,184,70
G,20,10,1123,9.7014111328125,10.107076171875,-2.595842204486225,-2.7002385990754436,-2.649943002846509,210,76
G,21,10,1198,9.643361083984376,10.101691162109375,-2.5841673978358726,-2.906745299099604,-2.6155503645158213,251,72
G,22,0,1249,-0.08181787109375,0.000738525390625,-3.004406467969365,-3.5946478957287935,-3.00465092397332,58,1
G,23,0,1328,-0.14461669921875,0.105899169921875,-2.591780663272089,-2.6648938446739177,-2.6172771978708576,102,75
G,24,0,1414,-0.0939775390625,0.16223193359375,-2.6103473554548455,-2.7002973918102935,-2.6602455724101235,67,114
G,25,-15,1464,-15.338395263671876,-14.84448046875,-2.797862541979777,-2.9124705647311244,-2.8504738088597534,238,106
G,25,13,1525,12.60266552734375,13.090886962890625,-2.828722843277286,-2.875711822600607,-2.831228778604731,270,64
G,26,13,1596,12.809876708984374,13.113057861328125,-2.442203433488695,-2.4624976920083883,-2.442203433488695,134,80
G,26,10,1593,9.99868994140625,10.371616943359374,-2.1010222452407925,-2.4834018771538737,-2.483344147012555,1,262
G,27,-15,1623,-15.12549755859375,-14.281429931640625,-2.8373329027825336,-2.7062076230103522,-2.728356117607566,89,493
G,27,10,1673,9.6229091796875,10.223577880859375,-2.822379110369877,-2.8170815107779608,-2.819730310573919,265,157
G,29,0,1843,-0.0787783203125,0.020858642578125,-3.14948407520758,-3.505139036796136,-3.214861933248665,56,15
G,29,13,1881,12.89965234375,13.030603759765626,-2.766950330410396,-2.719428460541044,-2.7256186017152575,71,22
G,29,10,1871,9.936163330078125,10.010179443359375,-2.8264406604244097,-3.393010298356043,-2.8355298621415055,45,8
G,30,13,1970,12.967088623046875,13.139318359375,-2.833342515092048,-2.5909557961829868,-2.6292066187210343,24,98
G,30,10,1963,9.800055419921875,10.1701357421875,-2.5174677449487817,-2.681980963256861,-2.567772881002008,141,120
G,32,-15,2071,-15.0551845703125,-14.535648681640625,-3.57676523608533,-2.633875192834373,-2.6821976496715845,39,327
G,32,13,2129,12.99547705078125,13.080880126953126,-2.6629820018722947,-2.9070734455454192,-2.87737673726021,4,57
G,32,10,2120,9.94800830078125,10.0220244140625,-2.785454696525163,-3.4485755654071912,-2.983540409857814,37,16
G,33,-15,2155,-15.185118408203126,-14.637114990234375,-2.7495329281255656,-2.447975186277204,-2.506471963065846,131,255
G,33,0,2177,-0.054528564453125,0.3838740234375,-2.507890508216366,-2.5430379859001926,-2.535057500097805,39,270
G,33,13,2207,12.90539794921875,13.124599365234374,-2.649299753150356,-2.4157602381930436,-2.5140575245181367,67,88
G,34,13,2297,12.94303515625,13.240522705078124,-3.001669127171348,-2.6545672545662407,-2.736239709402726,41,169
G,34,10,2289,9.989510009765626,10.052138916015625,-3.6298414193091935,-2.9491176571233084,-3.0138746494293382,8,37
G,35,0,2358,-0.002538330078125,0.240860595703125,-2.8138950006150605,-2.609280958328708,-2.609280958328708,2,170
G,35,13,2384,12.930343994140625,13.011476806640625,-2.770000310257144,-4.021753793993743,-2.9760012253513324,49,9
G,36,-15,2415,-15.04006396484375,-14.9788583984375,-3.1771521297695293,-3.2907341103426364,-3.2485434861993645,29,14
G,36,0,2441,-0.28951806640625,0.13465087890625,-2.4781154592710655,-2.644676028450545,-2.5512634769025833,204,95
G,36,13,2465,12.50956591796875,13.023408203125,-2.631272130348253,-3.1819597690479933,-2.6331937386173223,345,17
G,36,10,2458,9.85495166015625,10.273427001953126,-2.3597010424638967,-2.683782812883394,-2.590128279231293,102,192
G,37,-15,2498,-15.071125,-14.08471875,-2.707251641156593,-2.7213907144279905,-2.7197841964615987,50,633
G,37,13,2553,12.578141845703126,13.141802490234374,-2.8282230705531783,-2.694346945086348,-2.766571113880153,285,97
G,38,0,2611,-0.047208740234375,0.351339111328125,-2.45208602460177,-2.5561926191229043,-2.5417247320232965,34,247
G,38,13,2640,12.70347998046875,13.13761279296875,-2.540452437239322,-2.810147480337977,-2.6226476797396057,209,97
G,39,-15,2668,-15.150139892578125,-14.697503173828125,-2.5148089286222337,-2.697403318150842,-2.6363254164568706,106,213
G,39,0,2691,-0.224517578125,0.132752197265625,-2.653991383712329,-2.6435542182033274,-2.649697176372967,158,94
G,39,10,2717,9.993968017578124,10.0608671875,-2.693333446236628,-2.91403120923636,-2.9123196761819052,5,43
G,40,-15,2752,-15.014463134765625,-14.933330078125,-3.467243203063352,-2.8450417864171613,-2.913773543218207,11,47
G,40,0,2793,-0.053256103515625,0.0335703125,-2.8622509604477244,-3.1320017875280293,-3.0908012136092005,38,24
G,40,13,2827,12.87535595703125,13.130141845703125,-3.107801947590565,-2.3923115277305174,-2.7396789261024743,88,92
G,41,-15,2869,-15.093438232421875,-14.9354423828125,-3.235005110243053,-3.1022746946297266,-3.187118143983947,66,46
G,41,0,2901,-0.059638671875,0.008683837890625,-2.7458595063441473,-3.237198703094695,-2.8095378727024984,42,7
G,41,13,2936,12.326663330078125,13.02696923828125,-2.4815739092174494,-2.5282190332979084,-2.482529199530998,474,19
G,41,10,2930,9.57098876953125,10.0720205078125,-2.597022752057967,-2.9627570696608414,-2.619576960338234,302,42
G,42,0,3000,-0.1534970703125,0.07139794921875,-2.918294211749177,-3.047011970810339,-2.95028140773616,108,51
G,42,10,3015,9.65220703125,10.14042822265625,-2.5108288361660036,-2.6928183410704984,-2.63174204441823,245,99
G,43,13,3109,12.9710078125,13.127580078125,-3.067868673163465,-2.533764244760935,-2.604962231999284,21,90
G,44,-15,3146,-15.51736669921875,-14.9978310546875,-2.6986664067914194,-2.9141936596824953,-2.711887655104409,364,2
G,44,0,3183,-0.067938720703125,0.468677734375,-3.181753990252563,-2.6819960402348824,-2.714331742971719,48,322
G,44,13,3211,12.926149169921874,13.01012890625,-2.7486622346520777,-3.281429764763847,-2.8704367618409834,52,8
G,45,13,3292,12.605017333984375,13.14448046875,-2.580063289480118,-2.9013939400872593,-2.684829891579574,278,102
G,45,10,3290,9.251520751953125,10.737535400390625,-2.757908092590088,-2.6593955275788312,-2.713167586672627,526,504
G,46,-15,3333,-15.098836181640625,-14.660433349609375,-2.8824327338812923,-2.535744613064897,-2.5981132863239305,70,233
G,46,10,3386,9.84030419921875,10.648787353515624,-2.707928233507943,-2.622781378729344,-2.6405189225681056,113,455
G,47,-15,3421,-15.33460546875,-14.8663115234375,-2.448737279874239,-2.49426370105962,-2.451853173731279,236,94
G,47,13,3483,12.97368896484375,13.1701162109375,-2.740992304148182,-2.8023499812035766,-2.7776207782747404,19,120
G,48,-15,3510,-15.33503466796875,-14.97634130859375,-2.6979816449056266,-2.534873810247248,-2.6628025954576637,236,17
G,48,10,3561,9.89874658203125,10.396931640625,-2.7504675394057116,-2.5917849898945624,-2.638055077452713,72,273
G,49,-15,3599,-15.023535888671875,-14.83137890625,-2.7416213155450007,-2.8417064501646596,-2.8296093453689672,17,119
G,49,13,3665,12.785150146484375,13.163770751953125,-2.5002980064967213,-2.7604143017444143,-2.6094142465896626,151,116
G,49,10,3658,9.9156044921875,10.04655615234375,-2.987468920591022,-3.161325677223489,-3.061815403869298,60,33
G,50,13,3754,12.860314453125,13.1962333984375,-2.503944338731811,-2.749437361683971,-2.6534387048410673,99,138
G,51,-15,3789,-15.139814697265624,-14.429545166015625,-2.633919039778993,-2.5647813759827955,-2.587095366272741,99,401
G,51,0,3817,-0.3465673828125,0.543048828125,-2.7210034230700137,-2.508792208688309,-2.5997639649893696,235,382
G,51,13,3846,12.769931640625,13.14712890625,-2.671209873306319,-2.8068679734151463,-2.7212460684840085,162,104
G,52,-15,3890,-15.228505615234376,-14.922477783203124,-2.7837445922929134,-2.9362592951886644,-2.815948820081009,161,55
G,52,0,3923,-0.097915771484375,0.39457568359375,-2.752077663818717,-2.61959546175257,-2.6534017336844125,68,278
G,53,-15,3989,-15.096966064453126,-14.857837158203125,-3.0952183564467846,-2.8450388006369787,-2.966229036950515,69,100
G,53,10,4042,9.76246484375,10.1111943359375,-2.6572543358836023,-2.677846643650672,-2.6699394918509816,167,79
G,54,-15,4082,-15.091533447265626,-14.627509765625,-2.4672479450970397,-2.6173025655372895,-2.612031819306375,65,262
G,54,10,4136,9.635522705078126,10.19348974609375,-2.564211031599508,-2.658848958838397,-2.584275543658167,257,136
G,55,-15,4182,-15.05973486328125,-14.994259033203125,-3.2553306140756213,-2.0635570128574012,-3.137595525372984,42,5
G,56,-15,4280,-15.14150244140625,-14.138015380859375,-2.6290523752302275,-2.4297477092267425,-2.4693337909895217,100,606
G,57,0,4410,-0.03668408203125,0.037331787109375,-3.1761798750971604,-2.9503299329021004,-3.1136374550251387,26,27
G,57,13,4446,12.98871826171875,13.08123828125,-2.822966707079813,-2.7328051078381614,-2.7676137638320304,8,58
G,58,0,4523,-0.102662841796875,0.0112080078125,-3.0796602823642494,-3.1822035250162166,-3.0796602823642494,73,8
G,59,-15,4610,-15.29392919921875,-14.781510498046876,-2.423807370274122,-2.589138293188466,-2.5026271128612336,207,154
G,59,13,4682,12.7026435546875,13.18944140625,-2.667242447016018,-2.7401989258829187,-2.701028722927216,209,134
G,59,10,4675,9.952662353515626,10.067956787109376,-2.7747783264666297,-2.9557093620736694,-2.844086332371529,34,48
G,61,13,4895,12.670166748046874,13.15127099609375,-2.4724123834437197,-2.725814781761115,-2.51984927458796,232,99
G,62,-15,4932,-15.054323486328125,-14.95895654296875,-2.8874126078625584,-3.2428803198865457,-3.108638849941528,39,29
G,62,0,4964,-0.286697021484375,0.19013720703125,-2.346006953590903,-2.6706829896075783,-2.534848274694638,202,134
G,62,10,4992,9.52043017578125,10.1225224609375,-2.4925833714947627,-2.9418409919779522,-2.551665400940866,336,87
G,64,0,5150,-0.30700048828125,0.02891845703125,-2.5013595499619674,-3.152700262692083,-2.5946351521236575,214,21
G,65,-15,5217,-15.026453857421876,-14.948167724609375,-3.068726817954497,-2.9263018503083056,-2.9883094820519296,19,37
G,65,0,5246,-0.001194580078125,0.0671279296875,-3.226718808937989,-3.17195660554583,-3.1979871530449606,1,48
G,65,13,5275,12.681171630859374,14.0533154296875,-2.655028377262875,-2.6918229760485777,-2.674362554871794,224,729
G,66,0,5339,-0.29200146484375,0.27023583984375,-2.4640282098054804,-2.439480817243914,-2.4576469844077105,206,190
G,67,-15,5396,-15.089926025390625,-14.971784912109374,-2.8531372034928006,-3.0286588297334496,-2.953026315708942,64,20
G,67,0,5427,-0.047586181640625,0.106139404296875,-3.1692704583905256,-3.0621191807031285,-3.0930040863413915,34,75
G,67,10,5446,9.54176318359375,10.432802490234375,-2.4728412857045683,-2.60954604259847,-2.509769449630837,314,305
G,68,-15,5485,-15.10818310546875,-14.978655029296876,-3.1870431408435675,-3.2784896416379397,-3.2327663912407534,77,15
G,68,13,5545,12.050015625,13.20722802734375,-2.434756579410203,-2.525022630330839,-2.4548015898712134,658,145
G,69,13,5634,12.919431884765626,13.00625830078125,-2.710326021953783,-2.7839099376305527,-2.727098695830169,57,5
G,69,10,5629,9.56451171875,10.099704833984376,-2.476787702160669,-2.7723936009446364,-2.5345901209968966,306,71
G,70,0,5716,-0.02992236328125,0.04267041015625,-3.1523023081129846,-2.7780442769204,-2.901775083432205,22,30
G,70,13,5740,12.124367919921875,13.421072265625,-2.464573675096685,-2.545270636050644,-2.485959960095044,616,283
G,71,-15,5769,-15.557861572265624,-14.907374267578126,-2.353361612571975,-2.2997193136348484,-2.340714916065319,392,66
G,71,10,5823,9.989064453125,10.102935302734375,-3.7125100257940717,-3.0693049740919136,-3.109431140329171,8,73
G,72,-15,5859,-16.09422265625,-14.36480908203125,-2.3255178572236677,-2.515815743572155,-2.3980231412491797,768,447
G,72,13,5914,12.93288134765625,13.05244580078125,-2.9379587014462185,-3.261966445016535,-3.0687087330046854,48,37
G,73,-15,5942,-15.424515625,-14.88362890625,-2.3878809995749273,-2.6103314779783635,-2.4348499203463625,299,81
G,73,0,5985,-0.054796875,0.033452880859375,-3.0052815545450007,-2.7628286019552872,-2.8876767575990283,39,24
G,74,0,6067,-0.233298583984375,0.88690576171875,-2.970801069138762,-2.304599630394057,-2.43877552315643,164,624
G,74,10,6089,9.682005859375,12.296765380859375,-2.3695986758073815,-2.391110467613765,-2.385390228060738,224,1613
G,75,0,6161,-0.0394619140625,0.01889697265625,-2.9486689628651135,-3.5069629318865987,-3.078668716354132,28,14
G,75,13,6192,11.450107421875,13.38306494140625,-2.4036857725933927,-2.3298720675906246,-2.387629192693066,1089,269
G,75,10,6188,9.966939453125,10.033838623046876,-3.1100608994762933,-2.9819575875436604,-3.0463540624081102,24,24
G,76,-15,6221,-16.0481103515625,-14.85246630859375,-2.381406866404943,-2.6826823998037277,-2.448785927662491,737,104
G,76,10,6278,9.77210595703125,10.570625244140626,-2.325200918616172,-2.3747313391872518,-2.3503258036803523,161,401
G,77,-15,6322,-15.602304931640624,-14.751120361328125,-2.2929822574032572,-2.4491392728229,-2.321318724612957,424,175
G,77,0,6358,-2.081564453125,0.366658935546875,-2.2293323322817593,-2.3858670857986626,-2.253118569147083,1463,258
G,78,-15,6423,-15.006323974609375,-14.87537255859375,-4.3067030244667714,-2.791566321793131,-2.8185711663838893,5,87
G,79,-15,6496,-15.872203125,-14.7192607421875,-2.3852562737981287,-2.359851172710256,-2.3774468063869105,613,198
G,79,0,6531,-0.27189599609375,2.11227490234375,-2.1998261868575106,-2.390523157625993,-2.3694278460008813,192,1467
G,79,13,6557,12.93854638671875,13.0154091796875,-3.1343960253114216,-3.242248064934614,-3.1608669575389485,44,11
G,80,0,6623,-0.085111572265625,0.02875927734375,-3.096188771353522,-2.8755346337982375,-3.055558879003965,60,21
G,81,-15,6676,-16.391710205078127,-14.689341064453124,-2.279789348283459,-2.4657476216801664,-2.318357249544019,968,219
G,81,10,6733,9.889682861328126,10.032021484375,-3.0292303716745046,-2.577891459026178,-2.9806104572389747,78,23
G,82,0,6801,-0.021532958984375,0.05960009765625,-2.7928232978432384,-2.99244467341224,-2.976654106057424,16,42
G,83,-15,6852,-15.2110146484375,-14.021064208984376,-2.199619657491409,-2.2735243713664905,-2.2625987876248015,149,687
G,84,-15,6960,-15.0259873046875,-14.942007568359376,-3.446919700967813,-3.123037336056111,-3.295956627340235,19,41
G,84,0,6989,-0.070473876953125,0.05905419921875,-3.000138320445352,-2.8761008798534062,-2.9586827493375782,50,42
G,85,13,7123,12.705014404296875,13.40389697265625,-2.2949390888491297,-2.3160162761094494,-2.3147501761201568,208,284
G,85,10,7115,9.990617919921876,10.063210693359375,-3.2646044695255965,-3.087016057815121,-3.137189925856397,7,45
G,87,0,7316,-0.28230322265625,0.2913212890625,-2.16274137045707,-2.4166002069779795,-2.2530614242546383,199,205
G,87,13,7343,12.99788525390625,13.10748583984375,-2.457401469413406,-3.054180235088776,-3.0122470508457764,2,76
G,87,10,7338,9.99454150390625,10.356081298828125,-3.057641949027605,-2.2790392881415094,-2.2872896811915338,4,251
G,88,-15,7383,-16.57494140625,-14.677568359375,-2.2619856534275216,-2.145549821585484,-2.23533300898232,1107,227
G,88,0,7418,-0.735505615234375,0.179731201171875,-2.2390880867298972,-2.4711821812661827,-2.2871887963575865,517,127
G,89,-15,7476,-15.664705078125,-13.987956787109376,-2.2611804280444456,-2.2284310660796907,-2.2435445129041147,466,712
G,89,13,7531,12.1041259765625,13.40225390625,-2.2552182384648143,-2.4886875974338754,-2.323383558389171,629,283
G,90,-15,7565,-15.023864501953126,-14.935614501953125,-2.8338383698448517,-3.1163475011323154,-3.028206972906922,17,46
G,90,10,7630,9.021389892578124,10.03199365234375,-2.3483737748221793,-2.7539003479335737,-2.3784943721340603,688,23
G,91,-15,7677,-15.131876953125,-14.93260302734375,-3.0950559151447865,-2.8586806485005822,-3.013138314679634,93,48
G,91,13,7743,12.729474365234376,13.156489990234375,-2.282514629584166,-2.407590353975106,-2.3635784760465546,190,110
G,92,-15,7777,-16.257818603515624,-14.97534814453125,-2.2468359138113154,-3.2097232399657556,-2.2579990627391293,884,18
G,92,0,7817,-0.785616455078125,0.755910400390625,-2.1962981693853916,-2.137845486193185,-2.170628842550655,552,531
G,92,13,7850,12.984216552734376,13.05111572265625,-3.330612496713772,-3.4373039581281386,-3.334113436513001,12,36
G,92,10,7839,8.32974560546875,10.24419921875,-2.198352596781934,-2.281211114649202,-2.2081052093209568,1163,172
G,93,0,7925,-1.377025634765625,0.00935205078125,-2.2540294195285036,-2.9815095699818768,-2.2599438882901346,968,7
G,94,-15,7990,-15.036494384765625,-14.978135498046875,-3.05886275997902,-3.1290917948136974,-3.112495301166799,26,16
G,94,10,8043,9.242195068359376,10.348165771484375,-2.2252387620983676,-2.3330842576730744,-2.2501016833615024,533,245
H,5,-15,9,-15.098707275390625,-14.974876220703125,-2.5057113037082894,-2.9473466856242574,-2.560623347091269,70,18
H,8,10,145,9.971373046875,10.1521376953125,-3.015269374191725,-2.212390143300133,-2.3214861833205145,21,106
H,9,10,198,9.89469873046875,10.069770263671876,-2.3610102264623567,-2.6248864189918146,-2.485120150663197,74,50
H,14,-15,346,-15.205941650390624,-14.99386328125,-2.433708038694707,-2.9522650663611865,-2.4590911186512208,144,5
H,15,-15,371,-16.28299853515625,-14.926550537109375,-2.0749191776214806,-2.033110734771136,-2.0736478563623844,902,52
H,17,10,460,9.983711669921876,10.23137353515625,-3.3126257383262785,-2.248951095110436,-2.2935029534783524,12,162
H,21,0,604,-0.16790380859375,0.010014404296875,-2.3121876901568283,-3.3828709597107895,-2.3846786292389783,116,8
H,26,10,748,9.760791015625,10.03549658203125,-2.1888877262126867,-3.077130419812307,-2.2896900882634403,169,25
H,27,10,790,9.73127734375,10.00882958984375,-2.3726976710074688,-3.370551691994761,-2.390355824121006,189,7
H,28,0,823,-0.1293671875,0.10263818359375,-2.26870170878648,-2.5533014819504327,-2.4473485270919033,91,73
H,29,-15,846,-15.188092529296876,-14.7553955078125,-2.3063757946502856,-2.332220770510332,-2.314322713922323,133,171
H,30,10,912,9.9155625,10.151837890625,-2.264547051860623,-2.2443793395440608,-2.2466681522982968,60,107
H,32,-15,963,-15.205100341796875,-14.961708251953125,-2.3563342929306765,-2.857049403367655,-2.4030328937523655,145,27
H,33,10,1032,9.919520751953126,10.1415625,-2.4695516426847637,-2.4386091556788556,-2.4507277304575754,57,100
H,35,10,1074,9.889663818359375,10.04907861328125,-2.3161261442601493,-2.3516623514778097,-2.341218385838447,78,35
H,42,0,1295,-0.177606201171875,0.033048828125,-2.200992541654016,-2.642026344655632,-2.3462844634303903,125,24
H,44,0,1392,-0.102730712890625,0.103654296875,-2.339429115213098,-2.246894918415813,-2.2740623215446476,73,73
H,46,0,1465,-0.212230712890625,0.00411767578125,-2.4418544416463916,-2.6947778542036147,-2.4521192903520674,150,3
H,50,0,1634,-0.857349365234375,0.3610341796875,-2.1896350451484627,-2.1257903504590177,-2.1651897455183247,603,254
H,51,-15,1658,-15.2106513671875,-14.918865478515626,-2.3990188538921178,-2.88992225029922,-2.540737283619223,148,58
H,51,0,1671,-0.184396728515625,0.211293212890625,-2.394992421563339,-2.4940654467873955,-2.452990559033145,130,149
H,51,10,1681,9.84306982421875,10.08219189453125,-2.1896316690295157,-2.565558731933532,-2.2766706805553762,111,58
H,53,-15,1730,-15.2231455078125,-14.867309326171876,-2.1564603246758054,-2.412684669343621,-2.2577212224609844,157,94
H,53,10,1752,9.567256591796875,10.169331787109375,-2.2804145690783804,-2.425019615452686,-2.3202336593614596,304,119
H,54,-15,1765,-15.586171142578126,-14.8616884765625,-2.340953835535174,-2.2545509636062935,-2.3281671538956408,412,98
H,54,10,1785,9.891706787109374,10.1294052734375,-2.453636535903956,-2.5470949301305517,-2.506396685236363,77,90
H,57,-15,1883,-15.320115478515625,-14.759317626953125,-2.535451296887252,-2.361342012783208,-2.4613382149182774,225,170
H,59,-15,1929,-15.13090966796875,-14.7750732421875,-2.270202289078853,-2.294130396378129,-2.294130396378129,92,159
H,60,0,1972,-0.239677978515625,0.01225390625,-2.1340641631449113,-3.4861862141179962,-2.145492847454034,169,9
H,62,-15,2030,-16.0885625,-14.55561962890625,-2.2097052102575314,-2.3257252203096295,-2.2452777375454898,765,304
H,62,0,2039,-1.67719287109375,0.104835205078125,-2.251542992072147,-2.5551808967802536,-2.27076184634604,1176,74
H,64,-15,2084,-15.57160791015625,-14.411581787109375,-1.8945512707175145,-1.9042615961114187,-1.897962250995315,401,411
H,64,10,2088,9.93473681640625,10.024407470703125,-2.8112801921139576,-2.2689922501252626,-2.778811927395365,46,18
H,66,-15,2121,-15.135216552734375,-14.773686767578125,-2.3898798929406557,-2.4778011016107966,-2.4401753422375605,95,160
H,67,-15,2153,-15.113650146484375,-14.6154794921875,-2.6173429470895844,-2.3129089804271468,-2.4067730420581617,79,271
H,67,10,2166,9.9471875,10.264593505859375,-2.6276639702138462,-2.4111314313365337,-2.434764503409959,38,186
H,69,-15,2203,-15.21511767578125,-14.6728232421875,-2.7652069153626675,-2.5306668748186127,-2.6140626507635814,152,230
H,72,-15,2239,-15.038602783203125,-14.919041748046874,-2.898535041913351,-2.808007528089405,-2.808007528089405,28,57
H,74,-15,2290,-15.097724609375,-14.84009912109375,-2.4962953490106528,-2.572926338740023,-2.535334307935455,69,113
H,74,10,2314,9.86917236328125,10.13106787109375,-2.550843060807092,-2.6674476083211998,-2.5868720735693027,92,93
H,78,-15,2406,-15.331011474609374,-14.959518310546875,-2.466241877429325,-3.0762275880902332,-2.5630945103990355,229,29
H,80,0,2470,-0.23444580078125,0.01321630859375,-2.4676156159798937,-3.331100257540143,-2.5089215629505883,164,10
H,81,-15,2489,-15.441726806640625,-14.97202294921875,-2.6365595703918037,-2.9552819445710536,-2.677772519076146,311,20
H,83,0,2554,-0.464091796875,0.0853193359375,-2.458473000385002,-2.5755946570246087,-2.4638154162156636,323,60
H,87,10,2671,9.912868896484374,10.284362060546876,-2.601337763947074,-2.5777037487593004,-2.5777037487593004,62,200
H,88,0,2694,-0.269286865234375,0.019652099609375,-2.4441072010424296,-2.7607689313870063,-2.5160017820286393,190,14
H,89,-15,2713,-16.235803955078126,-14.846619140625,-2.477986367632325,-2.5387198611312205,-2.481918992980674,868,108
H,92,0,2828,-0.45454931640625,0.45496826171875,-2.483792843478567,-2.5870496105897756,-2.512356533755636,320,311
H,92,10,2832,9.40211572265625,10.32586669921875,-2.451065723716108,-2.452065222777745,-2.4515654732469265,421,229
H,93,-15,2846,-15.067293701171875,-14.802551513671874,-2.7195995786515486,-2.6340586414232487,-2.6600397053674847,48,139
