panel,fish,trial,finite_baseline_bins,P25_log_vigor,P50_log_vigor,P75_log_vigor,P25_median_centred,P50_median_centred,P75_median_centred,baseline_median_residual,collapsed_boundaries,display_class_1_count,display_class_2_count,display_class_3_count,display_class_4_count
F,20221115_07,5,43,-3.0170932679999867,-2.56578075014695,-2.3928833707596477,-0.4513125178530366,0.0,0.17289737938730232,0.0,False,33,17,19,28
F,20221115_07,6,47,-3.1618235629438916,-2.487841929124944,-2.2661897883758666,-0.6739816338189475,0.0,0.22165214074907746,0.0,False,16,23,29,14
F,20221115_07,7,46,-3.221507947902606,-2.523140894416849,-2.2851277925580837,-0.6983670534857569,0.0,0.23801310185876545,0.0,False,28,23,20,21
F,20221115_07,8,36,-2.9284236544505395,-2.440442904221615,-2.2611030043135956,-0.4879807502289246,0.0,0.17933989990801935,2.220446049250313e-16,False,22,17,21,13
F,20221115_07,9,45,-3.2319619156410173,-2.598472267808099,-2.4251452495575725,-0.6334896478329184,0.0,0.17332701825052643,0.0,False,23,20,22,23
F,20221115_07,10,36,-3.14125675564527,-2.4798108693463545,-2.323796889215304,-0.6614458862989157,0.0,0.15601398013105072,0.0,False,25,28,14,16
F,20221115_07,11,42,-3.1510910837723425,-2.694540299581726,-2.4683753327193934,-0.45655078419061645,0.0,0.22616496686233267,0.0,False,35,23,15,18
F,20221115_07,12,54,-3.3329282417813717,-2.7067887639097186,-2.282584434999663,-0.6261394778716531,0.0,0.42420432891005566,0.0,False,24,25,26,27
F,20221115_07,13,35,-3.1630440320888065,-2.4927953405958263,-2.3202789673862556,-0.6702486914929802,0.0,0.1725163732095707,0.0,False,23,23,17,16
F,20221115_07,14,66,-3.242705321733218,-2.698038284665399,-2.353040266425582,-0.5446670370678186,0.0,0.34499801823981713,0.0,False,37,38,27,25
F,20221115_07,15,69,-3.217875662152243,-3.0719542046561297,-2.5764587417516123,-0.1459214574961134,0.0,0.4954954629045174,0.0,False,42,33,21,34
F,20221115_07,16,52,-3.248236155409747,-2.508801031601283,-2.359271868521886,-0.7394351238084642,0.0,0.1495291630793969,0.0,False,32,32,19,21
F,20221115_07,17,46,-3.0117052637357213,-2.5580603826738457,-2.4277869741250235,-0.4536448810618756,0.0,0.1302734085488222,2.220446049250313e-16,False,35,24,19,21
F,20221115_07,18,45,-3.2943612273856067,-2.5664607310831102,-2.4667207724434186,-0.7279004963024964,0.0,0.09973995863969165,0.0,False,21,26,14,22
F,20221115_07,19,50,-3.209865819871434,-2.583895966482622,-2.487372477678617,-0.6259698533888121,0.0,0.09652348880400519,0.0,False,22,23,23,23
F,20221115_07,20,47,-2.855079481974362,-2.551896073781218,-2.3430006865078203,-0.30318340819314393,0.0,0.20889538727339785,0.0,False,41,22,20,17
F,20221115_07,21,44,-3.28664417585683,-2.6925185542454146,-2.5644106130501383,-0.5941256216114152,0.0,0.12810794119527635,0.0,False,18,28,15,24
F,20221115_07,22,55,-2.9588932882729067,-2.570643214373986,-2.426557388141874,-0.3882500738989205,0.0,0.14408582623211208,0.0,False,25,21,22,26
F,20221115_07,23,53,-2.994905817033501,-2.689727933623124,-2.5710147490587767,-0.3051778834103769,0.0,0.11871318456434743,0.0,False,40,22,18,26
F,20221115_07,24,49,-2.820635570686062,-2.6652227164766478,-2.5589430533980244,-0.15541285420941442,0.0,0.10627966307862335,0.0,False,33,19,15,24
F,20221115_07,25,56,-2.98789013947463,-2.6710522114575905,-2.541456254019267,-0.31683792801703925,0.0,0.12959595743832342,2.220446049250313e-16,False,21,26,21,33
F,20221115_07,26,55,-3.171560997117817,-2.5695173405802967,-2.444380812614796,-0.6020436565375205,0.0,0.12513652796550057,0.0,False,32,32,16,19
F,20221115_07,27,55,-3.3069358986513935,-2.690511776532595,-2.515977827661092,-0.6164241221187985,0.0,0.17453394887150298,0.0,False,24,28,21,28
F,20221115_07,28,54,-3.0989156373890285,-2.6355145747116184,-2.460930300647425,-0.4634010626774101,0.0,0.1745842740641934,2.220446049250313e-16,False,27,26,20,20
F,20221115_07,29,54,-3.108863972505185,-2.738694617745848,-2.5628788061362386,-0.3701693547593372,0.0,0.17581581160960935,2.220446049250313e-16,False,36,23,24,18
F,20221115_07,30,61,-3.257495824593998,-2.7629796946036334,-2.556333666739007,-0.49451612999036465,0.0,0.20664602786462627,0.0,False,29,31,26,21
F,20221115_07,31,56,-2.8795575858809457,-2.6206483989934055,-2.4548845873252425,-0.25890918688754017,0.0,0.165763811668163,0.0,False,34,27,22,20
F,20221115_07,32,58,-3.273618728377914,-2.758908650223443,-2.582462115030454,-0.5147100781544709,0.0,0.17644653519298892,0.0,False,27,41,25,22
F,20221115_07,33,62,-3.136116822406502,-2.807401224624927,-2.639308452903944,-0.3287155977815748,0.0,0.16809277172098325,0.0,False,29,33,25,22
F,20221115_07,34,61,-3.132418067828723,-2.813988763973097,-2.652919229631741,-0.31842930385562607,0.0,0.16106953434135596,0.0,False,40,23,24,33
F,20221115_07,35,55,-3.2539549184053898,-2.804238754503818,-2.5146237500726336,-0.4497161639015719,0.0,0.28961500443118426,0.0,False,34,23,28,21
F,20221115_07,36,62,-3.1580471395080654,-2.7417742561157517,-2.507995799434334,-0.4162728833923137,0.0,0.2337784566814176,0.0,False,33,31,30,22
F,20221115_07,37,59,-3.1153032429445853,-2.801990642311925,-2.681291646374074,-0.3133126006326603,0.0,0.12069899593785083,0.0,False,30,21,21,29
F,20221115_07,38,54,-2.9624740483505896,-2.758408994701327,-2.6036511691616506,-0.20406505364926275,0.0,0.1547578255396762,2.220446049250313e-16,False,38,22,25,24
F,20221115_07,39,62,-3.1700103346912623,-2.7665409895597803,-2.664427425590215,-0.4034693451314819,0.0,0.10211356396956539,0.0,False,34,34,26,32
F,20221115_07,40,62,-3.0932770076160816,-2.711809608759496,-2.5753662289402324,-0.38146739885658576,0.0,0.13644337981926347,2.220446049250313e-16,False,35,28,24,23
F,20221115_07,41,62,-3.151644961633675,-2.853146675609632,-2.7645421361430462,-0.29849828602404305,0.0,0.08860453946658575,0.0,False,44,24,21,36
F,20221115_07,42,57,-3.1028095884089666,-2.697353206773634,-2.5297744604349828,-0.4054563816353327,0.0,0.1675787463386511,0.0,False,27,29,20,23
F,20221115_07,43,59,-3.078051413747104,-2.647437248216212,-2.5104009861315006,-0.43061416553089193,0.0,0.13703626208471142,0.0,False,36,36,21,25
F,20221115_07,44,64,-3.2364467694137367,-2.9139740022407254,-2.740835959025217,-0.3224727671730112,0.0,0.1731380432155083,2.220446049250313e-16,False,25,25,27,34
F,20221115_07,45,65,-3.1811649264411663,-2.875269737544033,-2.5520175278788395,-0.3058951888971335,0.0,0.3232522096651933,0.0,False,35,25,36,20
F,20221115_07,46,55,-2.9433403556996622,-2.7516527354504343,-2.6185026073718367,-0.19168762024922792,0.0,0.1331501280785976,0.0,False,36,23,20,27
F,20221115_07,47,60,-3.163556522934643,-2.8604594345801244,-2.7237472187954648,-0.30309708835451854,0.0,0.13671221578465964,2.220446049250313e-16,False,27,40,28,31
F,20221115_07,48,58,-3.1701883159969215,-2.906417501330509,-2.729390314113661,-0.2637708146664126,0.0,0.17702718721684807,0.0,False,38,27,24,23
F,20221115_07,49,62,-3.093733192485197,-2.7844456458926587,-2.624334883964276,-0.3092875465925382,0.0,0.16011076192838258,0.0,False,39,35,19,28
F,20221115_07,50,61,-3.133701490719352,-2.766604184687303,-2.618794218498378,-0.36709730603204926,0.0,0.14780996618892495,0.0,False,39,38,18,28
F,20221115_07,51,68,-3.206071618203314,-2.877228497818092,-2.7405343217040405,-0.3288431203852218,0.0,0.13669417611405166,2.220446049250313e-16,False,33,32,26,31
F,20221115_07,52,61,-3.0011896932681585,-2.769293417583735,-2.6259969517944066,-0.23189627568442361,0.0,0.1432964657893283,0.0,False,45,27,23,19
F,20221115_07,53,61,-3.094401898812821,-2.7751246254690103,-2.677129647743842,-0.31927727334381073,0.0,0.0979949777251683,0.0,False,41,34,19,30
F,20221115_07,54,48,-3.291666558183517,-2.979713694416457,-2.5458895376028154,-0.3119528637670599,0.0,0.4338241568136416,2.220446049250313e-16,False,22,30,31,21
F,20221115_07,55,68,-3.1759360121844358,-2.841254775768534,-2.592573591918528,-0.33468123641590175,0.0,0.24868118385000582,0.0,False,44,31,34,22
F,20221115_07,56,65,-3.173611069604209,-2.830989765025312,-2.575737000617658,-0.3426213045788966,0.0,0.2552527644076541,0.0,False,42,30,34,23
F,20221115_07,57,65,-3.271608503678634,-2.961546226670481,-2.6241896910527447,-0.31006227700815314,0.0,0.33735653561773615,0.0,False,27,40,34,26
F,20221115_07,58,63,-3.1490320475504565,-2.8331919892629425,-2.707646301672982,-0.31584005828751405,0.0,0.12554568758996032,0.0,False,37,26,20,27
F,20221115_07,59,61,-3.1243730705269925,-2.7892795235254653,-2.6210527027669217,-0.33509354700152727,0.0,0.16822682075854356,0.0,False,32,30,30,26
F,20221115_07,60,62,-3.201177910710328,-2.892042275694271,-2.6260329725914375,-0.309135635016057,0.0,0.26600930310283344,2.220446049250313e-16,False,25,26,33,27
F,20221115_07,61,63,-3.099579114435829,-2.794513896207099,-2.5467018662536587,-0.3050652182287301,0.0,0.24781202995344032,0.0,False,39,35,26,21
F,20221115_07,62,62,-3.1771272629717346,-2.7760737861296416,-2.6865839539717458,-0.401053476842093,0.0,0.08948983215789585,0.0,False,41,30,21,28
F,20221115_07,63,50,-3.09918596028701,-2.6795281616950604,-2.5782675380102607,-0.41965779859194985,0.0,0.10126062368479971,2.220446049250313e-16,False,32,29,19,22
F,20221115_07,64,60,-3.0998447772054147,-2.8485705847378924,-2.650078521323267,-0.25127419246752236,0.0,0.19849206341462544,0.0,False,39,28,23,26
F,20221115_07,65,55,-3.269777143024669,-2.777434085303536,-2.506324688443075,-0.49234305772113274,0.0,0.271109396860461,0.0,False,25,32,38,17
F,20221115_07,66,65,-3.1980170957715885,-2.8031516533195044,-2.5640345549990062,-0.3948654424520841,0.0,0.2391170983204982,0.0,False,33,43,28,29
F,20221115_07,67,78,-3.2091163642481413,-2.954921320492959,-2.5966416580709577,-0.2541950437551823,0.0,0.35827966242200127,0.0,False,38,29,47,29
F,20221115_07,68,70,-3.2523001572475394,-2.9143446608629042,-2.5767413541842137,-0.3379554963846352,0.0,0.33760330667869054,0.0,False,36,36,32,28
F,20221115_07,69,72,-3.1770034249390546,-2.8826576868748033,-2.4454519094769105,-0.29434573806425135,0.0,0.4372057773978928,0.0,False,36,30,41,22
F,20221115_07,70,64,-3.3352746643150266,-3.0258673443869073,-2.4833919420147055,-0.3094073199281193,0.0,0.5424754023722018,0.0,False,23,39,33,27
F,20221115_07,71,67,-3.1878224915184545,-3.0325852926022336,-2.642058398445796,-0.1552371989162209,0.0,0.3905268941564377,0.0,False,39,25,38,30
F,20221115_07,72,64,-3.2724197944309394,-3.0618318014071284,-2.7137949437486957,-0.21058799302381104,0.0,0.34803685765843273,0.0,False,32,33,31,32
F,20221115_07,73,72,-3.263671934512338,-3.097805383481063,-2.779865040593585,-0.16586655103127512,0.0,0.3179403428874781,0.0,False,31,35,38,34
F,20221115_07,74,71,-3.22539622583726,-3.135123145035321,-2.7535809141101617,-0.09027308080193874,0.0,0.3815422309251595,0.0,False,41,28,37,32
F,20221115_07,75,70,-3.216031903122626,-3.1095900833327237,-2.6406927541792586,-0.10644181978990241,0.0,0.46889732915346505,0.0,False,37,30,41,28
F,20221115_07,76,72,-3.2559502446501374,-3.139967479796815,-2.8535971146791232,-0.11598276485332226,0.0,0.28637036511769187,0.0,False,32,36,35,40
F,20221115_07,77,73,-3.258769310358956,-3.0883868133958714,-2.829256209144749,-0.1703824969630845,0.0,0.25913060425112233,0.0,False,37,40,29,41
F,20221115_07,78,79,-3.184250893227473,-3.068721219929067,-2.7942819036361524,-0.11552967329840591,0.0,0.2744393162929146,0.0,False,41,40,35,39
F,20221115_07,79,76,-3.1816385143946357,-3.0712062925540695,-2.84547933016119,-0.11043222184056622,0.0,0.22572696239287948,0.0,False,51,32,30,37
F,20221115_07,80,71,-3.216781559905235,-3.1480215283667543,-2.8915543314819705,-0.06876003153848087,0.0,0.2564671968847838,0.0,False,34,24,52,35
F,20221115_07,81,75,-3.2230022851842346,-3.124293452568887,-2.972992349903207,-0.09870883261534757,0.0,0.1513011026656801,0.0,False,35,40,32,44
F,20221115_07,82,73,-3.154602335674844,-3.06388767366493,-2.7987407417791053,-0.09071466200991418,0.0,0.2651469318858246,0.0,False,47,27,29,45
F,20221115_07,83,74,-3.1818338344164316,-3.053541893830542,-2.8766567402669896,-0.12829194058588955,0.0,0.1768851535635525,2.220446049250313e-16,False,45,46,24,36
F,20221115_07,84,70,-3.1643508394034754,-3.042663825760603,-2.8590029159510353,-0.12168701364287227,0.0,0.18366090980956784,2.220446049250313e-16,False,44,40,25,39
F,20221115_07,85,79,-3.1574847355848568,-3.0497847856535216,-2.822388838684473,-0.10769994993133514,0.0,0.22739594696904852,0.0,False,46,39,34,39
F,20221115_07,86,76,-3.124853786725517,-3.039034180440839,-2.6408547043610495,-0.08581960628467789,0.0,0.39817947607978965,2.220446049250313e-16,False,48,35,37,31
F,20221115_07,87,77,-3.13823055035215,-3.023729572093381,-2.854370731097535,-0.11450097825876915,0.0,0.1693588409958462,0.0,False,36,38,37,45
F,20221115_07,88,75,-3.1717371575845723,-3.054778154572954,-2.8350526325507586,-0.1169590030116181,0.0,0.21972552202219564,0.0,False,51,34,31,36
F,20221115_07,89,79,-3.170064583480711,-3.10691484219352,-2.950788695231028,-0.06314974128719086,0.0,0.15612614696249194,0.0,False,41,30,38,43
F,20221115_07,90,78,-3.1752232654931616,-3.070794824098981,-2.9429828246016214,-0.10442844139418073,0.0,0.12781199949735944,0.0,False,36,39,40,40
F,20221115_07,91,77,-3.2118525271748357,-3.078444427290888,-2.8999513344439545,-0.13340809988394753,0.0,0.1784930928469337,0.0,False,33,39,40,42
F,20221115_07,92,76,-3.212663702235931,-3.092304931157206,-2.886224461902228,-0.12035877107872484,0.0,0.20608046925497803,2.220446049250313e-16,False,24,44,46,41
F,20221115_07,93,79,-3.1574015190766347,-3.0550801575785185,-2.871219226128049,-0.10232136149811621,0.0,0.18386093145046933,0.0,False,46,43,25,41
F,20221115_07,94,79,-3.1922282028395697,-3.0819325420750183,-2.9153000269678824,-0.11029566076455133,0.0,0.16663251510713595,0.0,False,41,34,37,42
G,20230310_08,5,78,-3.1520272379639427,-3.0153851953042405,-2.8013191303962364,-0.13664204265970215,0.0,0.21406606490800417,2.220446049250313e-16,False,37,39,39,42
G,20230310_08,6,78,-3.1591634515461524,-3.085080798074764,-2.9554656677695,-0.07408265347138832,0.0,0.12961513030526417,0.0,False,33,37,39,48
G,20230310_08,7,77,-3.127204980660634,-3.0085695584915246,-2.7456808500275645,-0.11863542216910927,0.0,0.2628887084639602,0.0,False,39,41,35,40
G,20230310_08,8,77,-3.1539907758422454,-3.0445991718432017,-2.788095595159606,-0.10939160399904369,0.0,0.2565035766835959,0.0,False,35,36,41,44
G,20230310_08,9,79,-3.0759589507127942,-2.9956729435747973,-2.8799683951265465,-0.08028600713799694,0.0,0.11570454844825084,0.0,False,39,39,41,40
G,20230310_08,10,78,-3.1073302419651547,-3.0546165417352196,-2.9783757244645437,-0.052713700229935156,0.0,0.07624081727067589,2.220446049250313e-16,False,53,28,31,45
G,20230310_08,11,79,-3.0853268470953443,-3.003732419456992,-2.901625911014297,-0.08159442763835223,0.0,0.10210650844269509,0.0,False,57,36,30,31
G,20230310_08,12,80,-3.0715292813637998,-3.009610140673723,-2.9363291080706166,-0.06191914069007698,0.0,0.07328103260310614,2.220446049250313e-16,False,37,34,37,51
G,20230310_08,13,78,-3.1444519470663073,-2.9888883138415,-2.9092136055255184,-0.15556363322480715,0.0,0.07967470831598167,0.0,False,44,49,25,36
G,20230310_08,14,79,-3.1655335598288676,-3.089650531231266,-2.9496773590195113,-0.07588302859760176,0.0,0.13997317221175454,0.0,False,42,28,45,41
G,20230310_08,15,78,-3.126959859723039,-3.027215047399581,-2.9068799271929278,-0.09974481232345767,0.0,0.12033512020665338,2.220446049250313e-16,False,41,39,32,43
G,20230310_08,16,76,-3.1700075180816647,-3.0262733692931874,-2.9451065465884856,-0.14373414878847734,0.0,0.08116682270470177,0.0,False,34,48,32,38
G,20230310_08,17,73,-3.1349477168803954,-3.017768867695758,-2.9367353351773398,-0.11717884918463728,0.0,0.08103353251841838,0.0,False,44,33,27,48
G,20230310_08,18,67,-3.230044610033133,-3.0819503984290413,-2.998299811095391,-0.14809421160409153,0.0,0.08365058733365016,0.0,False,38,27,29,37
G,20230310_08,19,78,-3.1520357514390356,-3.0881123412693254,-3.001893302853562,-0.06392341016971015,0.0,0.08621903841576328,0.0,False,44,28,35,45
G,20230310_08,20,74,-3.188891757768228,-3.013734499886215,-2.8272849069368062,-0.17515725788201308,0.0,0.18644959294940877,0.0,False,38,35,36,33
G,20230310_08,21,77,-3.160609648233839,-3.024204440637861,-2.8913801466178306,-0.13640520759597807,0.0,0.13282429402003038,0.0,False,46,36,38,34
G,20230310_08,22,78,-3.137034694586723,-3.024242684037109,-2.8905325862653273,-0.1127920105496143,0.0,0.13371009777178156,2.220446049250313e-16,False,46,28,34,45
G,20230310_08,23,77,-3.192135648630875,-3.0689192513984485,-2.973699481916434,-0.12321639723242672,0.0,0.09521976948201427,0.0,False,34,34,28,56
G,20230310_08,24,79,-3.1217019493482967,-3.012864401699531,-2.829466399360106,-0.10883754764876574,0.0,0.18339800233942505,0.0,False,53,34,26,38
G,20230310_08,25,79,-3.0942467208915123,-2.9667734056691057,-2.809957775679528,-0.12747331522240657,0.0,0.15681562998957777,0.0,False,47,35,39,33
G,20230310_08,26,76,-3.1329027052405545,-2.9846951913000836,-2.789647312721574,-0.14820751394047083,0.0,0.1950478785785097,0.0,False,47,42,23,31
G,20230310_08,27,74,-3.119779582136056,-2.8878116731547507,-2.732846593192062,-0.23196790898130537,0.0,0.1549650799626887,0.0,False,47,31,31,36
G,20230310_08,28,74,-3.1591063174305765,-3.024585172623806,-2.8431493614324346,-0.13452114480677047,0.0,0.18143581119137142,2.220446049250313e-16,False,39,29,35,34
G,20230310_08,29,72,-3.231615544851316,-2.969665283271358,-2.7542866370037107,-0.26195026157995827,0.0,0.21537864626764724,0.0,False,32,36,33,33
G,20230310_08,30,79,-3.1730624755748833,-2.9994344053991826,-2.7649661462961133,-0.1736280701757007,0.0,0.23446825910306934,0.0,False,41,35,37,33
G,20230310_08,31,70,-3.1889490538560405,-3.0067081365095025,-2.774496327557591,-0.18224091734653802,0.0,0.23221180895191162,0.0,False,37,38,40,32
G,20230310_08,32,70,-3.1497989634657477,-2.982808622630765,-2.8154754184678783,-0.16699034083498265,0.0,0.16733320416288677,2.220446049250313e-16,False,40,37,31,33
G,20230310_08,33,72,-3.2011683498900503,-3.0182565033485873,-2.81288397662512,-0.18291184654146297,0.0,0.20537252672346717,0.0,False,39,43,33,31
G,20230310_08,34,77,-3.1560979985573563,-2.994916108214276,-2.8554079488774216,-0.16118189034308017,0.0,0.13950815933685456,0.0,False,46,39,33,35
G,20230310_08,35,75,-3.1372990879797458,-3.0480316014299484,-2.89916485750114,-0.08926748654979733,0.0,0.14886674392880828,0.0,False,43,35,31,39
G,20230310_08,36,76,-3.1516336999177774,-3.0568238139534913,-2.8965709451825847,-0.09480988596428608,0.0,0.1602528687709066,0.0,False,41,30,42,34
G,20230310_08,37,79,-3.1206742528975724,-3.017417497823613,-2.924866390103414,-0.10325675507395937,0.0,0.09255110772019881,0.0,False,48,35,31,37
G,20230310_08,38,78,-3.174437501929059,-3.0536613634726333,-2.935163216795489,-0.12077613845642565,0.0,0.11849814667714442,0.0,False,38,36,34,39
G,20230310_08,39,79,-3.115658705164167,-3.0140732723575767,-2.9046069273255766,-0.10158543280659016,0.0,0.10946634503200015,0.0,False,51,27,45,34
G,20230310_08,40,78,-3.1483285164796846,-3.0290337570992367,-2.8818587799962985,-0.11929475938044787,0.0,0.14717497710293825,0.0,False,39,41,41,30
G,20230310_08,41,77,-3.143684959893577,-3.053088164814153,-2.9065701121867464,-0.0905967950794242,0.0,0.14651805262740636,0.0,False,44,31,40,40
G,20230310_08,42,79,-3.1851880680583156,-3.054760993038788,-2.947269791483155,-0.13042707501952755,0.0,0.10749120155563308,0.0,False,39,41,35,41
G,20230310_08,43,78,-3.16656142965179,-3.0574638408851973,-2.8946424308902565,-0.10909758876659259,0.0,0.16282140999494077,2.220446049250313e-16,False,41,30,37,45
G,20230310_08,44,72,-3.2248349915561385,-3.1025587814458735,-2.938596283768693,-0.12227621011026502,0.0,0.16396249767718052,0.0,False,34,37,38,35
G,20230310_08,45,75,-3.125656035697909,-3.0422220276287955,-2.938084488701615,-0.08343400806911339,0.0,0.10413753892718036,0.0,False,53,32,34,31
G,20230310_08,46,77,-3.1943033238304266,-3.036514089663876,-2.9339106898806437,-0.15778923416655077,0.0,0.10260339978323207,0.0,False,40,52,33,30
G,20230310_08,47,79,-3.1320988880402707,-3.0197270672506367,-2.9200563086613007,-0.11237182078963404,0.0,0.09967075858933594,0.0,False,49,42,30,30
G,20230310_08,48,78,-3.1472249632281213,-3.019908339062814,-2.9190246981285664,-0.12731662416530742,0.0,0.10088364093424751,0.0,False,39,48,29,33
G,20230310_08,49,69,-3.192137992985299,-3.079116214863795,-2.9001169158618043,-0.11302177812150394,0.0,0.17899929900199085,0.0,False,29,36,44,32
G,20230310_08,50,76,-3.145954287712194,-3.0620393193418582,-2.947187389154953,-0.08391496837033596,0.0,0.1148519301869051,2.220446049250313e-16,False,48,31,35,34
G,20230310_08,51,78,-3.1960375730925836,-3.0971661393134937,-2.9838323732015457,-0.09887143377908991,0.0,0.11333376611194801,2.220446049250313e-16,False,41,32,36,41
G,20230310_08,52,74,-3.161410002798292,-3.0435329389387147,-2.937979465136406,-0.11787706385957719,0.0,0.1055534738023085,0.0,False,45,32,27,32
G,20230310_08,53,78,-3.172757999719131,-3.0657880439130776,-2.925000861772631,-0.10696995580605329,0.0,0.14078718214044672,0.0,False,44,41,41,30
G,20230310_08,54,76,-3.1759716129389766,-3.0830143783482713,-2.945747440061624,-0.09295723459070526,0.0,0.13726693828664738,2.220446049250313e-16,False,43,30,34,47
G,20230310_08,55,80,-3.076827317156148,-2.9680890934599136,-2.8265789400953643,-0.10873822369623465,0.0,0.1415101533645493,2.220446049250313e-16,False,48,49,30,32
G,20230310_08,56,78,-3.1409608091097674,-3.0156293608034694,-2.8804181504126904,-0.12533144830629794,0.0,0.135211210390779,0.0,False,40,38,36,39
G,20230310_08,57,76,-3.179985013088575,-3.0860441490331714,-2.9476633960698595,-0.09394086405540358,0.0,0.13838075296331187,0.0,False,36,38,43,36
G,20230310_08,58,79,-3.1406016832426866,-3.065798237656689,-2.905626438564725,-0.07480344558599761,0.0,0.16017179909196422,0.0,False,48,29,40,35
G,20230310_08,59,76,-3.1563297777128376,-3.016554532975465,-2.9061871054847335,-0.1397752447373728,0.0,0.11036742749073136,0.0,False,39,50,35,27
G,20230310_08,60,74,-3.135918981282547,-3.0390375068222815,-2.882834481265226,-0.09688147446026552,0.0,0.15620302555705567,0.0,False,42,35,39,35
G,20230310_08,61,78,-3.1221270431131583,-3.056727660076649,-2.942566670092246,-0.06539938303650938,0.0,0.11416098998440294,2.220446049250313e-16,False,37,33,42,43
G,20230310_08,62,77,-3.105948684026591,-2.9916694693222854,-2.8276732589473914,-0.11427921470430569,0.0,0.16399621037489398,0.0,False,48,45,32,30
G,20230310_08,63,79,-3.16599600568804,-3.0540882515777588,-2.9008119641124672,-0.11190775411028131,0.0,0.15327628746529154,0.0,False,42,36,40,35
G,20230310_08,64,80,-3.1984135648701195,-3.0852167987500096,-2.9294497046177357,-0.11319676612010987,0.0,0.15576709413227396,0.0,False,38,34,45,41
G,20230310_08,65,79,-3.1623574550931783,-3.0580162505720137,-2.866087201610438,-0.10434120452116469,0.0,0.1919290489615757,0.0,False,45,33,47,32
G,20230310_08,66,73,-3.1587138489274498,-3.0840404116167104,-2.9993924102605813,-0.07467343731073939,0.0,0.08464800135612904,0.0,False,43,35,31,39
G,20230310_08,67,78,-3.0916926870625847,-3.0164564779238114,-2.8845473823794734,-0.07523620913877327,0.0,0.13190909554433805,0.0,False,49,31,42,35
G,20230310_08,68,80,-3.1207628782034664,-3.0476448058969132,-2.930333072265382,-0.0731180723065532,0.0,0.11731173363153102,0.0,False,53,32,39,34
G,20230310_08,69,77,-3.1402895322283886,-3.0710962886303896,-2.8888136931473767,-0.06919324359799894,0.0,0.18228259548301295,0.0,False,32,34,49,40
G,20230310_08,70,73,-3.1819539831275416,-3.071794757605134,-2.928197093586572,-0.11015922552240776,0.0,0.14359766401856167,0.0,False,32,40,39,41
G,20230310_08,71,78,-3.1075840628007465,-2.9963942938384704,-2.916584657136398,-0.11118976896227606,0.0,0.07980963670207242,0.0,False,44,41,26,43
G,20230310_08,72,72,-3.254383531664598,-3.1381359054082894,-3.047565773928947,-0.11624762625630858,0.0,0.09057013147934256,0.0,False,33,32,27,50
G,20230310_08,73,72,-3.2021295577776616,-3.1155876509582985,-2.9939587624820403,-0.08654190681936313,0.0,0.12162888847625819,2.220446049250313e-16,False,48,30,28,38
G,20230310_08,74,74,-3.235870550859267,-3.105223657815978,-2.9654938182475963,-0.1306468930432887,0.0,0.13972983956838192,2.220446049250313e-16,False,34,41,35,42
G,20230310_08,75,75,-3.216017228121703,-3.1082265173704986,-2.974955381089699,-0.10779071075120461,0.0,0.13327113628079967,0.0,False,30,39,38,40
G,20230310_08,76,80,-3.033670343514323,-2.9315720730635006,-2.791951947524297,-0.10209827045082243,0.0,0.13962012553920378,0.0,False,54,38,30,35
G,20230310_08,77,79,-3.1376736920926427,-3.0171042899680383,-2.8936762998656773,-0.12056940212460443,0.0,0.12342799010236094,0.0,False,41,40,40,35
G,20230310_08,78,76,-3.1507085967769655,-3.0691032080900618,-2.9302832009247366,-0.0816053886869037,0.0,0.13882000716532517,0.0,False,44,35,33,38
G,20230310_08,79,79,-3.159719676665447,-3.013337299701359,-2.891682998021822,-0.14638237696408796,0.0,0.12165430167953728,0.0,False,36,49,41,29
G,20230310_08,80,80,-3.1482274476348486,-3.0767402518354636,-2.9813348425229904,-0.071487195799385,0.0,0.09540540931247321,2.220446049250313e-16,False,44,35,43,33
G,20230310_08,81,79,-3.066256451261507,-2.9576875703776144,-2.8700449926970046,-0.1085688808838925,0.0,0.08764257768060979,0.0,False,42,40,36,40
G,20230310_08,82,79,-3.11304696238388,-3.049355548734112,-2.9691436634474155,-0.06369141364976771,0.0,0.08021188528669665,0.0,False,54,29,35,39
G,20230310_08,83,80,-3.1142201121950706,-3.043039180225138,-2.9628746295422586,-0.07118093196993236,0.0,0.08016455068287964,2.220446049250313e-16,False,37,40,38,45
G,20230310_08,84,75,-3.12934924111451,-3.0719975614293302,-3.0074621514481805,-0.057351679685179846,0.0,0.0645354099811497,0.0,False,45,32,27,46
G,20230310_08,85,79,-3.1523311525571147,-3.0378859050262643,-2.9678398504079464,-0.11444524753085039,0.0,0.07004605461831792,0.0,False,42,35,34,44
G,20230310_08,86,80,-3.220785213864053,-3.0974010960942975,-2.939452565510368,-0.12338411776975544,0.0,0.15794853058392944,0.0,False,33,47,47,29
G,20230310_08,87,76,-3.163187785638795,-3.090044365747039,-2.9509312584452108,-0.07314341989175599,0.0,0.13911310730182835,0.0,False,41,35,45,33
G,20230310_08,88,79,-3.1271141622828535,-2.9809026220246286,-2.848817142097496,-0.14621154025822491,0.0,0.1320854799271327,0.0,False,39,38,33,45
G,20230310_08,89,79,-3.1955793211792294,-3.0765506201194963,-2.94850324908331,-0.11902870105973307,0.0,0.12804737103618624,0.0,False,45,35,28,43
G,20230310_08,90,76,-3.110773018601586,-3.0151848352639927,-2.867164279823283,-0.09558818333759334,0.0,0.1480205554407097,0.0,False,61,26,32,32
G,20230310_08,91,80,-3.1096188739243527,-3.052534471523879,-2.951785061091424,-0.05708440240047352,0.0,0.10074941043245511,0.0,False,39,28,33,58
G,20230310_08,92,79,-3.069183200421997,-2.9584639356775,-2.872371198143396,-0.110719264744497,0.0,0.08609273753410385,0.0,False,45,39,39,35
G,20230310_08,93,75,-3.119230146914198,-3.0238076717599336,-2.926708447186244,-0.0954224751542645,0.0,0.09709922457368947,0.0,False,41,38,39,36
G,20230310_08,94,77,-3.118235590148014,-3.0166561382061894,-2.9439098377940307,-0.1015794519418245,0.0,0.07274630041215868,0.0,False,31,39,32,53
H,20221115_09,5,37,-3.136634364467596,-2.8850355941948758,-2.801747243998124,-0.25159877027272026,0.0,0.08328835019675163,0.0,False,12,21,16,18
H,20221115_09,6,21,-2.9177609186482854,-2.7415315009450367,-2.460005213058888,-0.17622941770324863,0.0,0.28152628788614864,0.0,False,10,6,11,14
H,20221115_09,7,35,-2.9030775388107606,-2.7395105238104285,-2.6506649868941077,-0.1635670150003321,0.0,0.0888455369163208,0.0,False,14,12,14,23
H,20221115_09,8,32,-3.0111194524014255,-2.885338713702152,-2.815393589198275,-0.12578073869927353,0.0,0.06994512450387713,0.0,False,16,16,16,21
H,20221115_09,9,35,-3.0446411537526994,-2.89265175156409,-2.7841220276786567,-0.15198940218860946,0.0,0.10852972388543325,0.0,False,19,12,18,17
H,20221115_09,10,24,-2.9508772728438846,-2.7379771168005265,-2.6269647639357268,-0.2129001560433581,0.0,0.11101235286479971,2.220446049250313e-16,False,9,15,11,12
H,20221115_09,11,25,-2.7924753463111336,-2.665343147135088,-2.578693813233728,-0.12713219917604546,0.0,0.08664933390136031,0.0,False,11,8,10,20
H,20221115_09,12,31,-3.0868820532786208,-2.9386109558885414,-2.823666403444423,-0.14827109739007938,0.0,0.11494455244411839,0.0,False,11,14,11,14
H,20221115_09,13,27,-2.936425053609688,-2.73678855851575,-2.6051644699950054,-0.19963649509393822,0.0,0.13162408852074448,0.0,False,11,15,17,12
H,20221115_09,14,22,-2.8867568630786575,-2.703348278791359,-2.5589590074532405,-0.18340858428729856,0.0,0.14438927133811852,2.220446049250313e-16,False,13,14,8,6
H,20221115_09,15,14,-2.648163666386492,-2.4561626119116147,-2.3401978731319755,-0.19200105447487736,0.0,0.1159647387796392,0.0,False,31,6,3,4
H,20221115_09,16,15,-2.802234829710801,-2.6555762383535124,-2.4845538915507452,-0.14665859135728843,0.0,0.17102234680276718,0.0,False,18,13,8,4
H,20221115_09,17,35,-2.887025816450663,-2.728229707171456,-2.6590902337329414,-0.15879610927920718,0.0,0.06913947343851445,0.0,False,20,17,14,21
H,20221115_09,18,43,-3.012984373177568,-2.700162791801917,-2.5930479823915062,-0.31282158137565075,0.0,0.10711480941041085,0.0,False,18,19,19,17
H,20221115_09,19,12,-2.874926659692502,-2.6739039475838045,-2.54794515114924,-0.20102271210869738,0.0,0.1259587964345643,0.0,False,12,11,11,15
H,20221115_09,20,40,-2.9225371953813273,-2.7784610680177813,-2.6812189822440455,-0.14407612736354602,0.0,0.09724208577373572,0.0,False,17,22,19,20
H,20221115_09,21,26,-2.9797764311907105,-2.7851831073642597,-2.632051610715887,-0.19459332382645078,0.0,0.15313149664837278,0.0,False,11,10,10,16
H,20221115_09,22,31,-2.9344168045472054,-2.845275807908414,-2.7378398689490124,-0.08914099663879149,0.0,0.10743593895940151,0.0,False,15,13,17,16
H,20221115_09,23,17,-3.0228813482280343,-2.931555818554185,-2.8509609980947856,-0.09132552967384955,0.0,0.08059482045939914,0.0,False,9,4,5,22
H,20221115_09,24,16,-2.9919274332317674,-2.8464530035908773,-2.77624349512348,-0.14547442964089008,0.0,0.07020950846739726,2.220446049250313e-16,False,9,7,5,16
H,20221115_09,25,32,-2.8729415305067847,-2.7126745345892527,-2.5925172266230065,-0.16026699591753202,0.0,0.12015730796624613,2.220446049250313e-16,False,15,13,13,14
H,20221115_09,26,22,-3.123580351755642,-2.735493699888675,-2.555319508171096,-0.388086651866967,0.0,0.18017419171757876,2.220446049250313e-16,False,13,9,23,13
H,20221115_09,27,36,-2.9367937469793137,-2.686736377415924,-2.6191884989427514,-0.25005736956338964,0.0,0.06754787847317267,0.0,False,21,17,14,18
H,20221115_09,28,37,-2.7594153535430497,-2.7104483944455007,-2.665966621482232,-0.048966959097549,0.0,0.04448177296326872,0.0,False,21,12,10,16
H,20221115_09,29,34,-2.861944788268343,-2.762825616552108,-2.669975585541448,-0.09911917171623497,0.0,0.0928500310106597,0.0,False,18,13,12,22
H,20221115_09,30,41,-2.9210561449632,-2.734151853035173,-2.6338551543227653,-0.18690429192802727,0.0,0.10029669871240765,0.0,False,19,21,18,27
H,20221115_09,31,38,-2.849156026163458,-2.666858346984484,-2.556522972517524,-0.18229767917897366,0.0,0.11033537446696018,2.220446049250313e-16,False,14,10,13,15
H,20221115_09,32,31,-2.911983371800132,-2.743750657446638,-2.65940886782035,-0.16823271435349385,0.0,0.08434178962628813,0.0,False,14,14,12,22
H,20221115_09,33,43,-2.7762262674455362,-2.622984769382358,-2.495329131073081,-0.15324149806317822,0.0,0.12765563830927684,0.0,False,25,17,25,18
H,20221115_09,34,41,-2.8202288842039933,-2.6230221806420047,-2.543241872055721,-0.19720670356198866,0.0,0.0797803085862836,0.0,False,22,23,20,21
H,20221115_09,35,31,-2.803303188847506,-2.7071135166829974,-2.5461790778110296,-0.0961896721645088,0.0,0.1609344388719678,0.0,False,17,18,17,13
H,20221115_09,36,42,-2.925704334910864,-2.8271683721812435,-2.679329341591347,-0.09853596272962051,0.0,0.14783903058989667,0.0,False,21,15,24,25
H,20221115_09,37,36,-2.88814544997422,-2.751292823447279,-2.660363145889457,-0.13685262652694075,0.0,0.09092967755782189,0.0,False,22,13,14,11
H,20221115_09,38,22,-2.8971939806900493,-2.7775912433512113,-2.6798234242168633,-0.11960273733883797,0.0,0.09776781913434807,2.220446049250313e-16,False,25,11,16,11
H,20221115_09,39,25,-2.762956552510224,-2.594341142304176,-2.484128264183083,-0.1686154102060482,0.0,0.11021287812109293,0.0,False,17,17,14,11
H,20221115_09,40,35,-2.9128442573247835,-2.629825626700306,-2.5290375203358977,-0.2830186306244773,0.0,0.10078810636440849,0.0,False,18,26,18,13
H,20221115_09,41,37,-2.7864720766415347,-2.6300733389537787,-2.5610037859567667,-0.15639873768775603,0.0,0.06906955299701201,0.0,False,24,12,12,30
H,20221115_09,42,29,-2.70879122513381,-2.5603526361553803,-2.475346765265372,-0.14843858897842965,0.0,0.08500587089000833,0.0,False,16,22,14,22
H,20221115_09,43,40,-2.808536161833189,-2.585140675841541,-2.475757974679926,-0.22339548599164827,0.0,0.10938270116161508,0.0,False,17,25,23,15
H,20221115_09,44,22,-2.83619706749329,-2.667338247534898,-2.59427190783711,-0.16885881995839203,0.0,0.07306633969778797,0.0,False,16,19,13,11
H,20221115_09,45,42,-3.0061283029819568,-2.764777184594458,-2.658514347532189,-0.2413511183874988,0.0,0.10626283706226891,0.0,False,16,20,21,27
H,20221115_09,46,46,-2.7721857980220697,-2.6806621172949407,-2.6284026581656468,-0.09152368072712891,0.0,0.05225945912929397,0.0,False,35,20,18,18
H,20221115_09,47,46,-2.895283437477724,-2.7336006050847157,-2.571275753813971,-0.16168283239300818,0.0,0.16232485127074447,0.0,False,23,24,21,15
H,20221115_09,48,47,-2.9691598789892355,-2.7745413093766613,-2.698776651766858,-0.19461856961257418,0.0,0.07576465760980344,0.0,False,16,14,14,21
H,20221115_09,49,37,-2.828457085713604,-2.7184671121616213,-2.6210257294551944,-0.1099899735519827,0.0,0.09744138270642688,0.0,False,25,15,22,23
H,20221115_09,50,23,-2.7320041529053434,-2.575296731229965,-2.4420388715053165,-0.15670742167537854,0.0,0.13325785972464832,0.0,False,18,13,24,8
H,20221115_09,51,41,-3.1051664979629963,-2.740907910855781,-2.574670479804653,-0.36425858710721526,0.0,0.16623743105112787,0.0,False,13,20,29,24
H,20221115_09,52,34,-2.727279533930306,-2.63341427332538,-2.5657654643820846,-0.09386526060492617,0.0,0.06764880894329517,0.0,False,11,10,8,16
H,20221115_09,53,41,-2.7418780109721754,-2.5939250224567103,-2.5311487442965968,-0.14795298851546512,0.0,0.06277627816011355,0.0,False,15,25,18,18
H,20221115_09,54,41,-2.710134824721275,-2.64028569651047,-2.5871715338600985,-0.06984912821080469,0.0,0.05311416265037172,0.0,False,26,18,14,23
H,20221115_09,55,40,-2.8279774180327473,-2.7206762339193276,-2.628831224392355,-0.10730118411341971,0.0,0.09184500952697272,0.0,False,18,20,17,21
H,20221115_09,56,37,-2.907157091930885,-2.785391484480291,-2.6638947133390967,-0.12176560745059373,0.0,0.1214967711411945,0.0,False,16,11,13,20
H,20221115_09,57,27,-2.788474097836115,-2.645149980871889,-2.5511622473583246,-0.1433241169642261,0.0,0.09398773351356438,0.0,False,13,8,11,15
H,20221115_09,58,44,-2.744794794184221,-2.5193643946896698,-2.4297132809695965,-0.22543039949455101,0.0,0.08965111372007328,2.220446049250313e-16,False,20,28,24,12
H,20221115_09,59,32,-2.7530622510375924,-2.619433179475517,-2.5780793266961446,-0.13362907156207537,0.0,0.041353852779372424,0.0,False,27,19,12,15
H,20221115_09,60,32,-2.6425144128295566,-2.526321709472975,-2.4697780167429846,-0.11619270335658172,0.0,0.05654369272999027,2.220446049250313e-16,False,33,24,11,11
H,20221115_09,61,38,-2.8095259809086075,-2.5140943608121757,-2.4326634073914533,-0.29543162009643176,0.0,0.08143095342072248,2.220446049250313e-16,False,20,25,16,12
H,20221115_09,62,32,-2.7923903000589414,-2.6327785469925473,-2.5542159110916245,-0.15961175306639408,0.0,0.07856263590092283,2.220446049250313e-16,False,14,24,12,12
H,20221115_09,63,29,-2.882427028544388,-2.731607688064851,-2.583121043240502,-0.15081934047953682,0.0,0.14848664482434915,0.0,False,13,10,11,22
H,20221115_09,64,16,-2.7935343625854534,-2.577032981466137,-2.310603702039873,-0.2165013811193166,0.0,0.26642927942626393,0.0,False,9,7,12,4
H,20221115_09,65,30,-2.7901720101537113,-2.7039679805540455,-2.633217536922978,-0.08620402959966578,0.0,0.0707504436310673,2.220446049250313e-16,False,15,12,13,12
H,20221115_09,66,23,-2.8653003072757413,-2.7627444691609915,-2.6872885973672602,-0.10255583811474978,0.0,0.07545587179373126,0.0,False,20,13,13,14
H,20221115_09,67,35,-2.8905567508711214,-2.681385365875156,-2.5999840985614675,-0.20917138499596533,0.0,0.08140126731368857,0.0,False,19,24,11,9
H,20221115_09,68,19,-3.0704623445110286,-2.872519590817807,-2.7666473675233716,-0.19794275369322145,0.0,0.10587222329443557,0.0,False,10,7,19,19
H,20221115_09,69,7,-3.0834701280550494,-2.901749862417384,-2.8061452720424347,-0.18172026563766552,0.0,0.09560459037494917,0.0,False,2,1,3,3
H,20221115_09,70,6,-3.3182479505493996,-3.2793797765286863,-3.1069993083568708,-0.0388681740207133,0.0,0.17238046817181552,2.220446049250313e-16,False,4,2,1,5
H,20221115_09,71,15,-2.951972131035285,-2.826381438672263,-2.7917362759636997,-0.1255906923630219,0.0,0.034645162708563326,0.0,False,11,8,4,6
H,20221115_09,72,18,-3.1738116854673697,-2.9805827223597148,-2.90679497091745,-0.19322896310765492,0.0,0.07378775144226468,0.0,False,10,6,4,24
H,20221115_09,73,13,-3.0079508520874687,-2.881517743227898,-2.835135847274618,-0.1264331088595707,0.0,0.046381895953279795,0.0,False,11,13,5,11
H,20221115_09,74,36,-2.979979541126057,-2.808894302642464,-2.7280712809935963,-0.17108523848359303,0.0,0.08082302164886768,0.0,False,15,32,14,11
H,20221115_09,75,29,-2.9981980233080514,-2.8651007173607885,-2.79128974489935,-0.13309730594726288,0.0,0.07381097246143842,0.0,False,11,12,14,11
H,20221115_09,76,22,-2.9196996932123764,-2.7949828928095006,-2.734401491438325,-0.1247168004028758,0.0,0.06058140137117585,0.0,False,12,11,11,13
H,20221115_09,77,18,-2.9596286074871543,-2.8635307036631445,-2.761649667756954,-0.09609790382400973,0.0,0.10188103590619058,0.0,False,12,9,18,11
H,20221115_09,78,35,-2.952355533800029,-2.8814237229683437,-2.7567142725665317,-0.0709318108316852,0.0,0.12470945040181203,0.0,False,18,14,18,13
H,20221115_09,79,31,-3.1742377934068315,-2.9622159169498685,-2.8548109603425997,-0.21202187645696302,0.0,0.10740495660726879,0.0,False,10,13,11,15
H,20221115_09,80,31,-3.0309218912727998,-2.8713796165497074,-2.7970903421096507,-0.15954227472309235,0.0,0.07428927444005673,0.0,False,14,20,13,15
H,20221115_09,81,22,-3.1065784448534557,-2.87818967994552,-2.7929654840858973,-0.22838876490793547,0.0,0.08522419585962293,2.220446049250313e-16,False,9,14,9,14
H,20221115_09,82,26,-3.069674243793145,-2.9336698742574727,-2.8789526949361015,-0.13600436953567208,0.0,0.05471717932137121,2.220446049250313e-16,False,11,13,7,24
H,20221115_09,83,30,-2.9100782581040603,-2.842549013243713,-2.7632251219173374,-0.0675292448603475,0.0,0.0793238913263754,2.220446049250313e-16,False,19,11,19,15
H,20221115_09,84,33,-2.9938158521024145,-2.893098607443985,-2.764552773210303,-0.10071724465842946,0.0,0.12854583423368204,0.0,False,13,13,16,17
H,20221115_09,85,26,-2.987647441719491,-2.8677948932492314,-2.7984129004231595,-0.11985254847025972,0.0,0.06938199282607194,0.0,False,14,10,14,14
H,20221115_09,86,20,-3.127483211088026,-2.9437951026913334,-2.8392125015394933,-0.18368810839669258,0.0,0.10458260115184004,2.220446049250313e-16,False,11,10,13,22
H,20221115_09,87,22,-3.0577077291991346,-2.9175617362415496,-2.860471646448651,-0.140145992957585,0.0,0.057090089792898535,2.220446049250313e-16,False,10,9,8,22
H,20221115_09,88,26,-2.9067933471553817,-2.787780272003686,-2.7420728971997104,-0.11901307515169579,0.0,0.045707374803975576,2.220446049250313e-16,False,17,13,16,11
H,20221115_09,89,30,-2.9570574467190833,-2.854814777629371,-2.7974835773788076,-0.10224266908971247,0.0,0.05733120025056326,2.220446049250313e-16,False,21,15,15,19
H,20221115_09,90,38,-2.898610379680805,-2.7991516695294214,-2.692553384121861,-0.09945871015138374,0.0,0.10659828540756022,2.220446049250313e-16,False,22,18,19,17
H,20221115_09,91,36,-2.9659691438452347,-2.8550085038212387,-2.792182951684133,-0.11096064002399597,0.0,0.0628255521371055,2.220446049250313e-16,False,17,16,14,20
H,20221115_09,92,29,-2.94159952513298,-2.81586226148085,-2.7329863769638987,-0.1257372636521299,0.0,0.08287588451695127,0.0,False,18,14,12,16
H,20221115_09,93,31,-3.0235339288531513,-2.8618953286580107,-2.8039208325806104,-0.16163860019514065,0.0,0.05797449607740024,0.0,False,14,19,12,12
H,20221115_09,94,34,-3.0121291952691855,-2.893820623079998,-2.7983493804754103,-0.11830857218918744,0.0,0.09547124260458784,2.220446049250313e-16,False,12,16,20,16
