panel,fish,trial,baseline_timepoint_count,baseline_distinct_bouts,p10,p50,p90,C_scale,D_scale
F,20221115_07,5,2793,19,-2.881981908010104,-2.1679855184164354,-2.038938997424172,0.42152145529296603,0.7139963895936687
F,20221115_07,6,3673,16,-3.0154001209804893,-2.1059920294396655,-1.991783876386264,0.5118081222971126,0.9094080915408238
F,20221115_07,7,2799,21,-3.07385543775844,-2.0261579066225313,-1.9740198683182975,0.5499177847200714,1.047697531135909
F,20221115_07,8,2368,17,-2.9320552717977395,-2.0156846273821354,-1.9288883095106528,0.5015834811435433,0.9163706444156041
F,20221115_07,9,2520,25,-3.011895819703417,-2.170461261850563,-2.038750893823318,0.48657246294004963,0.8414345578528541
F,20221115_07,10,2316,17,-3.0011170001871443,-2.1127531835384694,-1.9745809830766947,0.5132680085552248,0.8883638166486749
F,20221115_07,11,2131,17,-3.119406642285429,-2.368887433298849,-2.20931149012503,0.4550475760801995,0.7505192089865798
F,20221115_07,12,3179,21,-2.9895564019108463,-2.015876247977743,-1.938750055661235,0.5254031731248057,0.9736801539331035
F,20221115_07,13,2955,14,-3.125287000540222,-2.004455183107082,-1.9769518771098846,0.5741675617151686,1.1208318174331398
F,20221115_07,14,4604,32,-3.0514640744119106,-2.137221950258782,-2.076137853396384,0.48766311050776334,0.9142421241531284
F,20221115_07,15,4548,39,-2.97194798719884,-2.4554766742409777,-2.1374249446001614,0.41726152129933936,0.5164713129578624
F,20221115_07,16,4051,25,-3.2035463461334674,-2.1514749352306195,-2.08505702478234,0.5592446606755637,1.052071410902848
F,20221115_07,17,3203,18,-2.4017911509196237,-2.207171492517251,-2.139079304352492,0.13135592328356593,0.1946196584023725
F,20221115_07,18,2823,19,-3.125902568884695,-2.25488202033479,-2.121270467053012,0.5023160509158415,0.8710205485499047
F,20221115_07,19,3541,19,-2.372101420686781,-2.2821383462339426,-2.2153427632539255,0.07837932871642783,0.08996307445283858
F,20221115_07,20,3577,14,-2.5405045881780044,-2.2348228496836997,-2.080684531243409,0.2299100284672977,0.3056817384943047
F,20221115_07,21,3188,22,-3.034151099050616,-2.3221528915358243,-2.2206417958511797,0.40675465159971824,0.7119982075147919
F,20221115_07,22,3872,22,-2.4533276611581973,-2.2194203145138776,-2.1448222930311087,0.1542526840635443,0.23390734664431978
F,20221115_07,23,3949,23,-2.778979928974248,-2.350830039933212,-2.2383250022717807,0.2703274633512336,0.4281498890410358
F,20221115_07,24,3318,23,-2.4999422511216043,-2.3707196972474147,-2.2698249887545154,0.11505863118354442,0.12922255387418957
F,20221115_07,25,4422,22,-2.4630155581491673,-2.3099341847432697,-2.2181160992025077,0.12244972947332977,0.15308137340589756
F,20221115_07,26,3947,24,-2.9848754159966244,-2.264540296841517,-2.175239156908985,0.4048181295438198,0.7203351191551075
F,20221115_07,27,3614,32,-3.1133679033377257,-2.3147052274868583,-2.2170963356956213,0.44813578382105224,0.7986626758508675
F,20221115_07,28,3769,18,-2.5105611136685777,-2.2784341310086385,-2.215936341514763,0.14731238607690744,0.23212698265993925
F,20221115_07,29,4169,27,-3.010001332104671,-2.4739116356031046,-2.310635759252322,0.34968278642617445,0.5360896965015662
F,20221115_07,30,4105,28,-2.9857312471904134,-2.3721579646930735,-2.1915570498525128,0.3970870986689503,0.6135732824973399
F,20221115_07,31,4018,25,-2.4305442922902487,-2.279665490594358,-2.1573965471627257,0.13657387256376152,0.15087880169589063
F,20221115_07,32,3629,32,-3.09982207085809,-2.3971950773584942,-2.291685942243215,0.40406806430743747,0.7026269934995959
F,20221115_07,33,3392,30,-2.867481811054114,-2.4709569559637483,-2.2989480056493083,0.28426690270240274,0.3965248550903655
F,20221115_07,34,3757,33,-3.044104316624165,-2.3681951007270947,-2.205646325185986,0.41922899571908956,0.6759092158970703
F,20221115_07,35,3861,30,-3.0420810153288276,-2.351081909429822,-2.1281133614992385,0.45698382691479456,0.6909991058990057
F,20221115_07,36,3443,30,-3.1080339095330274,-2.25710343591399,-2.181611306369483,0.46321130158177226,0.8509304736190373
F,20221115_07,37,3211,31,-2.9111675066512426,-2.5592807201263414,-2.3599946721672547,0.27558641724199395,0.35188678652490113
F,20221115_07,38,3438,28,-2.6687673285751146,-2.381735033604562,-2.213692347908856,0.2275374903331293,0.2870322949705524
F,20221115_07,39,4239,32,-3.1378855912865484,-2.4198282417779104,-2.3159797847621535,0.41095290326219747,0.718057349508638
F,20221115_07,40,4135,28,-2.9614010832551427,-2.4085233108750685,-2.238720775823505,0.36134015371581896,0.5528777723800742
F,20221115_07,41,3343,35,-3.024178516931099,-2.5363499569010513,-2.3304054140146127,0.3468865514582431,0.4878285600300476
F,20221115_07,42,3890,30,-3.026590158611764,-2.379435201601785,-2.1774662502662485,0.42456195417275766,0.6471549570099788
F,20221115_07,43,3995,26,-2.7986030804461537,-2.3300899414217864,-2.260418523412082,0.26909227851703577,0.4685131390243673
F,20221115_07,44,3684,34,-3.0710847599090636,-2.488325135219119,-2.365589638541157,0.3527475606839534,0.5827596246899445
F,20221115_07,45,4265,40,-3.1251207922584974,-2.3665319108754113,-2.2330437774591116,0.44603850739969286,0.7585888813830861
F,20221115_07,46,4023,25,-2.642934460037223,-2.4274971915675696,-2.2927499692883804,0.17509224537442125,0.21543726846965328
F,20221115_07,47,4129,34,-3.147501367333348,-2.5513548830939707,-2.3828689040092037,0.38231623166207207,0.5961464842393771
F,20221115_07,48,3788,33,-3.1054718747700107,-2.610847076572249,-2.4403887798150197,0.33254154747749554,0.4946247981977616
F,20221115_07,49,3975,31,-2.866600316056669,-2.4886770541518404,-2.290250831065987,0.2881747424953409,0.3779232619048285
F,20221115_07,50,4312,30,-2.9675761001769185,-2.4154459084890507,-2.320198995082329,0.3236885525472948,0.5521301916878678
F,20221115_07,51,4625,41,-3.121498494916493,-2.545982298255342,-2.3534776693584982,0.3840104127789974,0.5755161966611508
F,20221115_07,52,4298,27,-2.7321983667103016,-2.426333911162636,-2.274921751938451,0.22863830738592528,0.3058644555476655
F,20221115_07,53,4434,31,-3.0226078516105908,-2.478933299402337,-2.322657696768614,0.34997507742098843,0.5436745522082536
F,20221115_07,54,2965,27,-3.0870787073058343,-2.3287548449343056,-2.1847994997252598,0.4511396037902873,0.7583238623715287
F,20221115_07,55,4621,38,-3.0465541412007817,-2.4188124306968684,-2.269953815554243,0.3883001628232694,0.6277417105039134
F,20221115_07,56,5053,34,-2.9685277426123164,-2.3818023398143606,-2.288273338843023,0.3401272018846466,0.5867254027979558
F,20221115_07,57,4301,32,-3.0889302113740564,-2.48695201792304,-2.3090080054620463,0.38996110295600506,0.6019781934510164
F,20221115_07,58,4046,33,-2.988962800014583,-2.5422931390461594,-2.39970772631003,0.2946275368522764,0.44666966096842353
F,20221115_07,59,4283,29,-3.0257021524806103,-2.4531021577600955,-2.3370471563247306,0.34432749807793983,0.5725999947205147
F,20221115_07,60,4122,33,-3.052031973920674,-2.435440096582122,-2.253379301557365,0.39932633618165436,0.6165918773385517
F,20221115_07,61,4468,25,-2.831891641902727,-2.3968382977472387,-2.2600749706430108,0.2859083356298582,0.43505334415548846
F,20221115_07,62,4157,30,-3.1343429872067397,-2.513980073124461,-2.3973874808727524,0.3684777531669936,0.6203629140822788
F,20221115_07,63,3496,22,-2.5194897035680706,-2.383611510679443,-2.2670855058889345,0.126202098839568,0.13587819288862768
F,20221115_07,64,4023,24,-2.9115115255074833,-2.448177036742634,-2.305651894643062,0.30292981543221065,0.4633344887648492
F,20221115_07,65,3419,30,-3.145228541266656,-2.3466661602540775,-2.1542112633013586,0.49550863898264863,0.7985623810125784
F,20221115_07,66,4856,36,-3.039922250425551,-2.4112445325210974,-2.154041071976761,0.44294058922439516,0.6286777179044538
F,20221115_07,67,5937,47,-3.049507362089788,-2.3930578459489897,-2.239909855429984,0.404798753329902,0.6564495161407984
F,20221115_07,68,4570,36,-3.1200850502305117,-2.4364915535715572,-2.229859983610683,0.4451125333099144,0.6835934966589545
F,20221115_07,69,5174,36,-3.041069257388412,-2.265666666639242,-2.177184905732571,0.4319421758279205,0.7754025907491702
F,20221115_07,70,4118,33,-3.164637607064666,-2.3053016983765713,-2.1336069244286704,0.5155153413179978,0.8593359086880947
F,20221115_07,71,5198,44,-2.9988400701563824,-2.4625321229294546,-2.2389478698758114,0.3799461001402855,0.5363079472269279
F,20221115_07,72,4312,37,-3.146830512462799,-2.536641558841198,-2.279023047053903,0.43390373270444793,0.6101889536216007
F,20221115_07,73,4878,48,-3.1154961285926692,-2.571648166301856,-2.3695409342947356,0.37297759714896683,0.5438479622908132
F,20221115_07,74,5232,50,-3.0368665361896072,-2.7553547496836033,-2.2216247966965716,0.4076208697465178,0.5337299529870316
F,20221115_07,75,4960,45,-3.128420841254945,-2.5730911935150185,-2.1745264351087186,0.4769472030731132,0.5553296477399265
F,20221115_07,76,5047,58,-3.090571653680969,-2.812573367725658,-2.3057931753761807,0.3923892391523942,0.5067801923494772
F,20221115_07,77,5373,56,-3.0706845236167744,-2.8503787704532506,-2.3819212268535472,0.34438164838161356,0.4684575435997034
F,20221115_07,78,6332,54,-3.007432689954152,-2.712691034972662,-2.2873551220767885,0.36003878393868183,0.4253359128958736
F,20221115_07,79,6170,54,-3.0125865439988955,-2.8399930498887076,-2.2427726816992175,0.384906931149839,0.5972203681894901
F,20221115_07,80,5509,49,-3.0478548871897866,-2.783807975814913,-2.287202471721856,0.3803262077339653,0.4966055040930568
F,20221115_07,81,6197,50,-3.057683353364385,-2.792785589191789,-2.1567715343050287,0.45045590952967807,0.6360140548867603
F,20221115_07,82,6380,45,-2.9590478883867726,-2.733757119458705,-2.2658833090292396,0.3465822896787665,0.4678738104294653
F,20221115_07,83,5799,54,-3.0147668567594956,-2.776614329494061,-2.459676471149792,0.2775451928048518,0.3169378583442688
F,20221115_07,84,5317,49,-2.923954693803939,-2.7259426097819235,-2.4888724517316283,0.2175411210361553,0.2370701580502952
F,20221115_07,85,6689,54,-2.9944999921183637,-2.806116950983181,-2.210309761320324,0.39209511539901976,0.5958071896628567
F,20221115_07,86,6698,57,-3.007773103965471,-2.752367980137303,-2.223002128867152,0.3923854875491595,0.5293658512701507
F,20221115_07,87,7819,57,-2.9454061070780084,-2.693453074027107,-2.4357179551521155,0.25484407596294645,0.25773511887499145
F,20221115_07,88,6359,58,-2.9796842893709763,-2.8461907209780106,-2.104814702767077,0.43743479330194956,0.7413760182109335
F,20221115_07,89,6590,57,-3.000214150862352,-2.794472595714808,-2.4021942916804293,0.2990099295909614,0.3922783040343787
F,20221115_07,90,6531,52,-2.986013038563104,-2.7890282483725466,-2.460578975208174,0.26271703167746496,0.32844927316437245
F,20221115_07,91,6164,53,-3.021654350655767,-2.758520599796954,-2.422251937628527,0.29970120651362,0.3362686621684272
F,20221115_07,92,6630,48,-3.021177939679359,-2.7308600411676482,-2.3192487832244586,0.3509645782274502,0.41161125794318965
F,20221115_07,93,6633,57,-3.0182259068271846,-2.655309358517548,-2.369047671230842,0.32458911779817123,0.3629165483096366
F,20221115_07,94,6540,60,-3.022130404263529,-2.730941010512615,-2.408926010598293,0.306602196832618,0.3220149999143218
G,20230310_08,5,6586,54,-2.9514641991441506,-2.691231444840214,-2.424459479185775,0.2635023599791877,0.26677196565443895
G,20230310_08,6,6785,54,-2.9594742969880956,-2.7936940362233855,-2.5966168604371873,0.18142871827545415,0.1970771757861982
G,20230310_08,7,7530,39,-2.9928491614788886,-2.600895892892746,-2.4247069978653095,0.2840710818067895,0.39195326858614266
G,20230310_08,8,6836,55,-3.007177373391257,-2.669267611529907,-2.4673433573349923,0.26991700802813234,0.3379097618613498
G,20230310_08,9,7995,54,-2.8962074753667113,-2.7466298675766443,-2.4541443861678385,0.2210315445994364,0.2924854814088058
G,20230310_08,10,7995,48,-2.928125650267846,-2.7852276866314165,-2.591967163120549,0.16807924357364845,0.19326052351086753
G,20230310_08,11,7127,48,-2.9017750481517686,-2.693082028943704,-2.487292412294452,0.2072413179286583,0.2086930192080647
G,20230310_08,12,8065,58,-2.8470094935205883,-2.7325082757423678,-2.6062372476021305,0.1203861229592289,0.12627102814023727
G,20230310_08,13,7682,51,-2.97819446133081,-2.7420746422484097,-2.5689053819322805,0.20464453969926466,0.2361198190824001
G,20230310_08,14,7533,55,-2.9738649494529454,-2.779839139429293,-2.646992855623986,0.16343604691447977,0.1940258100236525
G,20230310_08,15,7618,61,-2.93482045834733,-2.796973785547067,-2.49696441915602,0.2189280195956551,0.300009366391047
G,20230310_08,16,6406,56,-3.000514990632932,-2.7816762831462367,-2.593969842073498,0.203272574279717,0.21883870748669532
G,20230310_08,17,6155,46,-2.989720623886256,-2.7573664737073056,-2.660039340482324,0.1648406417019661,0.23235415017895056
G,20230310_08,18,4616,50,-3.028874565525032,-2.8337611739114372,-2.611710930654066,0.2085818174354832,0.22205024325737144
G,20230310_08,19,6864,57,-2.9992272181332296,-2.8143893740677792,-2.6691106065555967,0.16505830578881642,0.18483784406545034
G,20230310_08,20,6066,48,-3.026485046582192,-2.621487897830682,-2.491826839402276,0.2673291035899581,0.40499714875151005
G,20230310_08,21,5706,46,-3.040253282897191,-2.7293207392304932,-2.493835831916596,0.2732087254902975,0.31093254366669765
G,20230310_08,22,7174,48,-2.932450863044921,-2.6954177085237037,-2.5461494513930614,0.19315070582592986,0.23703315452121743
G,20230310_08,23,6603,59,-2.982695662384571,-2.8187303815753393,-2.5491022438390747,0.21679670927274808,0.2696281377362646
G,20230310_08,24,7246,55,-2.9619860544143175,-2.640783430939531,-2.4609660983507275,0.250509978031795,0.32120262347478645
G,20230310_08,25,7638,47,-2.8953297589062013,-2.661577776923127,-2.4575985002748455,0.21886562931567788,0.23375198198307423
G,20230310_08,26,6265,43,-2.9504801741393223,-2.70461181556538,-2.414643153048164,0.26791851054557925,0.2899686625172162
G,20230310_08,27,6107,43,-2.995001326914979,-2.5941522018040826,-2.398237410666045,0.2983819581244669,0.4008491251108963
G,20230310_08,28,6539,44,-2.930862968679707,-2.733388835072028,-2.601549739183887,0.16465661474791005,0.19747413360767885
G,20230310_08,29,5260,50,-3.0780599974466236,-2.6494348835458714,-2.458298839223876,0.3098805791113739,0.4286251139007522
G,20230310_08,30,6825,51,-3.0366510867232526,-2.6760167029712805,-2.434074527202462,0.3012882797603953,0.3606343837519721
G,20230310_08,31,6260,45,-2.9683278935383988,-2.685307395616035,-2.5055348671332935,0.2313965132025526,0.28302049792236383
G,20230310_08,32,5266,38,-2.9581643190097444,-2.7062791279190495,-2.52608054944998,0.21604188477988218,0.25188519109069496
G,20230310_08,33,5821,48,-3.087041105351338,-2.73045071261482,-2.481485336280496,0.302777884535421,0.35659039273651816
G,20230310_08,34,6145,47,-2.945465019437999,-2.690433031995559,-2.5076445184735023,0.21891025048224844,0.25503198744244004
G,20230310_08,35,5979,40,-2.9481156651469216,-2.743633933521108,-2.61883136324844,0.16464215094924084,0.20448173162581362
G,20230310_08,36,6826,47,-2.92087170174333,-2.703306865495049,-2.6194588337777134,0.15070643398280836,0.21756483624828116
G,20230310_08,37,7825,54,-2.929774153855574,-2.734873349916237,-2.614778894451966,0.15749762970180403,0.19490080393933695
G,20230310_08,38,6963,58,-2.9841070816083506,-2.8033927915793986,-2.643312247634664,0.1703974169868432,0.180714290028952
G,20230310_08,39,7176,54,-2.969535837908621,-2.7731952314920516,-2.5842907972063585,0.19262252035113137,0.19634060641656959
G,20230310_08,40,7045,50,-3.004379243575344,-2.8175298031336666,-2.5686610533330323,0.21785909512115587,0.24886874980063434
G,20230310_08,41,7308,47,-2.9538616411660685,-2.739598834106216,-2.4739815218175907,0.23994005967423893,0.2656173122886254
G,20230310_08,42,6830,52,-2.9879245663500655,-2.823485076658729,-2.6134360218881865,0.18724427223093953,0.21004905477054248
G,20230310_08,43,6396,56,-2.985265904806431,-2.79327438093314,-2.61362821018784,0.18581884730929565,0.19199152387329121
G,20230310_08,44,5174,54,-3.036808762472087,-2.8121770268943203,-2.622659766139002,0.20707449816654244,0.22463173557776672
G,20230310_08,45,5970,48,-2.9898739660808094,-2.786437374417668,-2.6476094965170303,0.17113223478188955,0.20343659166314154
G,20230310_08,46,6659,55,-3.0354002056585623,-2.7644951763580234,-2.6380172293460364,0.19869148815626292,0.27090502930053884
G,20230310_08,47,7284,48,-2.9184989732447852,-2.7523083751204047,-2.6467879998496775,0.13585548669755387,0.16619059812438053
G,20230310_08,48,8296,50,-2.9560168827077686,-2.72886471461754,-2.543250768855801,0.2063830569259839,0.22715216809022865
G,20230310_08,49,6168,43,-2.979272598725231,-2.7861416022239958,-2.6293461686772717,0.1749632150239797,0.19313099650123533
G,20230310_08,50,6735,57,-3.0254907029255906,-2.765028877204073,-2.6290563076382947,0.19821719764364798,0.26046182572151766
G,20230310_08,51,6426,54,-3.006999314254277,-2.8030383385331774,-2.6698065525723678,0.16859638084095452,0.2039609757210994
G,20230310_08,52,6797,52,-2.991725724495123,-2.8143588416740766,-2.5187459033023396,0.2364899105963918,0.29561293837173697
G,20230310_08,53,7121,53,-3.0213944345042107,-2.771415752223569,-2.605516277661833,0.20793907842118897,0.2499786822806418
G,20230310_08,54,5990,47,-3.036964692178601,-2.772049531357974,-2.6244520954687687,0.2062562983549161,0.2649151608206268
G,20230310_08,55,8187,43,-2.848501346747781,-2.7115900095747434,-2.5903793627296077,0.1290609920090866,0.1369113371730375
G,20230310_08,56,7839,53,-2.9531891235541967,-2.6778962848083796,-2.513994076471335,0.21959752354143092,0.2752928387458171
G,20230310_08,57,6256,49,-2.9646655968949793,-2.7830952814788983,-2.640886961320803,0.16188931778708815,0.18157031541608104
G,20230310_08,58,6934,46,-2.9366206533563632,-2.7002240652518887,-2.5851721225610698,0.17572426539764674,0.2363965881044745
G,20230310_08,59,6954,40,-2.9229131573777445,-2.660058806826072,-2.5610983629865465,0.180907397195599,0.2628543505516725
G,20230310_08,60,6588,46,-2.9049049321985687,-2.7158171910854936,-2.5862602221963766,0.15932235500109604,0.18908774111307514
G,20230310_08,61,7846,53,-2.9252971229048783,-2.765726527274895,-2.528898900374484,0.19819911126519707,0.23682762690041104
G,20230310_08,62,8152,46,-2.8603036285836545,-2.633341542319007,-2.428014755372919,0.21614443660536775,0.2269620862646473
G,20230310_08,63,6977,46,-2.9847799046862082,-2.7521897027758753,-2.3500269632028847,0.31737647074166175,0.40216273957299054
G,20230310_08,64,7278,52,-2.9422155394011873,-2.8084658386489156,-2.6117880820595794,0.16521372867080397,0.19667775658933628
G,20230310_08,65,7522,49,-2.9907454825763895,-2.7104932647768285,-2.5036330254433836,0.24355622856650294,0.280252217799561
G,20230310_08,66,5441,49,-3.0262809217747133,-2.830266228538483,-2.637613845943021,0.19433353791584618,0.1960146932362301
G,20230310_08,67,8048,49,-2.882096699481005,-2.6847478280366435,-2.5369392209443955,0.1725787392683047,0.19734887144436142
G,20230310_08,68,7797,63,-2.951357603210843,-2.8065862094270932,-2.6860666790295387,0.1326454620906521,0.1447713937837496
G,20230310_08,69,8077,50,-2.9723981351216318,-2.7650238680081554,-2.462553922887428,0.25492210611710187,0.30246994512072733
G,20230310_08,70,6269,53,-2.95841486508032,-2.815376019270441,-2.561779682359154,0.19831759136058302,0.2535963369112868
G,20230310_08,71,7703,52,-2.9572247311257476,-2.742314289066119,-2.6247753504171243,0.16622469035431164,0.21491044205962861
G,20230310_08,72,5568,55,-3.0406631829871222,-2.897295710511689,-2.661341899622686,0.1896606416822182,0.23595381088900336
G,20230310_08,73,5527,46,-3.0088778565699474,-2.835223266022938,-2.5116712434371804,0.24860330656638352,0.32355202258575755
G,20230310_08,74,5874,48,-3.0248007260191354,-2.7897722378502183,-2.4200343752943683,0.30238317536238357,0.36973786255585006
G,20230310_08,75,5571,45,-3.124322762027592,-2.7937890846580973,-2.519816832712163,0.30225296465771456,0.3305336773694947
G,20230310_08,76,8727,44,-2.87752972267728,-2.691241632679983,-2.4953696841634003,0.19108001925693974,0.19587194851658252
G,20230310_08,77,7142,47,-2.95913522465604,-2.7459688877082926,-2.5800914621326076,0.1895218812617161,0.21316633694774723
G,20230310_08,78,8140,44,-2.936816495695922,-2.734129748453305,-2.48739810749134,0.22470919410229095,0.24673164096196487
G,20230310_08,79,7782,49,-2.9610433396356686,-2.819830796230197,-2.4528433167668373,0.25410001143441563,0.36698747946335963
G,20230310_08,80,6549,59,-3.010763821599284,-2.850785455638064,-2.6644627534912653,0.17315053405400938,0.18632270214679858
G,20230310_08,81,9107,36,-2.826961762676439,-2.7028326374674663,-2.5726662519141286,0.1271477553811553,0.1301663855533377
G,20230310_08,82,7750,53,-2.9422411844634735,-2.792457882578651,-2.6636968427339767,0.1392721708647484,0.1497833018848227
G,20230310_08,83,8174,55,-2.9486085394357415,-2.7826670537619234,-2.6915384571316134,0.12853504115206404,0.16594148567381817
G,20230310_08,84,6739,52,-2.9078651325826406,-2.791799901743886,-2.6764052753510486,0.11572992861579601,0.11606523083875464
G,20230310_08,85,7107,55,-2.9500791303540845,-2.7712205199399382,-2.662889990069922,0.14359457014208132,0.1788586104141463
G,20230310_08,86,6298,52,-3.0223930185227057,-2.816855020441288,-2.7542232984157047,0.1340848600535005,0.2055379980814176
G,20230310_08,87,7174,57,-3.0398470242334303,-2.7957404628918257,-2.615174102524061,0.21233646085468472,0.2441065613416047
G,20230310_08,88,8125,43,-2.8834224179605563,-2.7011349729361216,-2.483029748593067,0.20019633468374476,0.2181052243430548
G,20230310_08,89,7431,54,-3.019542357166525,-2.760199691482317,-2.634637166700554,0.19245259523298563,0.2593426656842084
G,20230310_08,90,7681,41,-2.8883306152630137,-2.688926528477099,-2.4328752582592523,0.2277276785018807,0.25605127021784657
G,20230310_08,91,8222,44,-2.9224441753275454,-2.7476092035728086,-2.6274400768626185,0.14750204923246346,0.17483497175473683
G,20230310_08,92,8476,47,-2.893464984880799,-2.7292289774523173,-2.5828519585202034,0.15530651318029776,0.16423600742848166
G,20230310_08,93,7134,58,-2.963177106335155,-2.7724678607102256,-2.5583256573144766,0.20242572451033913,0.21414220339574896
G,20230310_08,94,6933,55,-2.9267884895632448,-2.7614713780066467,-2.533672181820508,0.19655815387136832,0.22779919618613853
H,20221115_09,5,1854,22,-3.0046522740216783,-2.614058671087999,-2.450691474494382,0.2769803997636482,0.3905936029336794
H,20221115_09,6,1339,7,-2.5762124149168204,-2.068340098474107,-1.9656803155192049,0.3052660496988078,0.5078723164427132
H,20221115_09,7,2021,17,-2.6664952249705154,-2.4469961822726125,-2.2861216683146157,0.19018677832794983,0.21949904269790288
H,20221115_09,8,1217,14,-2.6754131215540538,-2.5675322877115674,-2.5138111874459645,0.0808009670540446,0.10788083384248637
H,20221115_09,9,1569,18,-2.906347891363392,-2.652407666635446,-2.509813001641435,0.1982674448609787,0.2539402247279461
H,20221115_09,10,1241,10,-2.4255316551712105,-2.3983654052001038,-2.2804725172710922,0.07252956895005913,0.11789288792901154
H,20221115_09,11,1509,11,-2.5387438831210707,-2.4165228261390217,-2.244594820235446,0.14707453144281235,0.1719280059035757
H,20221115_09,12,1240,17,-3.0408126060970746,-2.6290357402755657,-2.5318572713534397,0.25447766737181743,0.41177686582150885
H,20221115_09,13,1403,11,-2.535213974887334,-2.3602360479931055,-2.1832885086344747,0.17596273312642974,0.17694753935863083
H,20221115_09,14,1538,8,-2.3821583058978164,-2.2226244453004256,-2.204481195022256,0.08883855543778019,0.15953386059739083
H,20221115_09,15,391,6,-2.7696543842210835,-2.4484281625687276,-2.0736478563623844,0.34800326392934955,0.3747803062063433
H,20221115_09,16,82,1,-2.626115928050357,-2.626115928050357,-2.626115928050357,0.0,0.0
H,20221115_09,17,2397,14,-2.6651707239344833,-2.3774456782686633,-2.2698275085608497,0.1976716076868168,0.28772504566582
H,20221115_09,18,2490,15,-2.443540733762826,-2.3972742525608868,-2.2674314394456356,0.08805464715859523,0.12984281311525114
H,20221115_09,19,973,7,-2.5357791714234157,-2.285530757996978,-2.2483346527613715,0.14372225933102212,0.25024841342643755
H,20221115_09,20,2903,18,-2.5958484276000355,-2.4441736508376657,-2.3791364900973706,0.10835596875133247,0.15167477676236985
H,20221115_09,21,1493,11,-2.596170678743584,-2.4983400456401705,-2.3814937133547023,0.1073384826944408,0.11684633228546826
H,20221115_09,22,2001,15,-2.639878278955745,-2.548315388771301,-2.4193851759150142,0.11024655152036544,0.1289302128562868
H,20221115_09,23,980,10,-2.793842739724501,-2.646118961004824,-2.4113761651621246,0.19123328728118816,0.23474279584269953
H,20221115_09,24,967,8,-2.5998562782713166,-2.499580003739189,-2.4215616791264405,0.08914729957243805,0.10027627453212773
H,20221115_09,25,1975,11,-2.459481517257998,-2.3071428904656663,-2.2262519252957835,0.11661479598110724,0.15233862679233168
H,20221115_09,26,580,4,-2.6900398464716058,-2.4402852716540284,-2.397715741978991,0.1461620522463074,0.24975457481757735
H,20221115_09,27,2521,14,-2.5075360164897504,-2.3821192472455435,-2.313695498485937,0.0969202590019067,0.12541676924420697
H,20221115_09,28,2460,16,-2.5642478576377936,-2.3756926986061546,-2.323050453192102,0.12059870222284585,0.188555159031639
H,20221115_09,29,2273,12,-2.480501874119161,-2.3387856489060574,-2.301703582633003,0.08939914574307894,0.14171622521310345
H,20221115_09,30,2875,17,-2.5113955494312084,-2.3908577825193493,-2.281918103223797,0.11473872310370559,0.12053776691185902
H,20221115_09,31,2591,20,-2.5847150696494205,-2.3521266596386288,-2.178092379950914,0.20331134484925317,0.23258841001079178
H,20221115_09,32,2408,16,-2.508051990990654,-2.409992486067955,-2.2701244991276393,0.11896374593150738,0.13986798694031588
H,20221115_09,33,2805,15,-2.3150520387931537,-2.2657427058719897,-2.194639325315066,0.06020635673904384,0.07110338055692367
H,20221115_09,34,2567,17,-2.477807076900014,-2.319822301860561,-2.22397526041196,0.126915908244027,0.15798477503945296
H,20221115_09,35,2140,16,-2.5182284551190706,-2.411218617264418,-2.218441378657366,0.14989353823085239,0.19277723860705231
H,20221115_09,36,2487,17,-2.6563032647521743,-2.5253226369886317,-2.3610237663043936,0.14763974922389034,0.1642988706842381
H,20221115_09,37,2043,15,-2.520052180930103,-2.4648231853562965,-2.400975727083898,0.05953822692310262,0.06384745827239868
H,20221115_09,38,1536,13,-2.6419886820368195,-2.5297763502935258,-2.417951925400013,0.11201837831840322,0.1122123317432937
H,20221115_09,39,1450,9,-2.4070278380027124,-2.3318842690395787,-2.2689872333031524,0.06902030234977996,0.07514356896313368
H,20221115_09,40,2291,13,-2.5697091953304,-2.3599119497165417,-2.3038682565597335,0.1329204693853332,0.20979724561385815
H,20221115_09,41,2924,14,-2.4022488247117693,-2.295819974383787,-2.2231498775732295,0.0895494735692699,0.10642885032798244
H,20221115_09,42,1920,10,-2.3462844634303903,-2.3027537060512637,-2.215336966332191,0.06547374854909971,0.08741673971907282
H,20221115_09,43,2588,15,-2.370899183158017,-2.2704413726742936,-2.215380080627118,0.07775955126544942,0.10045781048372326
H,20221115_09,44,1247,7,-2.540312433141078,-2.4266885834233287,-2.259234670862036,0.14053888113952095,0.16745391256129283
H,20221115_09,45,2297,15,-2.542650301444501,-2.428519231623873,-2.3331976386695596,0.10472633138747067,0.11413106982062793
H,20221115_09,46,2702,18,-2.4552805281241863,-2.3989640090750037,-2.316195799308259,0.06954236440796357,0.0827682097667446
H,20221115_09,47,2766,17,-2.50010612457848,-2.4244101589680707,-2.3179197883207765,0.09109316812885182,0.10649037064729416
H,20221115_09,48,2824,21,-2.7355533669394556,-2.489015844986678,-2.4184741085262047,0.15853962920662545,0.24653752195277745
H,20221115_09,49,2466,15,-2.4861413170661724,-2.388156592704715,-2.3476143157588223,0.06926350065367504,0.09798472436145733
H,20221115_09,50,1671,5,-2.4263721772847076,-2.274926589673411,-2.1651897455183247,0.13059121588319145,0.15144558761129634
H,20221115_09,51,3311,14,-2.452990559033145,-2.337963077565402,-2.2932979472704527,0.07984630588134611,0.115027481467743
H,20221115_09,52,2232,19,-2.4781315448849734,-2.356555802332845,-2.2494884259976073,0.11432155944368305,0.12157574255212866
H,20221115_09,53,2920,16,-2.4207429820982624,-2.3019565557370023,-2.2507378633218877,0.08500255938818735,0.11878642636126013
H,20221115_09,54,3478,10,-2.4444234386896793,-2.3348261004230135,-2.3043570950412287,0.0700331718242253,0.10959733826666573
H,20221115_09,55,2710,16,-2.547530209915834,-2.446994304309971,-2.2729797235831812,0.13727524316632644,0.17401458072678988
H,20221115_09,56,2501,22,-2.787791359811192,-2.4798112260985805,-2.2334400657330296,0.27717564703908115,0.30798013371261135
H,20221115_09,57,2666,6,-2.465493333801606,-2.2999855104760516,-2.2512986235393573,0.10709735513112428,0.16550782332555425
H,20221115_09,58,4242,7,-2.2987082611837746,-2.235175456369523,-2.182388407056319,0.058159927063727856,0.06353280481425161
H,20221115_09,59,2464,11,-2.4075916071244867,-2.3531032097093547,-2.294130396378129,0.056730605373178866,0.058972813331225726
H,20221115_09,60,2966,7,-2.3697057321394057,-2.2519160717491853,-2.242060789476933,0.06382247133123631,0.11778966039022043
H,20221115_09,61,3212,8,-2.282183067762709,-2.1282980962678564,-2.1278984938822494,0.07714228694022984,0.1538849714948527
H,20221115_09,62,3112,10,-2.484969208984314,-2.342615682687698,-2.27076184634604,0.10710368131913683,0.14235352629661602
H,20221115_09,63,1816,12,-2.7314053998208268,-2.4183878787426396,-2.0748850664632643,0.3282601666787812,0.3435028122793753
H,20221115_09,64,1000,4,-2.3919364952584186,-2.354772009761908,-1.897962250995315,0.24698712213155183,0.4568097587665929
H,20221115_09,65,2058,7,-2.5031914213190465,-2.417936810343485,-2.4017881920212303,0.0507016146489081,0.08525461097556164
H,20221115_09,66,1767,10,-2.6363461217909503,-2.484023857702819,-2.4301494780112276,0.10309832188986134,0.1523222640881312
H,20221115_09,67,3227,7,-2.4719957316640255,-2.407128599206535,-2.329982467180079,0.07100663224197334,0.07714613202645637
H,20221115_09,68,1057,6,-2.649566646555114,-2.557473025986264,-2.453912782718219,0.09782693191844749,0.10356024326804514
H,20221115_09,69,654,3,-3.1169854784167983,-2.5504529241520904,-2.5504529241520904,0.28326627713235397,0.5665325542647079
H,20221115_09,70,490,4,-3.012273162990236,-2.8433374042576904,-2.762425999180876,0.12492358190467989,0.16893575873254552
H,20221115_09,71,1359,8,-2.718131084504909,-2.6150619739863057,-2.533138574344205,0.09249625508035186,0.10306911051860324
H,20221115_09,72,1029,8,-3.0382794772272694,-2.718155166487652,-2.5933009178439015,0.22248927969168397,0.32012431073961745
H,20221115_09,73,945,5,-2.7245127233891804,-2.590091856746265,-2.535519562652934,0.09449658036812325,0.1344208666429152
H,20221115_09,74,2326,15,-2.6155413090978996,-2.544145169637714,-2.4800988630904452,0.06772122300372718,0.07139613946018564
H,20221115_09,75,1980,11,-2.7218049833195246,-2.6208646690952926,-2.518527894541559,0.1016385443889829,0.1023367745537338
H,20221115_09,76,1888,8,-2.6078997379916706,-2.5102925452737206,-2.469449726024453,0.06922500598360881,0.09760719271795004
H,20221115_09,77,958,5,-2.809027855058264,-2.548200557411931,-2.4447590483156025,0.1821344033713308,0.2608272976463333
H,20221115_09,78,2289,11,-2.664519538463349,-2.6014714811940625,-2.479854892624619,0.09233232291936488,0.12161658856944335
H,20221115_09,79,1793,10,-2.7354312898444375,-2.669924112315573,-2.5375399120156414,0.09894568891439803,0.13238420029993136
H,20221115_09,80,2696,14,-2.6897927443927125,-2.621752458209473,-2.525078944823374,0.08235689978466931,0.09667351338609897
H,20221115_09,81,1305,8,-2.755548366480178,-2.6077950574759368,-2.4863997656194794,0.13457430043034924,0.1477533090042411
H,20221115_09,82,1614,9,-2.760203208683648,-2.6372553935953356,-2.585223917233916,0.08748964572486595,0.12294781508831232
H,20221115_09,83,2826,11,-2.6404906655635214,-2.533119206629172,-2.4638154162156636,0.08833762467392892,0.1073714589343493
H,20221115_09,84,2263,13,-2.7128580953813177,-2.621717258550162,-2.502015490955211,0.10542130221305346,0.11970176759495121
H,20221115_09,85,2414,9,-2.6569176406254966,-2.6065794736772565,-2.470911988721147,0.0930028259521749,0.1356674849561097
H,20221115_09,86,1702,8,-2.679207421104892,-2.5767463026036177,-2.548453398458335,0.06537701132327856,0.10246111850127448
H,20221115_09,87,1848,10,-2.7260014887307666,-2.5963188056211437,-2.5191861865858454,0.10340765107246064,0.12968268310962294
H,20221115_09,88,1783,9,-2.6149791880466324,-2.491639588061741,-2.405748844752759,0.10461517164693679,0.12333959998489163
H,20221115_09,89,2149,11,-2.6816484231656936,-2.6198475760882998,-2.481918992980674,0.09986471509250983,0.1379285831076258
H,20221115_09,90,2295,14,-2.559303626002211,-2.506972429600527,-2.450603863095077,0.054349881453567006,0.05636856650545008
H,20221115_09,91,2220,12,-2.632361461195596,-2.599977733314755,-2.5407740400668137,0.04579371056439108,0.05920369324794139
H,20221115_09,92,2948,12,-2.573466394471619,-2.512356533755636,-2.4642966681831986,0.054584863144210294,0.06110986071598301
H,20221115_09,93,2748,8,-2.6660714365430653,-2.5463136763199943,-2.4834296156958464,0.09132091042360946,0.11975776022307105
H,20221115_09,94,2554,12,-2.656191446822222,-2.5706427850010085,-2.5236904824729116,0.06625048217465523,0.08554866182121357
