trial,bouts_crossing_plot_boundary,changed_eligible_sample_medians,baseline_bouts_crossing_CS
5,0,0,1
6,0,0,0
7,1,142,0
8,1,58,1
9,0,0,0
10,0,0,0
11,0,0,0
12,0,0,0
13,1,285,0
14,1,15,1
15,1,102,0
16,1,32,0
17,2,72,0
18,0,0,0
19,0,0,0
20,1,63,0
21,0,0,0
22,0,0,0
23,0,0,1
24,0,0,0
25,1,396,0
26,1,99,0
27,0,0,1
28,2,375,0
29,1,52,0
30,1,25,0
31,0,0,0
32,2,91,1
33,1,43,1
34,0,0,1
35,2,248,0
36,1,163,0
37,0,0,0
38,0,0,0
39,1,49,0
40,0,0,0
41,1,18,1
42,1,116,1
43,1,228,1
44,1,468,1
45,1,31,0
46,0,0,1
47,2,262,0
48,2,278,0
49,0,0,1
50,2,396,0
51,2,207,1
52,1,10,1
53,2,167,0
54,0,0,1
55,1,42,1
56,1,34,0
57,1,71,1
58,0,0,0
59,0,0,0
60,0,0,0
61,1,134,0
62,2,241,1
63,0,0,0
64,1,76,0
65,1,215,1
66,0,0,0
67,1,55,0
68,0,0,1
69,1,277,0
70,1,92,0
71,1,80,0
72,0,0,0
73,0,0,1
74,1,109,0
75,1,58,1
76,2,123,1
77,2,250,0
78,0,0,1
79,1,322,0
80,0,0,0
81,0,0,0
82,2,169,0
83,1,71,1
84,2,139,1
85,2,243,1
86,1,98,1
87,1,36,1
88,2,162,1
89,1,172,1
90,0,0,1
91,1,63,1
92,1,327,1
93,1,37,1
94,1,9,1
