version,panel,left,right,n_conditioned,n_control,difference_of_median_changes,median_difference_ci_low,median_difference_ci_high,rank_biserial,rank_biserial_ci_low,rank_biserial_ci_high,bootstrap_draws,seed,interval
ratio,D,0,1,29,28,-0.05574850170576615,-0.16976400122329138,5.825436610575409e-05,-0.3226600985221675,-0.5985221674876847,-0.012315270935960632,5000,10,pointwise percentile95; descriptive; no multiplicity correction
ratio,D,1,2,29,28,0.03147220923555426,-0.0300028907047739,0.08363041603080135,0.19458128078817727,-0.11083743842364535,0.49507389162561566,5000,10,pointwise percentile95; descriptive; no multiplicity correction
ratio,D,0,2,29,28,-0.020147976196867604,-0.0610851266310131,0.0526201429029793,-0.1428571428571429,-0.4236453201970444,0.1650246305418719,5000,10,pointwise percentile95; descriptive; no multiplicity correction
ratio,E,0,1,40,19,-0.04846479182097115,-0.070456491258079,-0.01462104652755915,-0.4342105263157895,-0.6763815789473684,-0.17894736842105263,5000,10,pointwise percentile95; descriptive; no multiplicity correction
ratio,E,1,2,40,18,0.02604308120130375,-0.005297622698598349,0.06290261383923591,0.30000000000000004,-0.002777777777777768,0.59173611111111,5000,10,pointwise percentile95; descriptive; no multiplicity correction
ratio,E,0,2,40,18,-0.013944201361706748,-0.03745020799490829,0.007958248359552915,-0.24722222222222223,-0.5111111111111111,0.04166666666666674,5000,10,pointwise percentile95; descriptive; no multiplicity correction
log,D,0,1,29,24,-0.1017636893481854,-0.15086373024441,-0.0614037367513367,-0.6350574712643677,-0.8506465517241378,-0.3879310344827587,5000,10,pointwise percentile95; descriptive; no multiplicity correction
log,D,1,2,29,24,0.08522609308448491,0.04312026315280589,0.1397651785503678,0.6666666666666667,0.42816091954022983,0.8620689655172413,5000,10,pointwise percentile95; descriptive; no multiplicity correction
log,D,0,2,29,26,-0.006257777627012899,-0.04268363325374827,0.03535498032283295,-0.023872679045092826,-0.34224137931034476,0.28381962864721477,5000,10,pointwise percentile95; descriptive; no multiplicity correction
log,E,0,1,40,19,-0.0574727841193227,-0.0806129062671581,-0.0018237870440488834,-0.32105263157894737,-0.5921052631578947,-0.021052631578947323,5000,10,pointwise percentile95; descriptive; no multiplicity correction
log,E,1,2,40,18,0.009734210087160177,-0.02317677336111937,0.04791189980933615,0.05555555555555558,-0.25,0.35840277777777685,5000,10,pointwise percentile95; descriptive; no multiplicity correction
log,E,0,2,40,18,-0.0012296824956026,-0.06335636373695773,0.03555703070874929,-0.13611111111111107,-0.4222222222222223,0.17500000000000004,5000,10,pointwise percentile95; descriptive; no multiplicity correction
