fish_id,condition_id,Selected block order,Fish median response / baseline_ratio,Eligible_ratio,Fish median response / baseline_log,Eligible_log,eligible_log_trials,eligible_current_trials,panel
20221115_09,control,0,0.9980699393507975,True,0.010271729510870742,True,5,5,D
20221115_09,control,1,0.9743378565138245,True,0.09144848018327822,True,5,5,D
20221115_09,control,2,0.9875249342154537,True,0.03711192420229903,True,5,5,D
20221116_02,control,0,1.0235043778935218,True,0.004356718907513102,True,5,5,D
20221116_02,control,1,0.9943649462866392,True,0.009480973832983075,True,5,5,D
20221116_02,control,2,1.0716929251448275,True,0.04161918541119647,True,5,5,D
20221117_04,control,0,0.9882604739282864,True,-0.02274797098867465,True,5,5,D
20221117_04,control,1,1.0069408644226092,True,-0.047304783819102525,True,5,5,D
20221117_04,control,2,1.100538335766768,True,0.0247360637175138,True,5,5,D
20221118_03,control,0,1.0540765599720325,True,0.01283193263541449,True,5,5,D
20221118_03,control,1,0.9874028430341697,True,0.12920060969803027,True,5,5,D
20221118_03,control,2,1.0484443152530074,True,0.08697840332463791,True,5,5,D
20221122_05,control,0,1.1929670221596367,True,0.0431878604023237,True,5,5,D
20221122_05,control,1,0.8772399722540153,True,-0.0264615195288056,True,5,5,D
20221122_05,control,2,1.067817341027753,True,0.012175730682335573,True,5,5,D
20221122_08,control,0,0.9694741152041371,True,0.04451049005861796,True,5,5,D
20221122_08,control,1,0.9452217210303308,True,-0.024544824746007166,True,5,5,D
20221122_08,control,2,1.0145770066802615,True,-0.010413451109269278,True,5,5,D
20221122_11,control,0,0.9321028336444463,True,0.004203787820163729,True,5,5,D
20221122_11,control,1,0.7467009504352745,True,-0.10222585933463968,True,5,5,D
20221122_11,control,2,1.1107668850038839,True,0.020524771215765902,True,5,5,D
20221123_01,control,0,1.098623294231175,True,-0.024465750078856985,True,5,5,D
20221123_01,control,1,0.8538720963778389,True,-0.013009297127424269,True,5,5,D
20221123_01,control,2,0.9103763192688825,True,-0.05952377076170334,True,5,5,D
20221123_04,control,0,1.0848052934654153,True,0.027108851727304817,True,5,5,D
20221123_04,control,1,1.026545973254495,True,0.005010956885069806,True,5,5,D
20221123_04,control,2,1.0326929864600691,True,0.0003109752000041155,True,5,5,D
20221123_07,control,0,0.9783723360189405,True,-0.0009533436837450004,True,5,5,D
20221123_07,control,1,1.026077594777757,True,0.04525027993398867,True,5,5,D
20221123_07,control,2,0.9800580976322086,True,0.004519133272383069,True,5,5,D
20221124_09,control,0,1.0238208779238651,True,-0.0020609126873858408,True,5,5,D
20221124_09,control,1,1.089092459610315,True,0.048287865280209896,True,5,5,D
20221124_09,control,2,0.9973794525601454,True,-0.005379236350326444,True,5,5,D
20240607_02,control,0,1.0624661731658884,True,-0.045017291509664936,True,5,5,D
20240607_02,control,1,0.8224655503220029,True,-0.02185119915512912,True,5,5,D
20240607_02,control,2,0.922657051397792,True,0.030985523499033718,True,5,5,D
20240610_08,control,0,0.905359064188015,True,0.009297329433068935,True,5,5,D
20240610_08,control,1,1.0561848369467948,True,0.04715354326990795,True,5,5,D
20240610_08,control,2,1.1081891469482312,True,0.028639967978480563,True,5,5,D
20240611_05,control,0,1.4402892887048515,True,0.454142043207465,True,4,5,D
20240611_05,control,1,1.011968010280188,True,,False,1,5,D
20240611_05,control,2,1.0223297568620429,True,0.07372525571444166,True,5,5,D
20240612_07,control,0,1.152926438464501,True,0.00846029203348131,True,5,5,D
20240612_07,control,1,0.8648833123757522,True,0.02876676475019213,True,5,5,D
20240612_07,control,2,1.163418331394135,True,-0.029752183056078962,True,5,5,D
20240613_01,control,0,1.0541270999942847,True,0.004954839731074134,True,5,5,D
20240613_01,control,1,1.0228096537793232,True,-0.046004183259334086,True,4,5,D
20240613_01,control,2,1.029770876622107,True,-0.0030122766268483314,True,4,5,D
20240618_01,control,0,1.0427522280523578,True,-0.06986066845065775,True,4,5,D
20240618_01,control,1,0.8768091212487347,True,0.011105939991767233,True,5,5,D
20240618_01,control,2,1.1608179912131154,True,-0.01947539501137996,True,5,5,D
20240618_07,control,0,0.9208731774313788,True,-0.03395615264684826,True,4,5,D
20240618_07,control,1,1.0758752367546651,True,-0.012480597010047667,True,5,5,D
20240618_07,control,2,0.6420708224601066,True,0.020636166129026856,True,5,5,D
20240620_06,control,0,1.006137735918751,True,-0.04655490414309238,True,5,5,D
20240620_06,control,1,0.94123171950863,True,,False,1,5,D
20240620_06,control,2,1.0701110002920762,True,,False,0,5,D
20240624_03,control,0,1.1308654508021088,True,0.0016343767610154103,True,5,5,D
20240624_03,control,1,1.181579469806066,True,-0.002678559757432808,True,5,5,D
20240624_03,control,2,0.9432372106837242,True,-0.012929494051831636,True,5,5,D
20240624_06,control,0,1.023469395900606,True,0.1777124302062667,True,5,5,D
20240624_06,control,1,0.8013578543289362,True,,False,2,5,D
20240624_06,control,2,0.8208822284473373,True,-0.1798171526954766,True,5,5,D
20240625_04,control,0,1.0025092631386112,True,0.16386950204971784,True,5,5,D
20240625_04,control,1,0.9866347624387487,True,0.0086229642062996,True,5,5,D
20240625_04,control,2,1.0063730945140397,True,0.021201403706842203,True,5,5,D
20240625_08,control,0,0.8043615218513892,True,-0.03985517389333282,True,5,5,D
20240625_08,control,1,1.0629060920123135,True,0.011559167477233956,True,5,5,D
20240625_08,control,2,1.3307473969001242,True,0.025664878392963164,True,5,5,D
20240626_01,control,0,1.023689878788348,True,0.043437156714137615,True,5,5,D
20240626_01,control,1,0.9910329741052766,True,0.033165877473389394,True,5,5,D
20240626_01,control,2,0.9925455082650123,True,-0.0031176764291060977,True,5,5,D
20240702_02,control,0,0.9089239408605257,True,-0.004476166239021584,True,5,5,D
20240702_02,control,1,1.0018092588991128,True,0.0010383459530065586,True,5,5,D
20240702_02,control,2,1.072971834080473,True,-0.040180593018819266,True,5,5,D
20240702_05,control,0,0.9014611127121273,True,0.010993948996467218,True,5,5,D
20240702_05,control,1,1.0001337861182775,True,0.0033131835880979565,True,5,5,D
20240702_05,control,2,0.9067671470106249,True,-0.01353777204067752,True,5,5,D
20240703_07,control,0,1.0032795108012083,True,-0.04256791346790356,True,5,5,D
20240703_07,control,1,1.408722103271885,True,,False,2,5,D
20240703_07,control,2,0.9974453053949299,True,,False,1,5,D
20240703_09,control,0,1.006043857043715,True,0.0897404973233229,True,3,5,D
20240703_09,control,1,0.9399112534434889,True,-0.04152042554175983,True,4,5,D
20240703_09,control,2,0.98818260531498,True,0.015107531296840726,True,3,5,D
20221115_04,delay,0,1.0116825783073857,True,0.0036173325168831205,True,5,5,D
20221115_04,delay,1,0.9651963158492022,True,-0.10650517521699499,True,5,5,D
20221115_04,delay,2,0.9600269761310825,True,-0.03149589944858011,True,5,5,D
20221115_07,delay,0,1.02878116096594,True,-0.1238458178319699,True,5,5,D
20221115_07,delay,1,0.7932707491254466,True,-0.45932978701936955,True,5,5,D
20221115_07,delay,2,1.0028999597064208,True,0.012535348558441406,True,5,5,D
20221116_06,delay,0,1.016156517509774,True,-0.03866915914065272,True,5,5,D
20221116_06,delay,1,0.9252595534347325,True,-0.14002674983226315,True,5,5,D
20221116_06,delay,2,0.7683690307093566,True,-0.06227611473751038,True,5,5,D
20221116_12,delay,0,1.000934274642829,True,-0.06074434708846743,True,5,5,D
20221116_12,delay,1,0.9149573340261408,True,-0.2926518334944621,True,5,5,D
20221116_12,delay,2,0.9858895688022904,True,-0.052689296814990794,True,5,5,D
20221118_04,delay,0,1.032653196892553,True,-0.025865119898327293,True,5,5,D
20221118_04,delay,1,0.9561921145329304,True,-0.1496892933330365,True,5,5,D
20221118_04,delay,2,0.979288767968458,True,-0.016301106922292252,True,5,5,D
20221122_03,delay,0,1.1223512222421,True,0.06374919419446279,True,5,5,D
20221122_03,delay,1,0.7906467931886922,True,-0.1493153620524832,True,5,5,D
20221122_03,delay,2,0.8929964317403678,True,0.06039028321759954,True,5,5,D
20221122_06,delay,0,0.9825694095016143,True,0.019439992062500355,True,5,5,D
20221122_06,delay,1,0.8314857987726456,True,-0.13659280600176604,True,5,5,D
20221122_06,delay,2,0.9708998617947044,True,0.0519046972530286,True,5,5,D
20221122_12,delay,0,0.9238529405740111,True,0.01639981522308398,True,5,5,D
20221122_12,delay,1,0.9641215938569038,True,-0.011477808792201394,True,5,5,D
20221122_12,delay,2,0.9737900702814817,True,0.020771155551036813,True,5,5,D
20221123_02,delay,0,1.02305222846019,True,0.00046320954380174584,True,5,5,D
20221123_02,delay,1,0.9384216898545272,True,-0.03953595733809001,True,5,5,D
20221123_02,delay,2,1.0926924282834198,True,0.03586490797568542,True,5,5,D
20221123_08,delay,0,1.0105931124416223,True,-0.06425636549749703,True,5,5,D
20221123_08,delay,1,0.9445119992907818,True,-0.15306165698622287,True,5,5,D
20221123_08,delay,2,0.9737352461871284,True,-0.011188285067558645,True,5,5,D
20221124_07,delay,0,0.9777913461895313,True,-0.08818777965575508,True,5,5,D
20221124_07,delay,1,0.9843721860166021,True,-0.021128519433362136,True,5,5,D
20221124_07,delay,2,1.0093027515420545,True,0.036097775419185574,True,5,5,D
20221124_10,delay,0,0.9271354320674052,True,0.0402157494098736,True,5,5,D
20221124_10,delay,1,0.9137607044288735,True,-0.008457827678427954,True,5,5,D
20221124_10,delay,2,1.0187223056004093,True,0.010914645588943284,True,5,5,D
20240607_01,delay,0,0.9706143788101241,True,-0.04923179095677366,True,5,5,D
20240607_01,delay,1,1.0036567683943103,True,0.007408106799708047,True,5,5,D
20240607_01,delay,2,0.9956758721707006,True,-0.03342460655893653,True,5,5,D
20240610_07,delay,0,1.445010052701962,True,0.01878565163580248,True,5,5,D
20240610_07,delay,1,0.6658373404551228,True,-0.020690095603387526,True,5,5,D
20240610_07,delay,2,0.7490398781762352,True,-0.02541384206432795,True,5,5,D
20240612_08,delay,0,1.0941449351422599,True,0.03866647723467276,True,5,5,D
20240612_08,delay,1,1.3319865619927724,True,0.0710353709910585,True,5,5,D
20240612_08,delay,2,1.1333085472887674,True,-0.019958042916592866,True,4,5,D
20240613_02,delay,0,0.7168327169118639,True,0.006691491618352252,True,5,5,D
20240613_02,delay,1,0.7332492920185123,True,-0.14912290620528124,True,5,5,D
20240613_02,delay,2,0.882635392852486,True,-0.10842594969699304,True,5,5,D
20240618_02,delay,0,1.5515671011949468,True,0.05190848131273462,True,5,5,D
20240618_02,delay,1,0.6650785955177161,True,-0.0235917339670233,True,5,5,D
20240618_02,delay,2,1.1429164038873056,True,0.0769032462231678,True,5,5,D
20240618_08,delay,0,1.0689406486979631,True,0.13495779809226072,True,4,5,D
20240618_08,delay,1,0.7533049747046198,True,-0.1999271408902219,True,5,5,D
20240618_08,delay,2,1.1262934549623989,True,0.0393697440218963,True,5,5,D
20240620_05,delay,0,0.963841806944424,True,0.0017291450505476647,True,4,5,D
20240620_05,delay,1,0.9463843078695755,True,-0.09471516073888875,True,5,5,D
20240620_05,delay,2,1.0273268317151756,True,0.0525962821487207,True,5,5,D
20240621_03,delay,0,1.5252166174422923,True,0.12739568802218493,True,5,5,D
20240621_03,delay,1,0.9655992814584652,True,-0.0035047311866343023,True,5,5,D
20240621_03,delay,2,1.0472093216304832,True,0.016855847642947452,True,5,5,D
20240624_04,delay,0,1.2291204419149682,True,0.09099969876021685,True,5,5,D
20240624_04,delay,1,0.9911465883756162,True,-0.05553509633222031,True,5,5,D
20240624_04,delay,2,1.0865514165481596,True,0.05119686448627725,True,5,5,D
20240624_05,delay,0,1.050381382721264,True,0.09455230754074329,True,5,5,D
20240624_05,delay,1,0.890572205723373,True,-0.04588518659324681,True,5,5,D
20240624_05,delay,2,1.112633590076596,True,0.07702903632834568,True,5,5,D
20240625_03,delay,0,1.2944127211500578,True,-0.04343269157181351,True,4,5,D
20240625_03,delay,1,0.9366402667968448,True,-0.11086168746625558,True,4,5,D
20240625_03,delay,2,0.8073896966649772,True,-0.0507296704667457,True,4,5,D
20240625_07,delay,0,1.1161083879017617,True,0.06862884510158462,True,5,5,D
20240625_07,delay,1,0.8797264255328227,True,-0.07077843219139268,True,5,5,D
20240625_07,delay,2,1.1680165540024052,True,0.04529466990320996,True,4,5,D
20240626_02,delay,0,1.0178123805738093,True,0.29244836577887057,True,5,5,D
20240626_02,delay,1,0.9453029007747819,True,-0.16912126546083028,True,5,5,D
20240626_02,delay,2,0.9718042329610516,True,-0.07479043014451348,True,5,5,D
20240702_01,delay,0,1.0221004445171356,True,-0.08497060543663304,True,5,5,D
20240702_01,delay,1,0.9680417276031058,True,-0.10876764948990703,True,5,5,D
20240702_01,delay,2,1.070195689661124,True,0.02214776587482703,True,5,5,D
20240702_06,delay,0,1.1210928858898463,True,0.006829648137952837,True,5,5,D
20240702_06,delay,1,0.9636356855433159,True,-0.07521320442431012,True,5,5,D
20240702_06,delay,2,1.0061602998275114,True,-0.01783812154693898,True,5,5,D
20240703_08,delay,0,1.0034751003292157,True,0.00283635003096272,True,5,5,D
20240703_08,delay,1,0.8604146601803916,True,-0.06049760488154554,True,5,5,D
20240703_08,delay,2,0.9528818666278366,True,-0.061501150243501,True,5,5,D
20240703_10,delay,0,1.0383804171005218,True,0.04075658436096319,True,5,5,D
20240703_10,delay,1,1.0106400736723298,True,-0.029623174714932254,True,5,5,D
20240703_10,delay,2,0.9761302332376067,True,-0.015655132986645004,True,5,5,D
20230227_03,control,0,1.0615057026732855,True,0.04142292429091077,True,5,5,E
20230227_03,control,1,1.024593792309699,True,-0.009474088504092482,True,5,5,E
20230227_03,control,2,1.0274624699865849,True,0.016834904025118114,True,5,5,E
20230227_06,control,0,1.03115256684006,True,0.04398179176675221,True,5,5,E
20230227_06,control,1,1.0084916770169539,True,0.02811283394331232,True,5,5,E
20230227_06,control,2,1.0307769547493326,True,0.01782454981572812,True,5,5,E
20230228_02,control,0,1.0059736779709663,True,-0.016586834412126272,True,5,5,E
20230228_02,control,1,1.0158687097934793,True,-0.014643682579669637,True,5,5,E
20230228_02,control,2,0.9932557375021928,True,-0.033897210195045435,True,5,5,E
20230228_05,control,0,0.9983876165400194,True,0.056883421494954955,True,5,5,E
20230228_05,control,1,1.0361489217319837,True,0.04816983919966278,True,5,5,E
20230228_05,control,2,0.9848056766929396,True,-0.02676610539011781,True,5,5,E
20230228_08,control,0,1.0067376934114731,True,0.018732272421955187,True,5,5,E
20230228_08,control,1,1.0127752607691445,True,-0.02778698739223584,True,5,5,E
20230228_08,control,2,1.0148533227477998,True,-0.014086732032279503,True,5,5,E
20230228_11,control,0,1.02040981350764,True,-0.013492885944606847,True,5,5,E
20230228_11,control,1,1.0221463103718766,True,0.024126739197635416,True,5,5,E
20230228_11,control,2,1.0206220374619206,True,0.024146660049130464,True,5,5,E
20230301_01,control,0,0.9898945794242102,True,-0.0105748541260966,True,5,5,E
20230301_01,control,1,1.016233411556643,True,0.06127981879767397,True,5,5,E
20230301_01,control,2,0.9717129914234565,True,-0.16140878600477349,True,5,5,E
20230301_04,control,0,1.041745763182008,True,0.012871735997870282,True,5,5,E
20230301_04,control,1,1.0516411798504828,True,-0.005653249515160219,True,5,5,E
20230301_04,control,2,1.0226265351535393,True,-0.01856270331985499,True,5,5,E
20230301_07,control,0,0.9957855288956622,True,-0.06807524721828884,True,5,5,E
20230301_07,control,1,1.0276468699609709,True,0.019066951382145092,True,5,5,E
20230301_07,control,2,0.9952681527367198,True,-0.0008786100340367753,True,5,5,E
20230301_10,control,0,1.0259957355514613,True,0.043580514032020456,True,5,5,E
20230301_10,control,1,1.0001154017027498,True,0.01245142998110893,True,5,5,E
20230301_10,control,2,1.0547098362959153,True,0.08047310005188546,True,5,5,E
20230302_08,control,0,1.035801245706582,True,0.013948331861892704,True,5,5,E
20230302_08,control,1,1.050822546830649,True,0.015610631706010292,True,5,5,E
20230302_08,control,2,0.9985940830461745,True,0.03234082837941488,True,5,5,E
20230302_09,control,0,0.9874787612496579,True,-0.014406069052552262,True,5,5,E
20230302_09,control,1,0.9938620235937081,True,0.010113802137689198,True,5,5,E
20230302_09,control,2,1.006905750347411,True,0.005601062130598411,True,5,5,E
20230315_05,control,0,1.012080847825969,True,0.06268751411952245,True,5,5,E
20230315_05,control,1,1.0059440123551766,True,0.03897584744364879,True,5,5,E
20230315_05,control,2,1.0053897333034858,True,0.030413802387533106,True,5,5,E
20230315_08,control,0,1.0868812537776997,True,0.1159468060077451,True,5,5,E
20230315_08,control,1,1.0141817282269852,True,0.005458942033115033,True,5,5,E
20230315_08,control,2,1.0544730487690546,True,0.06995491982974666,True,5,5,E
20230315_10,control,0,1.0282397663744651,True,0.028064251913697102,True,5,5,E
20230315_10,control,1,0.9989776257559667,True,0.022378333358481495,True,5,5,E
20230315_10,control,2,1.1642689507001134,True,0.1696388667859492,True,5,5,E
20230315_11,control,0,0.9980382242283381,True,-0.015801363413239233,True,5,5,E
20230315_11,control,1,1.0419553208079464,True,-0.016636154060551966,True,5,5,E
20230315_11,control,2,0.9838572185009068,True,-0.019263038426569512,True,5,5,E
20230316_02,control,0,1.0724258372766642,True,0.08560400487491115,True,5,5,E
20230316_02,control,1,1.0000066238923577,True,0.08347717905343721,True,5,5,E
20230316_02,control,2,,False,,False,0,0,E
20230316_08,control,0,0.9802794798867257,True,-0.014041863223450246,True,5,5,E
20230316_08,control,1,1.0169710991725673,True,0.003305144548799266,True,5,5,E
20230316_08,control,2,1.0318997500257274,True,0.03290840693060204,True,5,5,E
20230316_11,control,0,0.992414415131925,True,0.07266443847262671,True,5,5,E
20230316_11,control,1,0.9762488291865815,True,-0.042000916481923944,True,5,5,E
20230316_11,control,2,0.9947753412190027,True,0.06292272893647599,True,5,5,E
20230306_01,trace,0,1.0308590287570611,True,0.07627629683724368,True,5,5,E
20230306_01,trace,1,0.9963148766377039,True,-0.0033017377837119,True,5,5,E
20230306_01,trace,2,0.9798214086272705,True,-0.01863156223729545,True,5,5,E
20230306_07,trace,0,0.9956620282528317,True,-0.023435186233379923,True,5,5,E
20230306_07,trace,1,1.0187964327965695,True,0.028768621796005256,True,5,5,E
20230306_07,trace,2,1.0284080731945924,True,0.024175649541684496,True,5,5,E
20230306_10,trace,0,1.0101702672143804,True,-0.023681835035740395,True,5,5,E
20230306_10,trace,1,0.7873043083965849,True,-0.06784183487024276,True,5,5,E
20230306_10,trace,2,0.9440552060887152,True,-0.007386318773019429,True,5,5,E
20230307_03,trace,0,0.9902711714588179,True,-0.05819462229176953,True,5,5,E
20230307_03,trace,1,1.0201061905537667,True,0.1036462253230015,True,5,5,E
20230307_03,trace,2,0.9733213093721971,True,-0.04648611440764849,True,5,5,E
20230307_06,trace,0,0.9688204487185275,True,-0.020364763019841803,True,5,5,E
20230307_06,trace,1,0.9909535061804272,True,-0.02465399747773045,True,5,5,E
20230307_06,trace,2,1.0171564753449127,True,0.012311409904302462,True,5,5,E
20230307_09,trace,0,1.0156032681747538,True,0.055576061402690335,True,5,5,E
20230307_09,trace,1,0.9227713890773358,True,-0.030325368153618193,True,5,5,E
20230307_09,trace,2,1.0081756034372007,True,-0.021583084208717462,True,5,5,E
20230307_12,trace,0,1.0414121537022536,True,0.011414501229440877,True,5,5,E
20230307_12,trace,1,1.0060681531039837,True,-0.011700417830714294,True,5,5,E
20230307_12,trace,2,1.0438551309197106,True,0.10402935440698302,True,5,5,E
20230309_09,trace,0,1.3781514486469575,True,0.5129674389560002,True,5,5,E
20230309_09,trace,1,1.0015341864410578,True,0.02377498922318466,True,5,5,E
20230309_09,trace,2,1.0147824635314195,True,-0.01957347157851519,True,5,5,E
20230309_11,trace,0,0.9597267151083982,True,-0.03521346722158203,True,5,5,E
20230309_11,trace,1,0.9903496710473235,True,-0.05920731547436553,True,5,5,E
20230309_11,trace,2,0.9792186768333588,True,-0.0117501916526086,True,5,5,E
20230310_02,trace,0,1.0789013778359493,True,0.1582776368545229,True,5,5,E
20230310_02,trace,1,1.0056306639414845,True,0.06781917070044319,True,5,5,E
20230310_02,trace,2,1.033037640106571,True,0.019460329456640668,True,5,5,E
20230310_05,trace,0,1.0810209912901845,True,0.09528471981351672,True,5,5,E
20230310_05,trace,1,0.9712028469179884,True,-0.010364897959501018,True,5,5,E
20230310_05,trace,2,1.0049060036915571,True,-0.004106338252211739,True,5,5,E
20230310_08,trace,0,0.9519748578339211,True,-0.06140704591897128,True,5,5,E
20230310_08,trace,1,0.9025895948496838,True,-0.05696199918591072,True,5,5,E
20230310_08,trace,2,1.0145453882902684,True,0.006333306900931923,True,5,5,E
20230310_11,trace,0,1.0369789186493963,True,0.0064365455671260285,True,5,5,E
20230310_11,trace,1,0.8675951590181469,True,-0.05871147113578434,True,5,5,E
20230310_11,trace,2,0.9658725252846183,True,-0.03231189918006594,True,5,5,E
20230314_01,trace,0,0.9961895233080679,True,-0.014148111114758333,True,5,5,E
20230314_01,trace,1,1.037077198651633,True,0.02903786322874513,True,5,5,E
20230314_01,trace,2,1.0080672906472372,True,0.007128035493406681,True,5,5,E
20230314_04,trace,0,0.9766521817195366,True,-0.017445435281798982,True,5,5,E
20230314_04,trace,1,0.9574494156066231,True,-0.035029125157927776,True,5,5,E
20230314_04,trace,2,1.006797799208335,True,0.010445253987231506,True,5,5,E
20230314_06,trace,0,1.0064031800867503,True,-0.010704465211070602,True,5,5,E
20230314_06,trace,1,0.9882691359365537,True,0.00375581027967975,True,5,5,E
20230314_06,trace,2,0.9919335145900425,True,-0.010313605066750942,True,5,5,E
20230314_11,trace,0,1.0197059340573191,True,-0.02333123138402149,True,5,5,E
20230314_11,trace,1,1.005171645319334,True,0.026098932959542687,True,5,5,E
20230314_11,trace,2,0.9933005782910332,True,-0.043985303172057844,True,5,5,E
20230315_02,trace,0,1.0327273669924375,True,0.043548001202851516,True,5,5,E
20230315_02,trace,1,1.0104143691086478,True,0.02805806098113317,True,5,5,E
20230315_02,trace,2,1.0464514342906166,True,0.017023759278040007,True,5,5,E
20230315_06,trace,0,1.4905908207671377,True,0.3060482582922486,True,5,5,E
20230315_06,trace,1,1.263981131900716,True,0.23965711107993748,True,5,5,E
20230315_06,trace,2,1.012396217929379,True,0.04217045439566691,True,5,5,E
20230316_03,trace,0,1.0560761211587486,True,-0.0627067992145749,True,5,5,E
20230316_03,trace,1,1.0176430915832044,True,-0.03136015422455429,True,5,5,E
20230316_03,trace,2,0.9726479170191301,True,0.01473761868546175,True,5,5,E
20230316_06,trace,0,0.9686389637906877,True,-0.019757399559745092,True,5,5,E
20230316_06,trace,1,0.9843142136353199,True,-0.03228011302982381,True,5,5,E
20230316_06,trace,2,0.9843386595695345,True,-0.03227265387137157,True,5,5,E
20230316_09,trace,0,1.0788538039865212,True,0.07609806998399726,True,5,5,E
20230316_09,trace,1,0.9854973754744034,True,-0.0014861699801897998,True,5,5,E
20230316_09,trace,2,0.9696976871158641,True,-0.006821470322631029,True,5,5,E
20230316_12,trace,0,1.0123791487675784,True,-0.04102989426017878,True,5,5,E
20230316_12,trace,1,0.9667212270226859,True,-0.045194722353547157,True,5,5,E
20230316_12,trace,2,1.018640903170486,True,0.01726010067115258,True,5,5,E
20230516_01,trace,0,1.3969826846131768,True,0.12316408346561092,True,5,5,E
20230516_01,trace,1,1.000969797144099,True,0.012932784744443815,True,5,5,E
20230516_01,trace,2,0.955196882098317,True,0.003335489567924732,True,5,5,E
20230516_08,trace,0,0.937468897793597,True,-0.010713987950751847,True,5,5,E
20230516_08,trace,1,0.9029946224634013,True,-0.07188337659691824,True,5,5,E
20230516_08,trace,2,0.9527801327392197,True,-0.06376420388202098,True,5,5,E
20230516_10,trace,0,0.9610299117580904,True,-0.01292911090848925,True,5,5,E
20230516_10,trace,1,1.0264408310162498,True,0.015925548758805697,True,5,5,E
20230516_10,trace,2,1.0692025660113842,True,0.06358048662215454,True,5,5,E
20230517_03,trace,0,1.0016639587923366,True,-0.021426028681904796,True,5,5,E
20230517_03,trace,1,0.9992251925644177,True,0.003250569523817859,True,5,5,E
20230517_03,trace,2,0.9529582216856389,True,-0.08470394305445694,True,5,5,E
20230517_05,trace,0,0.9966188061106178,True,-0.058627749178678634,True,5,5,E
20230517_05,trace,1,1.2356744834699072,True,0.24419294012021764,True,5,5,E
20230517_05,trace,2,0.9957336756955961,True,-0.014386697783880464,True,5,5,E
20230517_12,trace,0,1.0048299318634877,True,-0.0031381577908344838,True,5,5,E
20230517_12,trace,1,0.9482577074183042,True,-0.09928719355899362,True,5,5,E
20230517_12,trace,2,0.9866829005452693,True,-0.019230105551036658,True,5,5,E
20230518_02,trace,0,1.0806126133733847,True,0.1533957554696963,True,5,5,E
20230518_02,trace,1,1.0347952094231925,True,0.008214287648168117,True,5,5,E
20230518_02,trace,2,1.0162028014206232,True,0.0319806081645031,True,5,5,E
20230518_05,trace,0,1.0342790933923978,True,0.019121005791706835,True,5,5,E
20230518_05,trace,1,1.0772144039588682,True,-0.09443560537242579,True,5,5,E
20230518_05,trace,2,1.211579117804276,True,0.36469324712664486,True,3,5,E
20230518_12,trace,0,1.3693757534559605,True,0.2809921278260452,True,5,5,E
20230518_12,trace,1,1.022536683259379,True,-0.004193171889656178,True,5,5,E
20230518_12,trace,2,1.1594780785034517,True,0.16850730586667595,True,5,5,E
20230519_04,trace,0,1.2143864659647976,True,0.06356098656140174,True,5,5,E
20230519_04,trace,1,0.9713633735138778,True,-0.008593949787592425,True,5,5,E
20230519_04,trace,2,1.0540147682577985,True,-0.011951448639311302,True,5,5,E
20230519_11,trace,0,0.9774377483856012,True,-0.10277781196357916,True,2,5,E
20230519_11,trace,1,0.8495082730236172,True,-0.22745759458614678,True,5,5,E
20230519_11,trace,2,0.9585821560037292,True,-0.25760424931671544,True,3,5,E
20230802_03,trace,0,1.01309052189691,True,-0.032348404548460774,True,5,5,E
20230802_03,trace,1,0.9351970088683046,True,-0.12497636313020566,True,5,5,E
20230802_03,trace,2,0.9877665283955691,True,-0.04576790709853373,True,5,5,E
20230802_08,trace,0,0.9926870393218693,True,0.05803421457751945,True,5,5,E
20230802_08,trace,1,0.9429313535552513,True,-0.17650234324925718,True,5,5,E
20230802_08,trace,2,0.9502818577005988,True,-0.06488910151035432,True,5,5,E
20230802_09,trace,0,1.0407688642256636,True,0.12835356874310122,True,5,5,E
20230802_09,trace,1,0.9691946308427892,True,0.005514322268090233,True,5,5,E
20230802_09,trace,2,1.0244927536255704,True,-0.0381925006257573,True,5,5,E
20230803_02,trace,0,1.0070976697915175,True,0.042507662582305095,True,5,5,E
20230803_02,trace,1,0.9627353351500972,True,-0.050800454264945394,True,5,5,E
20230803_02,trace,2,1.0727530700678507,True,0.036149844551825794,True,5,5,E
20230803_07,trace,0,1.0225218618240313,True,-0.014440802829490007,True,5,5,E
20230803_07,trace,1,0.9820297475388517,True,-0.03614180624541019,True,5,5,E
20230803_07,trace,2,1.001458744138738,True,-0.0031085055051369714,True,5,5,E
20230803_12,trace,0,1.0180762560437242,True,-0.03983526519873104,True,5,5,E
20230803_12,trace,1,1.0235055650154876,True,-0.10776520670166967,True,5,5,E
20230803_12,trace,2,1.0052278283469418,True,-0.024501644344657958,True,5,5,E
