version,panel,condition,left,right,n,skewness,median_change,minimum,maximum,sign_test_raw_p,zero_differences,absolute_difference_ties,sign_test_holm12_p
ratio,D,delay,0,1,29,-1.5897157815442668,-0.08597694061668815,-0.8864885056772307,0.23784162685051258,0.0005461126565933228,0,False,0.006553351879119873
ratio,D,control,0,1,28,0.12578932820739586,-0.03022843891092203,-0.4283212784246635,0.4054425924706768,0.1849333420395851,0,False,1.0
ratio,D,delay,1,2,29,0.6394087108145112,0.081610040172018,-0.19867801470400503,0.47783780836958956,0.002315700054168701,0,False,0.024435771505523007
ratio,D,control,1,2,28,-0.8497117313867432,0.05013783093646379,-0.4338044142945585,0.36406593456860936,0.0037191659212112427,0,False,0.033472493290901184
ratio,D,delay,0,2,29,-1.6468963122260039,-0.025881201259519315,-0.6959701745257268,0.16580267594062215,0.45825831964612007,0,False,1.0
ratio,D,control,0,2,28,0.5098672884603992,-0.005733225062651726,-0.41795953184280865,0.526385875048735,0.8505540192127228,0,False,1.0
ratio,E,trace,0,1,40,-0.9435104123684651,-0.042427224463299884,-0.3960128874690778,0.23905567735928934,0.0022214337732293643,0,False,0.024435771505523007
ratio,E,control,0,1,19,-0.6876751715983264,0.0060375673576713584,-0.07269952555071457,0.043917096579608295,0.6476058959960938,0,False,1.0
ratio,E,trace,1,2,40,-1.4694988675894574,0.026804972664786042,-0.25158491397133687,0.15675089769213024,0.03847730828420026,0,False,0.3078184662736021
ratio,E,control,1,2,18,1.7816361791642654,0.0007618914634822671,-0.0580981023070396,0.16529132494414667,1.0,0,False,1.0
ratio,E,trace,0,2,40,-2.006291875435533,-0.017548446702419618,-0.4781946028377586,0.1773000244118783,0.0806904677519924,0,False,0.5648332742639468
ratio,E,control,0,2,18,2.365238319208571,-0.0036042453407128527,-0.03720716266040747,0.13602918432564826,0.480682373046875,0,False,1.0
