panel,family,condition,left,right,test,n_control,n_conditioned,n_pairs,statistic,p_raw,method,median_change,zero_differences,absolute_difference_ties,median_change_conditioned,median_change_control,descriptive_difference_of_median_changes,rank_biserial_conditioned_minus_control,p_holm_row24,previous_p_holm14,stars
D,between,delay vs control,0,0,Mann-Whitney U,28.0,29.0,,472.0,0.29577428749373735,two-sided asymptotic with tie/continuity correction,,,,,,,,1.0,1.0,ns
D,between,delay vs control,1,1,Mann-Whitney U,28.0,29.0,,235.0,0.006496832888823627,two-sided asymptotic with tie/continuity correction,,,,,,,,0.12993665777647254,0.0649683288882362,ns
D,between,delay vs control,2,2,Mann-Whitney U,28.0,29.0,,346.0,0.3422323226927535,two-sided asymptotic with tie/continuity correction,,,,,,,,1.0,1.0,ns
D,within,delay,0,1,paired Wilcoxon signed-rank,,,29.0,39.0,2.780929207801819e-05,two-sided exact; zero_method=wilcox,-0.08597694061668815,0.0,False,,,,,0.0006674230098724365,0.0003893300890922,***
D,within,control,0,1,paired Wilcoxon signed-rank,,,28.0,148.0,0.21827305853366852,two-sided exact; zero_method=wilcox,-0.03022843891092203,0.0,False,,,,,1.0,1.0,ns
D,change,delay vs control,0,1,Mann-Whitney U on within-fish changes,28.0,29.0,,275.0,0.037242544595979345,two-sided asymptotic with tie/continuity correction,,,,-0.08597694061668815,-0.03022843891092203,-0.05574850170576612,-0.3226600985221675,0.5958807135356695,,ns
D,within,delay,1,2,paired Wilcoxon signed-rank,,,29.0,77.0,0.001666329801082611,two-sided exact; zero_method=wilcox,0.081610040172018,0.0,False,,,,,0.036659255623817444,0.0199959576129913,*
D,within,control,1,2,paired Wilcoxon signed-rank,,,28.0,118.0,0.053377434611320496,two-sided exact; zero_method=wilcox,0.05013783093646379,0.0,False,,,,,0.8006615191698074,0.4270194768905639,ns
D,change,delay vs control,1,2,Mann-Whitney U on within-fish changes,28.0,29.0,,485.0,0.21018764989187033,two-sided asymptotic with tie/continuity correction,,,,0.081610040172018,0.05013783093646379,0.031472209235554216,0.19458128078817727,1.0,,ns
D,within,delay,0,2,paired Wilcoxon signed-rank,,,29.0,159.0,0.21324460953474045,two-sided exact; zero_method=wilcox,-0.025881201259519315,0.0,False,,,,,1.0,,ns
D,within,control,0,2,paired Wilcoxon signed-rank,,,28.0,179.0,0.5979221016168594,two-sided exact; zero_method=wilcox,-0.005733225062651726,0.0,False,,,,,1.0,,ns
D,change,delay vs control,0,2,Mann-Whitney U on within-fish changes,28.0,29.0,,348.0,0.3587032175999796,two-sided asymptotic with tie/continuity correction,,,,-0.025881201259519315,-0.005733225062651726,-0.02014797619686759,-0.1428571428571429,1.0,,ns
E,between,trace vs control,0,0,Mann-Whitney U,19.0,40.0,,391.0,0.8647486595441083,two-sided asymptotic with tie/continuity correction,,,,,,,,1.0,1.0,ns
E,between,trace vs control,1,1,Mann-Whitney U,19.0,40.0,,208.0,0.005400883316547658,two-sided asymptotic with tie/continuity correction,,,,,,,,0.11341854964750082,0.0594097164820242,ns
E,between,trace vs control,2,2,Mann-Whitney U,18.0,40.0,,283.0,0.1985269442709895,two-sided asymptotic with tie/continuity correction,,,,,,,,1.0,1.0,ns
E,within,trace,0,1,paired Wilcoxon signed-rank,,,40.0,139.0,0.00014039414600119926,two-sided exact; zero_method=wilcox,-0.042427224463299884,0.0,False,,,,,0.003229065358027583,0.0018251238980155,**
E,within,control,0,1,paired Wilcoxon signed-rank,,,19.0,94.0,0.9843215942382812,two-sided exact; zero_method=wilcox,0.0060375673576713584,0.0,False,,,,,1.0,1.0,ns
E,change,trace vs control,0,1,Mann-Whitney U on within-fish changes,19.0,40.0,,215.0,0.007618116749328519,two-sided asymptotic with tie/continuity correction,,,,-0.042427224463299884,0.0060375673576713584,-0.04846479182097124,-0.4342105263157895,0.14474421823724185,,ns
E,within,trace,1,2,paired Wilcoxon signed-rank,,,40.0,233.0,0.01650634321049438,two-sided exact; zero_method=wilcox,0.026804972664786042,0.0,False,,,,,0.2971141777888988,0.1485570888944494,ns
E,within,control,1,2,paired Wilcoxon signed-rank,,,18.0,79.0,0.7987060546875,two-sided exact; zero_method=wilcox,0.0007618914634822671,0.0,False,,,,,1.0,1.0,ns
E,change,trace vs control,1,2,Mann-Whitney U on within-fish changes,18.0,40.0,,468.0,0.07079557681557914,two-sided asymptotic with tie/continuity correction,,,,0.026804972664786042,0.0007618914634822671,0.026043081201303775,0.30000000000000004,0.991138075418108,,ns
E,within,trace,0,2,paired Wilcoxon signed-rank,,,40.0,236.0,0.01852677657188906,two-sided exact; zero_method=wilcox,-0.017548446702419618,0.0,False,,,,,0.314955201722114,,ns
E,within,control,0,2,paired Wilcoxon signed-rank,,,18.0,71.0,0.550872802734375,two-sided exact; zero_method=wilcox,-0.0036042453407128527,0.0,False,,,,,1.0,,ns
E,change,trace vs control,0,2,Mann-Whitney U on within-fish changes,18.0,40.0,,271.0,0.13689666520650184,two-sided asymptotic with tie/continuity correction,,,,-0.017548446702419618,-0.0036042453407128527,-0.013944201361706765,-0.24722222222222223,1.0,,ns
