version,panel,condition,block,n_fish,q25,median,q75
ratio,D,control,PT,28,0.9761477808152397,1.0148035659096786,1.0562118682871855
ratio,D,control,ET,28,0.9242434331461205,0.9926989601959579,1.0261946893969416
ratio,D,control,LT,28,0.9856582250696424,1.018453381771152,1.072012652378739
ratio,D,delay,PT,29,1.000934274642829,1.02305222846019,1.1161083879017617
ratio,D,delay,ET,29,0.8604146601803916,0.9384216898545272,0.9651963158492022
ratio,D,delay,LT,29,0.9708998617947044,0.9956758721707006,1.070195689661124
ratio,E,control,PT,19,0.9969118765620002,1.012080847825969,1.0334769062733211
ratio,E,control,ET,19,1.003029707028963,1.0158687097934793,1.0261203311353349
ratio,E,control,LT,18,0.9948985440984319,1.0108795365476055,1.0299483335586457
ratio,E,trace,PT,40,0.994918281020091,1.0143468950358319,1.0450781455663773
ratio,E,trace,ET,40,0.9614138552642287,0.9906515886138754,1.0179314268865456
ratio,E,trace,LT,40,0.9777443349680683,1.0050669160192496,1.020103865784257
log,D,control,PT,28,-0.023177415761220233,0.004655779319293618,0.031128603896059537
log,D,control,ET,24,-0.02252460555284863,0.004162070236583881,0.029866542930991447
log,D,control,LT,26,-0.012300483316191047,0.00834743197735932,0.025432674724100823
log,D,delay,PT,29,-0.03866915914065272,0.006829648137952837,0.05190848131273462
log,D,delay,ET,29,-0.14912290620528124,-0.07521320442431012,-0.0235917339670233
log,D,delay,LT,29,-0.03149589944858011,0.010914645588943284,0.0393697440218963
log,E,control,PT,19,-0.013767374584028547,0.018732272421955187,0.05043260663085358
log,E,control,ET,19,-0.00756366900962635,0.01245142998110893,0.02611978657047387
log,E,control,LT,18,-0.017443710497961118,0.017329726920423116,0.03276651229280525
log,E,trace,PT,40,-0.02349684843397004,-0.010709226580911224,0.06669525741705062
log,E,trace,ET,40,-0.05739936717337912,-0.011032657895107656,0.013680975748034285
log,E,trace,LT,40,-0.02644439672633636,-0.007103894547825229,0.01708284462631815
