panel,trial,version,baseline_count,p10,p50,p90,C_scale,defined
F,5,BoutSamples,2793,-2.881981908010104,-2.1679855184164354,-2.038938997424172,0.421521455292966,True
F,6,BoutSamples,3673,-3.0154001209804893,-2.105992029439665,-1.991783876386264,0.5118081222971126,True
F,7,BoutSamples,2799,-3.07385543775844,-2.026157906622532,-1.9740198683182968,0.5499177847200714,True
F,8,BoutSamples,2368,-2.9320552717977395,-2.0156846273821354,-1.9288883095106528,0.5015834811435433,True
F,9,BoutSamples,2520,-3.011895819703417,-2.170461261850563,-2.038750893823318,0.4865724629400496,True
F,10,BoutSamples,2316,-3.0011170001871443,-2.1127531835384694,-1.9745809830766947,0.5132680085552248,True
F,11,BoutSamples,2131,-3.119406642285429,-2.368887433298849,-2.20931149012503,0.4550475760801995,True
F,12,BoutSamples,3179,-2.9895564019108463,-2.015876247977743,-1.938750055661235,0.5254031731248057,True
F,13,BoutSamples,2955,-3.125287000540222,-2.004455183107082,-1.9769518771098848,0.5741675617151686,True
F,14,BoutSamples,4604,-3.0514640744119106,-2.137221950258782,-2.076137853396384,0.4876631105077633,True
F,15,BoutSamples,4548,-2.97194798719884,-2.4554766742409777,-2.1374249446001614,0.4172615212993393,True
F,16,BoutSamples,4051,-3.2035463461334674,-2.1514749352306195,-2.08505702478234,0.5592446606755637,True
F,17,BoutSamples,3203,-2.401791150919624,-2.207171492517251,-2.139079304352492,0.1313559232835659,True
F,18,BoutSamples,2823,-3.125902568884695,-2.25488202033479,-2.121270467053012,0.5023160509158415,True
F,19,BoutSamples,3541,-2.372101420686781,-2.282138346233942,-2.215342763253925,0.0783793287164278,True
F,20,BoutSamples,3577,-2.5405045881780044,-2.2348228496837,-2.080684531243409,0.2299100284672977,True
F,21,BoutSamples,3188,-3.034151099050616,-2.3221528915358243,-2.22064179585118,0.4067546515997182,True
F,22,BoutSamples,3872,-2.4533276611581973,-2.2194203145138776,-2.1448222930311087,0.1542526840635443,True
F,23,BoutSamples,3949,-2.778979928974248,-2.350830039933212,-2.2383250022717807,0.2703274633512336,True
F,24,BoutSamples,3318,-2.4999422511216043,-2.3707196972474147,-2.2698249887545154,0.1150586311835444,True
F,25,BoutSamples,4422,-2.463015558149168,-2.3099341847432697,-2.218116099202508,0.1224497294733297,True
F,26,BoutSamples,3947,-2.9848754159966244,-2.264540296841517,-2.175239156908985,0.4048181295438198,True
F,27,BoutSamples,3614,-3.1133679033377257,-2.3147052274868583,-2.2170963356956213,0.4481357838210522,True
F,28,BoutSamples,3769,-2.5105611136685777,-2.2784341310086385,-2.215936341514763,0.1473123860769074,True
F,29,BoutSamples,4169,-3.010001332104671,-2.473911635603105,-2.310635759252322,0.3496827864261744,True
F,30,BoutSamples,4105,-2.9857312471904134,-2.372157964693073,-2.1915570498525128,0.3970870986689503,True
F,31,BoutSamples,4018,-2.4305442922902487,-2.279665490594358,-2.1573965471627257,0.1365738725637615,True
F,32,BoutSamples,3629,-3.09982207085809,-2.3971950773584942,-2.291685942243215,0.4040680643074374,True
F,33,BoutSamples,3392,-2.867481811054114,-2.4709569559637483,-2.2989480056493083,0.2842669027024027,True
F,34,BoutSamples,3757,-3.044104316624165,-2.3681951007270947,-2.205646325185986,0.4192289957190895,True
F,35,BoutSamples,3861,-3.042081015328828,-2.351081909429822,-2.1281133614992385,0.4569838269147945,True
F,36,BoutSamples,3443,-3.1080339095330274,-2.25710343591399,-2.181611306369483,0.4632113015817722,True
F,37,BoutSamples,3211,-2.9111675066512426,-2.559280720126341,-2.3599946721672547,0.2755864172419939,True
F,38,BoutSamples,3438,-2.6687673285751146,-2.381735033604562,-2.213692347908856,0.2275374903331293,True
F,39,BoutSamples,4239,-3.1378855912865484,-2.4198282417779104,-2.315979784762153,0.4109529032621974,True
F,40,BoutSamples,4135,-2.9614010832551427,-2.4085233108750685,-2.238720775823505,0.3613401537158189,True
F,41,BoutSamples,3343,-3.024178516931099,-2.536349956901052,-2.3304054140146127,0.3468865514582431,True
F,42,BoutSamples,3890,-3.026590158611764,-2.379435201601785,-2.1774662502662485,0.4245619541727576,True
F,43,BoutSamples,3995,-2.7986030804461537,-2.3300899414217864,-2.260418523412082,0.2690922785170357,True
F,44,BoutSamples,3684,-3.071084759909064,-2.488325135219119,-2.365589638541157,0.3527475606839534,True
F,45,BoutSamples,4265,-3.1251207922584974,-2.366531910875412,-2.233043777459112,0.4460385073996928,True
F,46,BoutSamples,4023,-2.642934460037223,-2.4274971915675696,-2.2927499692883804,0.1750922453744212,True
F,47,BoutSamples,4129,-3.147501367333348,-2.5513548830939707,-2.382868904009204,0.382316231662072,True
F,48,BoutSamples,3788,-3.1054718747700107,-2.610847076572249,-2.44038877981502,0.3325415474774955,True
F,49,BoutSamples,3975,-2.866600316056669,-2.4886770541518404,-2.290250831065987,0.2881747424953409,True
F,50,BoutSamples,4312,-2.9675761001769185,-2.4154459084890507,-2.320198995082329,0.3236885525472948,True
F,51,BoutSamples,4625,-3.121498494916493,-2.545982298255342,-2.3534776693584982,0.3840104127789974,True
F,52,BoutSamples,4298,-2.7321983667103016,-2.426333911162636,-2.274921751938451,0.2286383073859252,True
F,53,BoutSamples,4434,-3.0226078516105908,-2.478933299402337,-2.322657696768614,0.3499750774209884,True
F,54,BoutSamples,2965,-3.0870787073058343,-2.3287548449343056,-2.18479949972526,0.4511396037902873,True
F,55,BoutSamples,4621,-3.0465541412007817,-2.4188124306968684,-2.269953815554243,0.3883001628232694,True
F,56,BoutSamples,5053,-2.9685277426123164,-2.3818023398143606,-2.288273338843023,0.3401272018846466,True
F,57,BoutSamples,4301,-3.0889302113740564,-2.48695201792304,-2.3090080054620463,0.389961102956005,True
F,58,BoutSamples,4046,-2.988962800014583,-2.5422931390461594,-2.39970772631003,0.2946275368522764,True
F,59,BoutSamples,4283,-3.0257021524806103,-2.4531021577600955,-2.3370471563247306,0.3443274980779398,True
F,60,BoutSamples,4122,-3.052031973920674,-2.435440096582122,-2.253379301557365,0.3993263361816543,True
F,61,BoutSamples,4468,-2.831891641902727,-2.3968382977472387,-2.2600749706430108,0.2859083356298582,True
F,62,BoutSamples,4157,-3.13434298720674,-2.513980073124461,-2.3973874808727524,0.3684777531669936,True
F,63,BoutSamples,3496,-2.5194897035680706,-2.383611510679443,-2.2670855058889345,0.126202098839568,True
F,64,BoutSamples,4023,-2.911511525507484,-2.448177036742634,-2.305651894643062,0.3029298154322106,True
F,65,BoutSamples,3419,-3.145228541266656,-2.346666160254077,-2.1542112633013586,0.4955086389826486,True
F,66,BoutSamples,4856,-3.039922250425551,-2.4112445325210974,-2.154041071976761,0.4429405892243951,True
F,67,BoutSamples,5937,-3.049507362089788,-2.3930578459489897,-2.239909855429984,0.404798753329902,True
F,68,BoutSamples,4570,-3.120085050230512,-2.436491553571557,-2.229859983610683,0.4451125333099144,True
F,69,BoutSamples,5174,-3.041069257388412,-2.265666666639242,-2.177184905732571,0.4319421758279205,True
F,70,BoutSamples,4118,-3.164637607064666,-2.305301698376572,-2.1336069244286704,0.5155153413179978,True
F,71,BoutSamples,5198,-2.9988400701563824,-2.4625321229294546,-2.2389478698758114,0.3799461001402855,True
F,72,BoutSamples,4312,-3.146830512462799,-2.536641558841198,-2.279023047053903,0.4339037327044479,True
F,73,BoutSamples,4878,-3.115496128592669,-2.571648166301856,-2.369540934294736,0.3729775971489668,True
F,74,BoutSamples,5232,-3.0368665361896072,-2.755354749683604,-2.221624796696572,0.4076208697465178,True
F,75,BoutSamples,4960,-3.128420841254945,-2.5730911935150185,-2.1745264351087186,0.4769472030731132,True
F,76,BoutSamples,5047,-3.090571653680969,-2.812573367725658,-2.3057931753761807,0.3923892391523942,True
F,77,BoutSamples,5373,-3.0706845236167744,-2.8503787704532506,-2.3819212268535472,0.3443816483816135,True
F,78,BoutSamples,6332,-3.007432689954152,-2.712691034972662,-2.2873551220767885,0.3600387839386818,True
F,79,BoutSamples,6170,-3.0125865439988955,-2.839993049888708,-2.242772681699217,0.384906931149839,True
F,80,BoutSamples,5509,-3.0478548871897866,-2.783807975814913,-2.287202471721856,0.3803262077339653,True
F,81,BoutSamples,6197,-3.057683353364385,-2.792785589191789,-2.1567715343050287,0.450455909529678,True
F,82,BoutSamples,6380,-2.959047888386773,-2.733757119458705,-2.26588330902924,0.3465822896787665,True
F,83,BoutSamples,5799,-3.014766856759496,-2.776614329494061,-2.459676471149792,0.2775451928048518,True
F,84,BoutSamples,5317,-2.923954693803939,-2.7259426097819235,-2.4888724517316283,0.2175411210361553,True
F,85,BoutSamples,6689,-2.994499992118364,-2.806116950983181,-2.210309761320324,0.3920951153990197,True
F,86,BoutSamples,6698,-3.007773103965471,-2.752367980137303,-2.223002128867152,0.3923854875491595,True
F,87,BoutSamples,7819,-2.9454061070780084,-2.693453074027107,-2.4357179551521155,0.2548440759629464,True
F,88,BoutSamples,6359,-2.9796842893709763,-2.84619072097801,-2.104814702767077,0.4374347933019495,True
F,89,BoutSamples,6590,-3.000214150862352,-2.794472595714808,-2.4021942916804293,0.2990099295909614,True
F,90,BoutSamples,6531,-2.986013038563104,-2.7890282483725466,-2.460578975208174,0.2627170316774649,True
F,91,BoutSamples,6164,-3.021654350655767,-2.758520599796954,-2.422251937628527,0.29970120651362,True
F,92,BoutSamples,6630,-3.021177939679359,-2.730860041167648,-2.3192487832244586,0.3509645782274502,True
F,93,BoutSamples,6633,-3.0182259068271846,-2.655309358517548,-2.369047671230842,0.3245891177981712,True
F,94,BoutSamples,6540,-3.022130404263529,-2.730941010512615,-2.408926010598293,0.306602196832618,True
G,5,BoutSamples,6586,-2.9514641991441506,-2.691231444840214,-2.424459479185775,0.2635023599791877,True
G,6,BoutSamples,6785,-2.9594742969880956,-2.7936940362233855,-2.5966168604371873,0.18142871827545415,True
G,7,BoutSamples,7530,-2.9928491614788886,-2.600895892892746,-2.4247069978653095,0.2840710818067895,True
G,8,BoutSamples,6836,-3.007177373391257,-2.669267611529907,-2.4673433573349923,0.26991700802813234,True
G,9,BoutSamples,7995,-2.8962074753667113,-2.7466298675766443,-2.4541443861678385,0.2210315445994364,True
G,10,BoutSamples,7995,-2.928125650267846,-2.7852276866314165,-2.591967163120549,0.16807924357364845,True
G,11,BoutSamples,7127,-2.9017750481517686,-2.693082028943704,-2.487292412294452,0.2072413179286583,True
G,12,BoutSamples,8065,-2.8470094935205883,-2.7325082757423678,-2.6062372476021305,0.1203861229592289,True
G,13,BoutSamples,7682,-2.97819446133081,-2.7420746422484097,-2.5689053819322805,0.20464453969926466,True
G,14,BoutSamples,7533,-2.9738649494529454,-2.779839139429293,-2.646992855623986,0.16343604691447977,True
G,15,BoutSamples,7618,-2.93482045834733,-2.796973785547067,-2.49696441915602,0.2189280195956551,True
G,16,BoutSamples,6406,-3.000514990632932,-2.7816762831462367,-2.593969842073498,0.203272574279717,True
G,17,BoutSamples,6155,-2.989720623886256,-2.7573664737073056,-2.660039340482324,0.1648406417019661,True
G,18,BoutSamples,4616,-3.028874565525032,-2.8337611739114372,-2.611710930654066,0.2085818174354832,True
G,19,BoutSamples,6864,-2.9992272181332296,-2.8143893740677792,-2.6691106065555967,0.16505830578881642,True
G,20,BoutSamples,6066,-3.026485046582192,-2.621487897830682,-2.491826839402276,0.2673291035899581,True
G,21,BoutSamples,5706,-3.040253282897191,-2.7293207392304932,-2.493835831916596,0.2732087254902975,True
G,22,BoutSamples,7174,-2.932450863044921,-2.6954177085237037,-2.5461494513930614,0.19315070582592986,True
G,23,BoutSamples,6603,-2.982695662384571,-2.8187303815753393,-2.5491022438390747,0.21679670927274808,True
G,24,BoutSamples,7246,-2.9619860544143175,-2.640783430939531,-2.4609660983507275,0.250509978031795,True
G,25,BoutSamples,7638,-2.8953297589062013,-2.661577776923127,-2.4575985002748455,0.21886562931567788,True
G,26,BoutSamples,6265,-2.9504801741393223,-2.70461181556538,-2.414643153048164,0.26791851054557925,True
G,27,BoutSamples,6107,-2.995001326914979,-2.5941522018040826,-2.398237410666045,0.2983819581244669,True
G,28,BoutSamples,6539,-2.930862968679707,-2.733388835072028,-2.601549739183887,0.16465661474791005,True
G,29,BoutSamples,5260,-3.0780599974466236,-2.6494348835458714,-2.458298839223876,0.3098805791113739,True
G,30,BoutSamples,6825,-3.0366510867232526,-2.6760167029712805,-2.434074527202462,0.3012882797603953,True
G,31,BoutSamples,6260,-2.9683278935383988,-2.685307395616035,-2.5055348671332935,0.2313965132025526,True
G,32,BoutSamples,5266,-2.9581643190097444,-2.7062791279190495,-2.52608054944998,0.21604188477988218,True
G,33,BoutSamples,5821,-3.087041105351338,-2.73045071261482,-2.481485336280496,0.302777884535421,True
G,34,BoutSamples,6145,-2.945465019437999,-2.690433031995559,-2.5076445184735023,0.21891025048224844,True
G,35,BoutSamples,5979,-2.9481156651469216,-2.743633933521108,-2.61883136324844,0.16464215094924084,True
G,36,BoutSamples,6826,-2.92087170174333,-2.703306865495049,-2.6194588337777134,0.15070643398280836,True
G,37,BoutSamples,7825,-2.929774153855574,-2.734873349916237,-2.614778894451966,0.15749762970180403,True
G,38,BoutSamples,6963,-2.9841070816083506,-2.8033927915793986,-2.643312247634664,0.1703974169868432,True
G,39,BoutSamples,7176,-2.969535837908621,-2.7731952314920516,-2.5842907972063585,0.19262252035113137,True
G,40,BoutSamples,7045,-3.004379243575344,-2.8175298031336666,-2.5686610533330323,0.21785909512115587,True
G,41,BoutSamples,7308,-2.9538616411660685,-2.739598834106216,-2.4739815218175907,0.23994005967423893,True
G,42,BoutSamples,6830,-2.9879245663500655,-2.823485076658729,-2.6134360218881865,0.18724427223093953,True
G,43,BoutSamples,6396,-2.985265904806431,-2.79327438093314,-2.61362821018784,0.18581884730929565,True
G,44,BoutSamples,5174,-3.036808762472087,-2.8121770268943203,-2.622659766139002,0.20707449816654244,True
G,45,BoutSamples,5970,-2.9898739660808094,-2.786437374417668,-2.6476094965170303,0.17113223478188955,True
G,46,BoutSamples,6659,-3.0354002056585623,-2.7644951763580234,-2.6380172293460364,0.19869148815626292,True
G,47,BoutSamples,7284,-2.9184989732447852,-2.7523083751204047,-2.6467879998496775,0.13585548669755387,True
G,48,BoutSamples,8296,-2.9560168827077686,-2.72886471461754,-2.543250768855801,0.2063830569259839,True
G,49,BoutSamples,6168,-2.979272598725231,-2.7861416022239958,-2.6293461686772717,0.1749632150239797,True
G,50,BoutSamples,6735,-3.0254907029255906,-2.765028877204073,-2.6290563076382947,0.19821719764364798,True
G,51,BoutSamples,6426,-3.006999314254277,-2.8030383385331774,-2.6698065525723678,0.16859638084095452,True
G,52,BoutSamples,6797,-2.991725724495123,-2.8143588416740766,-2.5187459033023396,0.2364899105963918,True
G,53,BoutSamples,7121,-3.0213944345042107,-2.771415752223569,-2.605516277661833,0.20793907842118897,True
G,54,BoutSamples,5990,-3.036964692178601,-2.772049531357974,-2.6244520954687687,0.2062562983549161,True
G,55,BoutSamples,8187,-2.848501346747781,-2.7115900095747434,-2.5903793627296077,0.1290609920090866,True
G,56,BoutSamples,7839,-2.9531891235541967,-2.6778962848083796,-2.513994076471335,0.21959752354143092,True
G,57,BoutSamples,6256,-2.9646655968949793,-2.7830952814788983,-2.640886961320803,0.16188931778708815,True
G,58,BoutSamples,6934,-2.9366206533563632,-2.7002240652518887,-2.5851721225610698,0.17572426539764674,True
G,59,BoutSamples,6954,-2.9229131573777445,-2.660058806826072,-2.5610983629865465,0.180907397195599,True
G,60,BoutSamples,6588,-2.9049049321985687,-2.7158171910854936,-2.5862602221963766,0.15932235500109604,True
G,61,BoutSamples,7846,-2.9252971229048783,-2.765726527274895,-2.528898900374484,0.19819911126519707,True
G,62,BoutSamples,8152,-2.8603036285836545,-2.633341542319007,-2.428014755372919,0.21614443660536775,True
G,63,BoutSamples,6977,-2.9847799046862082,-2.7521897027758753,-2.3500269632028847,0.31737647074166175,True
G,64,BoutSamples,7278,-2.9422155394011873,-2.8084658386489156,-2.6117880820595794,0.16521372867080397,True
G,65,BoutSamples,7522,-2.9907454825763895,-2.7104932647768285,-2.5036330254433836,0.24355622856650294,True
G,66,BoutSamples,5441,-3.0262809217747133,-2.830266228538483,-2.637613845943021,0.19433353791584618,True
G,67,BoutSamples,8048,-2.882096699481005,-2.6847478280366435,-2.5369392209443955,0.1725787392683047,True
G,68,BoutSamples,7797,-2.951357603210843,-2.8065862094270932,-2.6860666790295387,0.1326454620906521,True
G,69,BoutSamples,8077,-2.9723981351216318,-2.7650238680081554,-2.462553922887428,0.25492210611710187,True
G,70,BoutSamples,6269,-2.95841486508032,-2.815376019270441,-2.561779682359154,0.19831759136058302,True
G,71,BoutSamples,7703,-2.9572247311257476,-2.742314289066119,-2.6247753504171243,0.16622469035431164,True
G,72,BoutSamples,5568,-3.0406631829871222,-2.897295710511689,-2.661341899622686,0.1896606416822182,True
G,73,BoutSamples,5527,-3.0088778565699474,-2.835223266022938,-2.5116712434371804,0.24860330656638352,True
G,74,BoutSamples,5874,-3.0248007260191354,-2.7897722378502183,-2.4200343752943683,0.30238317536238357,True
G,75,BoutSamples,5571,-3.124322762027592,-2.7937890846580973,-2.519816832712163,0.30225296465771456,True
G,76,BoutSamples,8727,-2.87752972267728,-2.691241632679983,-2.4953696841634003,0.19108001925693974,True
G,77,BoutSamples,7142,-2.95913522465604,-2.7459688877082926,-2.5800914621326076,0.1895218812617161,True
G,78,BoutSamples,8140,-2.936816495695922,-2.734129748453305,-2.48739810749134,0.22470919410229095,True
G,79,BoutSamples,7782,-2.9610433396356686,-2.819830796230197,-2.4528433167668373,0.25410001143441563,True
G,80,BoutSamples,6549,-3.010763821599284,-2.850785455638064,-2.6644627534912653,0.17315053405400938,True
G,81,BoutSamples,9107,-2.826961762676439,-2.7028326374674663,-2.5726662519141286,0.1271477553811553,True
G,82,BoutSamples,7750,-2.9422411844634735,-2.792457882578651,-2.6636968427339767,0.1392721708647484,True
G,83,BoutSamples,8174,-2.9486085394357415,-2.7826670537619234,-2.6915384571316134,0.12853504115206404,True
G,84,BoutSamples,6739,-2.9078651325826406,-2.791799901743886,-2.6764052753510486,0.11572992861579601,True
G,85,BoutSamples,7107,-2.9500791303540845,-2.7712205199399382,-2.662889990069922,0.14359457014208132,True
G,86,BoutSamples,6298,-3.0223930185227057,-2.816855020441288,-2.7542232984157047,0.1340848600535005,True
G,87,BoutSamples,7174,-3.0398470242334303,-2.7957404628918257,-2.615174102524061,0.21233646085468472,True
G,88,BoutSamples,8125,-2.8834224179605563,-2.7011349729361216,-2.483029748593067,0.20019633468374476,True
G,89,BoutSamples,7431,-3.019542357166525,-2.760199691482317,-2.634637166700554,0.19245259523298563,True
G,90,BoutSamples,7681,-2.8883306152630137,-2.688926528477099,-2.4328752582592523,0.2277276785018807,True
G,91,BoutSamples,8222,-2.9224441753275454,-2.7476092035728086,-2.6274400768626185,0.14750204923246346,True
G,92,BoutSamples,8476,-2.893464984880799,-2.7292289774523173,-2.5828519585202034,0.15530651318029776,True
G,93,BoutSamples,7134,-2.963177106335155,-2.7724678607102256,-2.5583256573144766,0.20242572451033913,True
G,94,BoutSamples,6933,-2.9267884895632448,-2.7614713780066467,-2.533672181820508,0.19655815387136832,True
H,5,BoutSamples,1854,-3.0046522740216783,-2.614058671087999,-2.450691474494382,0.2769803997636482,True
H,6,BoutSamples,1339,-2.5762124149168204,-2.068340098474107,-1.9656803155192049,0.3052660496988078,True
H,7,BoutSamples,2021,-2.6664952249705154,-2.4469961822726125,-2.286121668314616,0.1901867783279498,True
H,8,BoutSamples,1217,-2.6754131215540538,-2.5675322877115674,-2.5138111874459645,0.0808009670540446,True
H,9,BoutSamples,1569,-2.906347891363392,-2.652407666635446,-2.509813001641435,0.1982674448609787,True
H,10,BoutSamples,1241,-2.4255316551712105,-2.398365405200104,-2.280472517271092,0.0725295689500591,True
H,11,BoutSamples,1509,-2.5387438831210707,-2.4165228261390217,-2.244594820235446,0.1470745314428123,True
H,12,BoutSamples,1240,-3.0408126060970746,-2.6290357402755657,-2.53185727135344,0.2544776673718174,True
H,13,BoutSamples,1403,-2.535213974887334,-2.360236047993105,-2.1832885086344747,0.1759627331264297,True
H,14,BoutSamples,1538,-2.3821583058978164,-2.2226244453004256,-2.204481195022256,0.0888385554377801,True
H,15,BoutSamples,391,-2.7696543842210835,-2.448428162568728,-2.0736478563623844,0.3480032639293495,True
H,16,BoutSamples,82,-2.626115928050357,-2.626115928050357,-2.626115928050357,0.0,False
H,17,BoutSamples,2397,-2.665170723934484,-2.377445678268664,-2.2698275085608497,0.1976716076868168,True
H,18,BoutSamples,2490,-2.443540733762826,-2.3972742525608868,-2.267431439445636,0.0880546471585952,True
H,19,BoutSamples,973,-2.535779171423416,-2.285530757996978,-2.2483346527613715,0.1437222593310221,True
H,20,BoutSamples,2903,-2.5958484276000355,-2.4441736508376657,-2.3791364900973706,0.1083559687513324,True
H,21,BoutSamples,1493,-2.596170678743584,-2.4983400456401705,-2.3814937133547023,0.1073384826944408,True
H,22,BoutSamples,2001,-2.639878278955745,-2.548315388771301,-2.4193851759150142,0.1102465515203654,True
H,23,BoutSamples,980,-2.793842739724501,-2.646118961004824,-2.4113761651621246,0.1912332872811881,True
H,24,BoutSamples,967,-2.5998562782713166,-2.499580003739189,-2.4215616791264405,0.089147299572438,True
H,25,BoutSamples,1975,-2.459481517257998,-2.3071428904656663,-2.2262519252957835,0.1166147959811072,True
H,26,BoutSamples,580,-2.6900398464716058,-2.4402852716540284,-2.397715741978991,0.1461620522463074,True
H,27,BoutSamples,2521,-2.5075360164897504,-2.3821192472455435,-2.313695498485937,0.0969202590019067,True
H,28,BoutSamples,2460,-2.5642478576377936,-2.3756926986061546,-2.323050453192102,0.1205987022228458,True
H,29,BoutSamples,2273,-2.480501874119161,-2.338785648906057,-2.301703582633003,0.0893991457430789,True
H,30,BoutSamples,2875,-2.5113955494312084,-2.3908577825193493,-2.281918103223797,0.1147387231037055,True
H,31,BoutSamples,2591,-2.5847150696494205,-2.3521266596386288,-2.178092379950914,0.2033113448492531,True
H,32,BoutSamples,2408,-2.508051990990654,-2.409992486067955,-2.27012449912764,0.1189637459315073,True
H,33,BoutSamples,2805,-2.3150520387931537,-2.2657427058719897,-2.194639325315066,0.0602063567390438,True
H,34,BoutSamples,2567,-2.477807076900014,-2.319822301860561,-2.22397526041196,0.126915908244027,True
H,35,BoutSamples,2140,-2.5182284551190706,-2.411218617264418,-2.218441378657366,0.1498935382308523,True
H,36,BoutSamples,2487,-2.6563032647521743,-2.525322636988632,-2.3610237663043936,0.1476397492238903,True
H,37,BoutSamples,2043,-2.520052180930103,-2.4648231853562965,-2.400975727083898,0.0595382269231026,True
H,38,BoutSamples,1536,-2.6419886820368195,-2.5297763502935258,-2.417951925400013,0.1120183783184032,True
H,39,BoutSamples,1450,-2.4070278380027124,-2.3318842690395787,-2.2689872333031524,0.0690203023497799,True
H,40,BoutSamples,2291,-2.5697091953304,-2.3599119497165417,-2.303868256559733,0.1329204693853332,True
H,41,BoutSamples,2924,-2.4022488247117693,-2.295819974383787,-2.223149877573229,0.0895494735692699,True
H,42,BoutSamples,1920,-2.3462844634303903,-2.302753706051264,-2.215336966332191,0.0654737485490997,True
H,43,BoutSamples,2588,-2.370899183158017,-2.2704413726742936,-2.215380080627118,0.0777595512654494,True
H,44,BoutSamples,1247,-2.540312433141078,-2.4266885834233287,-2.259234670862036,0.1405388811395209,True
H,45,BoutSamples,2297,-2.542650301444501,-2.428519231623873,-2.33319763866956,0.1047263313874706,True
H,46,BoutSamples,2702,-2.4552805281241863,-2.398964009075004,-2.316195799308259,0.0695423644079635,True
H,47,BoutSamples,2766,-2.50010612457848,-2.4244101589680707,-2.3179197883207765,0.0910931681288518,True
H,48,BoutSamples,2824,-2.735553366939456,-2.489015844986678,-2.4184741085262047,0.1585396292066254,True
H,49,BoutSamples,2466,-2.4861413170661724,-2.388156592704715,-2.3476143157588223,0.069263500653675,True
H,50,BoutSamples,1671,-2.426372177284708,-2.274926589673411,-2.1651897455183247,0.1305912158831914,True
H,51,BoutSamples,3311,-2.452990559033145,-2.337963077565402,-2.2932979472704527,0.0798463058813461,True
H,52,BoutSamples,2232,-2.478131544884973,-2.356555802332845,-2.249488425997608,0.114321559443683,True
H,53,BoutSamples,2920,-2.4207429820982624,-2.3019565557370023,-2.250737863321888,0.0850025593881873,True
H,54,BoutSamples,3478,-2.44442343868968,-2.334826100423013,-2.3043570950412287,0.0700331718242253,True
H,55,BoutSamples,2710,-2.547530209915834,-2.446994304309971,-2.272979723583181,0.1372752431663264,True
H,56,BoutSamples,2501,-2.787791359811192,-2.4798112260985805,-2.2334400657330296,0.2771756470390811,True
H,57,BoutSamples,2666,-2.465493333801606,-2.299985510476052,-2.2512986235393573,0.1070973551311242,True
H,58,BoutSamples,4242,-2.2987082611837746,-2.235175456369523,-2.182388407056319,0.0581599270637278,True
H,59,BoutSamples,2464,-2.4075916071244867,-2.3531032097093547,-2.294130396378129,0.0567306053731788,True
H,60,BoutSamples,2966,-2.3697057321394057,-2.2519160717491853,-2.242060789476933,0.0638224713312363,True
H,61,BoutSamples,3212,-2.282183067762709,-2.1282980962678564,-2.1278984938822494,0.0771422869402298,True
H,62,BoutSamples,3112,-2.484969208984314,-2.342615682687698,-2.27076184634604,0.1071036813191368,True
H,63,BoutSamples,1816,-2.7314053998208268,-2.41838787874264,-2.0748850664632643,0.3282601666787812,True
H,64,BoutSamples,1000,-2.3919364952584186,-2.354772009761908,-1.897962250995315,0.2469871221315518,True
H,65,BoutSamples,2058,-2.5031914213190465,-2.417936810343485,-2.4017881920212303,0.0507016146489081,True
H,66,BoutSamples,1767,-2.6363461217909503,-2.484023857702819,-2.430149478011228,0.1030983218898613,True
H,67,BoutSamples,3227,-2.471995731664025,-2.407128599206535,-2.329982467180079,0.0710066322419733,True
H,68,BoutSamples,1057,-2.649566646555114,-2.557473025986264,-2.453912782718219,0.0978269319184474,True
H,69,BoutSamples,654,-3.1169854784167983,-2.5504529241520904,-2.5504529241520904,0.2832662771323539,True
H,70,BoutSamples,490,-3.012273162990236,-2.8433374042576904,-2.762425999180876,0.1249235819046798,True
H,71,BoutSamples,1359,-2.718131084504909,-2.6150619739863057,-2.533138574344205,0.0924962550803518,True
H,72,BoutSamples,1029,-3.038279477227269,-2.718155166487652,-2.593300917843901,0.2224892796916839,True
H,73,BoutSamples,945,-2.7245127233891804,-2.590091856746265,-2.535519562652934,0.0944965803681232,True
H,74,BoutSamples,2326,-2.6155413090979,-2.544145169637714,-2.480098863090445,0.0677212230037271,True
H,75,BoutSamples,1980,-2.7218049833195246,-2.6208646690952926,-2.518527894541559,0.1016385443889829,True
H,76,BoutSamples,1888,-2.60789973799167,-2.5102925452737206,-2.469449726024453,0.0692250059836088,True
H,77,BoutSamples,958,-2.809027855058264,-2.548200557411931,-2.4447590483156025,0.1821344033713308,True
H,78,BoutSamples,2289,-2.664519538463349,-2.6014714811940625,-2.479854892624619,0.0923323229193648,True
H,79,BoutSamples,1793,-2.735431289844437,-2.669924112315573,-2.537539912015641,0.098945688914398,True
H,80,BoutSamples,2696,-2.6897927443927125,-2.621752458209473,-2.525078944823374,0.0823568997846693,True
H,81,BoutSamples,1305,-2.755548366480178,-2.6077950574759368,-2.4863997656194794,0.1345743004303492,True
H,82,BoutSamples,1614,-2.760203208683648,-2.637255393595336,-2.585223917233916,0.0874896457248659,True
H,83,BoutSamples,2826,-2.6404906655635214,-2.533119206629172,-2.463815416215664,0.0883376246739289,True
H,84,BoutSamples,2263,-2.7128580953813177,-2.621717258550162,-2.502015490955211,0.1054213022130534,True
H,85,BoutSamples,2414,-2.6569176406254966,-2.6065794736772565,-2.470911988721147,0.0930028259521749,True
H,86,BoutSamples,1702,-2.679207421104892,-2.5767463026036177,-2.548453398458335,0.0653770113232785,True
H,87,BoutSamples,1848,-2.726001488730766,-2.596318805621144,-2.5191861865858454,0.1034076510724606,True
H,88,BoutSamples,1783,-2.6149791880466324,-2.491639588061741,-2.405748844752759,0.1046151716469367,True
H,89,BoutSamples,2149,-2.6816484231656936,-2.6198475760883,-2.481918992980674,0.0998647150925098,True
H,90,BoutSamples,2295,-2.559303626002211,-2.506972429600527,-2.450603863095077,0.054349881453567,True
H,91,BoutSamples,2220,-2.632361461195596,-2.599977733314755,-2.5407740400668137,0.045793710564391,True
H,92,BoutSamples,2948,-2.573466394471619,-2.512356533755636,-2.4642966681831986,0.0545848631442102,True
H,93,BoutSamples,2748,-2.6660714365430653,-2.5463136763199943,-2.4834296156958464,0.0913209104236094,True
H,94,BoutSamples,2554,-2.656191446822222,-2.5706427850010085,-2.523690482472912,0.0662504821746552,True
