panel,fish,trial,baseline_mean_log_vigor,finite_baseline_bin_count,defined
F,20221115_07,5,-2.6214046942037563,19,True
F,20221115_07,6,-2.5853437681049924,20,True
F,20221115_07,7,-2.573524414798328,19,True
F,20221115_07,8,-2.530788704402018,18,True
F,20221115_07,9,-2.6163812264795796,20,True
F,20221115_07,10,-2.585227837940097,19,True
F,20221115_07,11,-2.6730055785113467,19,True
F,20221115_07,12,-2.630284236426003,20,True
F,20221115_07,13,-2.639956558511019,15,True
F,20221115_07,14,-2.681726838641976,20,True
F,20221115_07,15,-2.8260387211838642,20,True
F,20221115_07,16,-2.6269047945602093,18,True
F,20221115_07,17,-2.613461080355813,20,True
F,20221115_07,18,-2.673612989693262,18,True
F,20221115_07,19,-2.64939095716542,20,True
F,20221115_07,20,-2.516955996135731,19,True
F,20221115_07,21,-2.7446454120170385,18,True
F,20221115_07,22,-2.56303504139147,20,True
F,20221115_07,23,-2.7086931064189663,20,True
F,20221115_07,24,-2.693858029695076,20,True
F,20221115_07,25,-2.6652662341478544,20,True
F,20221115_07,26,-2.595733275633367,20,True
F,20221115_07,27,-2.69830636821013,20,True
F,20221115_07,28,-2.642730128225854,20,True
F,20221115_07,29,-2.7780845231468883,20,True
F,20221115_07,30,-2.716294458608668,20,True
F,20221115_07,31,-2.5818830423068366,19,True
F,20221115_07,32,-2.765058446014219,20,True
F,20221115_07,33,-2.799008637940607,20,True
F,20221115_07,34,-2.809031199408058,20,True
F,20221115_07,35,-2.706270158596235,19,True
F,20221115_07,36,-2.7247204622632615,19,True
F,20221115_07,37,-2.812796292455938,20,True
F,20221115_07,38,-2.748141449466889,20,True
F,20221115_07,39,-2.7862995924884055,20,True
F,20221115_07,40,-2.718223394550441,20,True
F,20221115_07,41,-2.842929599382583,20,True
F,20221115_07,42,-2.6876241847082087,20,True
F,20221115_07,43,-2.691892850576977,20,True
F,20221115_07,44,-2.8546780268908027,20,True
F,20221115_07,45,-2.7984128730904385,20,True
F,20221115_07,46,-2.730747830454887,20,True
F,20221115_07,47,-2.8684984965911586,20,True
F,20221115_07,48,-2.880685439414866,20,True
F,20221115_07,49,-2.7855638801673077,20,True
F,20221115_07,50,-2.7718965272981033,20,True
F,20221115_07,51,-2.8969089465726237,20,True
F,20221115_07,52,-2.7567757437945697,20,True
F,20221115_07,53,-2.807243869393804,20,True
F,20221115_07,54,-2.8654172428370734,18,True
F,20221115_07,55,-2.77072965055124,20,True
F,20221115_07,56,-2.754267130657305,20,True
F,20221115_07,57,-2.80574586498785,20,True
F,20221115_07,58,-2.8544022570087386,20,True
F,20221115_07,59,-2.7546628311983,20,True
F,20221115_07,60,-2.8596522472939,20,True
F,20221115_07,61,-2.7382980515654944,20,True
F,20221115_07,62,-2.832620762429599,20,True
F,20221115_07,63,-2.688346689232251,20,True
F,20221115_07,64,-2.7833062879199377,20,True
F,20221115_07,65,-2.7580475227436887,20,True
F,20221115_07,66,-2.772055827522833,20,True
F,20221115_07,67,-2.7844630621989417,20,True
F,20221115_07,68,-2.781532990743062,20,True
F,20221115_07,69,-2.7360472215997396,20,True
F,20221115_07,70,-2.80898723502419,20,True
F,20221115_07,71,-2.817531880328459,20,True
F,20221115_07,72,-2.9015028736615514,20,True
F,20221115_07,73,-2.9557753718837176,20,True
F,20221115_07,74,-2.9516790480388084,20,True
F,20221115_07,75,-2.8981527557052855,20,True
F,20221115_07,76,-2.974575231709488,20,True
F,20221115_07,77,-2.9854596396396733,20,True
F,20221115_07,78,-2.9366359421928316,20,True
F,20221115_07,79,-2.943776498828192,20,True
F,20221115_07,80,-2.9462995607724753,20,True
F,20221115_07,81,-2.975261745775899,20,True
F,20221115_07,82,-2.9200413808733297,20,True
F,20221115_07,83,-2.9811604002753045,20,True
F,20221115_07,84,-2.984014235945836,20,True
F,20221115_07,85,-2.9229459521539494,20,True
F,20221115_07,86,-2.860535365429069,20,True
F,20221115_07,87,-2.9483947927322314,20,True
F,20221115_07,88,-2.9091603439865286,20,True
F,20221115_07,89,-3.0094321779091784,20,True
F,20221115_07,90,-3.009219953948651,20,True
F,20221115_07,91,-3.0322794947564042,20,True
F,20221115_07,92,-2.973164494406109,20,True
F,20221115_07,93,-2.941544438604656,20,True
F,20221115_07,94,-2.962370610041268,20,True
G,20230310_08,5,-2.9506555178854215,20,True
G,20230310_08,6,-3.02149475681298,20,True
G,20230310_08,7,-2.9063897569891837,20,True
G,20230310_08,8,-2.9756178466980936,20,True
G,20230310_08,9,-2.957563195917729,20,True
G,20230310_08,10,-3.021644753595359,20,True
G,20230310_08,11,-2.9644449160413227,20,True
G,20230310_08,12,-2.9846614204582282,20,True
G,20230310_08,13,-2.992204895798586,20,True
G,20230310_08,14,-3.0420124965383097,20,True
G,20230310_08,15,-2.9763140096658844,20,True
G,20230310_08,16,-3.0316226623601645,20,True
G,20230310_08,17,-3.0339597862489547,20,True
G,20230310_08,18,-3.0813432044027116,20,True
G,20230310_08,19,-3.0728933933541756,20,True
G,20230310_08,20,-2.95238126347894,20,True
G,20230310_08,21,-2.991473474252339,20,True
G,20230310_08,22,-2.988089013610446,20,True
G,20230310_08,23,-3.070917831182572,20,True
G,20230310_08,24,-2.961696290772755,20,True
G,20230310_08,25,-2.932027914404184,20,True
G,20230310_08,26,-2.9364275139604534,20,True
G,20230310_08,27,-2.8810817900845858,20,True
G,20230310_08,28,-2.9874233333456575,20,True
G,20230310_08,29,-2.935102095722106,20,True
G,20230310_08,30,-2.945216547180476,20,True
G,20230310_08,31,-2.929090863162053,20,True
G,20230310_08,32,-2.9493031707307935,20,True
G,20230310_08,33,-2.979798584057931,20,True
G,20230310_08,34,-2.9556998180390623,20,True
G,20230310_08,35,-3.0004190091426155,20,True
G,20230310_08,36,-3.0048335017288776,20,True
G,20230310_08,37,-3.0094212207432713,20,True
G,20230310_08,38,-3.0346725099302767,20,True
G,20230310_08,39,-3.0011574091999664,20,True
G,20230310_08,40,-2.996013126903182,20,True
G,20230310_08,41,-2.9920399401669298,20,True
G,20230310_08,42,-3.0431923760673,20,True
G,20230310_08,43,-3.032169548066791,20,True
G,20230310_08,44,-3.0684942153123114,20,True
G,20230310_08,45,-3.0258103550553517,20,True
G,20230310_08,46,-3.034606598308083,20,True
G,20230310_08,47,-3.0092987830314533,20,True
G,20230310_08,48,-3.006721520612501,20,True
G,20230310_08,49,-3.0238030713756783,20,True
G,20230310_08,50,-3.025952211741619,20,True
G,20230310_08,51,-3.0681553256344922,20,True
G,20230310_08,52,-3.030806140339071,20,True
G,20230310_08,53,-3.0272590772432344,20,True
G,20230310_08,54,-3.0459370923948605,20,True
G,20230310_08,55,-2.948803267418981,20,True
G,20230310_08,56,-2.9771559975287962,20,True
G,20230310_08,57,-3.0559972177714294,20,True
G,20230310_08,58,-2.998921664317459,20,True
G,20230310_08,59,-2.9772007759884676,20,True
G,20230310_08,60,-2.9949455071432967,20,True
G,20230310_08,61,-3.0130085333377936,20,True
G,20230310_08,62,-2.9236363536656667,20,True
G,20230310_08,63,-2.990091002681505,20,True
G,20230310_08,64,-3.0455176559931134,20,True
G,20230310_08,65,-2.993741573932893,20,True
G,20230310_08,66,-3.0618157481386215,20,True
G,20230310_08,67,-2.9743170683267337,20,True
G,20230310_08,68,-3.023620764894378,20,True
G,20230310_08,69,-3.0077833288221507,20,True
G,20230310_08,70,-3.0075026939922753,20,True
G,20230310_08,71,-2.969001887944567,20,True
G,20230310_08,72,-3.118038202097368,20,True
G,20230310_08,73,-3.0366368934537578,20,True
G,20230310_08,74,-3.0409977839596163,20,True
G,20230310_08,75,-3.0586749018518806,20,True
G,20230310_08,76,-2.9036211117772597,20,True
G,20230310_08,77,-2.9914371643241227,20,True
G,20230310_08,78,-3.017924072100114,20,True
G,20230310_08,79,-2.9711690436731475,20,True
G,20230310_08,80,-3.069723433600805,20,True
G,20230310_08,81,-2.963223302746045,20,True
G,20230310_08,82,-3.027195958967419,20,True
G,20230310_08,83,-3.0328572950235193,20,True
G,20230310_08,84,-3.062154208267338,20,True
G,20230310_08,85,-3.0495506712536953,20,True
G,20230310_08,86,-3.071499620021938,20,True
G,20230310_08,87,-3.0553190203313436,20,True
G,20230310_08,88,-2.9639837692849054,20,True
G,20230310_08,89,-3.0519743262310564,20,True
G,20230310_08,90,-2.936906092218927,20,True
G,20230310_08,91,-3.0110468127912275,20,True
G,20230310_08,92,-2.9466604380380383,20,True
G,20230310_08,93,-3.0105542954209836,20,True
G,20230310_08,94,-3.005864581361414,20,True
H,20221115_09,5,-2.9114846083461794,20,True
H,20221115_09,6,-2.7045969848016225,12,True
H,20221115_09,7,-2.759570728572151,19,True
H,20221115_09,8,-2.8977483392729444,19,True
H,20221115_09,9,-2.908531642573848,19,True
H,20221115_09,10,-2.782483770602728,16,True
H,20221115_09,11,-2.656178705310431,16,True
H,20221115_09,12,-2.9110520857094566,17,True
H,20221115_09,13,-2.71994923389053,17,True
H,20221115_09,14,-2.666328849437714,14,True
H,20221115_09,15,-2.503791287531861,5,True
H,20221115_09,16,-2.680730995157722,5,True
H,20221115_09,17,-2.694044608789519,16,True
H,20221115_09,18,-2.6710643295414913,19,True
H,20221115_09,19,-2.714328205787278,7,True
H,20221115_09,20,-2.758108813127797,20,True
H,20221115_09,21,-2.82973378922111,15,True
H,20221115_09,22,-2.8462631633058253,15,True
H,20221115_09,23,-2.8980348744387876,9,True
H,20221115_09,24,-2.871108816618262,11,True
H,20221115_09,25,-2.6575852300731015,16,True
H,20221115_09,26,-2.8217947569423414,10,True
H,20221115_09,27,-2.754400840817146,18,True
H,20221115_09,28,-2.7122248990177185,19,True
H,20221115_09,29,-2.744251672771704,20,True
H,20221115_09,30,-2.6986988606890634,19,True
H,20221115_09,31,-2.6494458773815666,16,True
H,20221115_09,32,-2.7146216951333204,17,True
H,20221115_09,33,-2.5688258031446383,20,True
H,20221115_09,34,-2.637386317873895,20,True
H,20221115_09,35,-2.6456967133401137,14,True
H,20221115_09,36,-2.7667981987392194,20,True
H,20221115_09,37,-2.7151824605801242,19,True
H,20221115_09,38,-2.797560726100184,13,True
H,20221115_09,39,-2.594775270324455,13,True
H,20221115_09,40,-2.6537773202053043,16,True
H,20221115_09,41,-2.6473376325887052,20,True
H,20221115_09,42,-2.574267109359442,13,True
H,20221115_09,43,-2.649859925785027,19,True
H,20221115_09,44,-2.7027090856788605,11,True
H,20221115_09,45,-2.735173668037133,17,True
H,20221115_09,46,-2.672147169946446,20,True
H,20221115_09,47,-2.6603636036413154,20,True
H,20221115_09,48,-2.7649000660504957,19,True
H,20221115_09,49,-2.7001925343673583,18,True
H,20221115_09,50,-2.647353542230792,11,True
H,20221115_09,51,-2.7329872817505905,19,True
H,20221115_09,52,-2.6328997137191075,14,True
H,20221115_09,53,-2.607060092237208,19,True
H,20221115_09,54,-2.6833934693886645,17,True
H,20221115_09,55,-2.7181931398882186,20,True
H,20221115_09,56,-2.7786745836227467,15,True
H,20221115_09,57,-2.6675097717838443,12,True
H,20221115_09,58,-2.734925778332102,16,True
H,20221115_09,59,-2.6407402309305965,15,True
H,20221115_09,60,-2.559438646318424,14,True
H,20221115_09,61,-2.6775544852051065,17,True
H,20221115_09,62,-2.700084491559029,15,True
H,20221115_09,63,-2.6898365363795165,11,True
H,20221115_09,64,-2.5861329150311154,7,True
H,20221115_09,65,-2.7393239413770467,15,True
H,20221115_09,66,-2.7685410890958457,13,True
H,20221115_09,67,-2.7395431871525964,15,True
H,20221115_09,68,-2.8703944171637423,9,True
H,20221115_09,69,-2.9707712153512422,4,True
H,20221115_09,70,-3.185020749168041,3,True
H,20221115_09,71,-2.8855396046847877,11,True
H,20221115_09,72,-3.0042806583780357,13,True
H,20221115_09,73,-2.895953458014936,9,True
H,20221115_09,74,-2.7997902043737346,20,True
H,20221115_09,75,-2.858005338980167,17,True
H,20221115_09,76,-2.868156119660601,11,True
H,20221115_09,77,-2.858147564991101,11,True
H,20221115_09,78,-2.829845335479159,18,True
H,20221115_09,79,-2.9608676890158225,17,True
H,20221115_09,80,-2.8816909258300525,16,True
H,20221115_09,81,-2.92766663767627,13,True
H,20221115_09,82,-2.9259138382847167,13,True
H,20221115_09,83,-2.814113460383704,13,True
H,20221115_09,84,-2.9266057778484376,17,True
H,20221115_09,85,-2.876432227896187,11,True
H,20221115_09,86,-2.883158008031736,8,True
H,20221115_09,87,-2.9289001504378036,14,True
H,20221115_09,88,-2.779214514918092,14,True
H,20221115_09,89,-2.8500782062642727,15,True
H,20221115_09,90,-2.802035951036655,18,True
H,20221115_09,91,-2.850430506988743,20,True
H,20221115_09,92,-2.7912141191655926,15,True
H,20221115_09,93,-2.8828897091590777,16,True
H,20221115_09,94,-2.885966777351196,19,True
