panel,trial,defined,finite_baseline_bins,baseline_mean,baseline_median,baseline_above_zero,baseline_below_zero,baseline_tied_at_zero
F,5,True,19,-2.1035804677108228e-16,0.08539353877863975,14,5,0
F,6,True,20,2.4424906541753446e-16,0.22125299481781946,12,8,0
F,7,True,19,1.8698493046318425e-16,0.13156587385418073,12,7,0
F,8,True,18,7.401486830834377e-17,0.0864042243693024,12,6,0
F,9,True,20,3.774758283725532e-16,-0.055858778709681145,8,12,0
F,10,True,19,7.011934892369409e-17,0.1270987026850645,14,5,0
F,11,True,19,3.505967446184705e-16,0.004236343740158688,10,9,0
F,12,True,20,7.549516567451064e-16,0.10139756521456933,13,7,0
F,13,True,15,-2.6645352591003756e-16,0.10768931737173126,11,4,0
F,14,True,20,4.2188474935755947e-16,0.07789268119185122,13,7,0
F,15,True,20,5.551115123125783e-16,0.08014551402804715,11,9,0
F,16,True,18,2.4671622769447924e-16,0.109893888104448,12,6,0
F,17,True,20,0.0,0.024069821346609288,13,7,0
F,18,True,18,-2.4671622769447924e-16,0.11292390092734905,11,7,0
F,19,True,20,-1.3322676295501878e-16,0.04051247807140346,13,7,0
F,20,True,19,2.5710427938687837e-16,0.07049132148511905,13,6,0
F,21,True,18,1.4802973661668753e-16,-0.009075007976120375,9,9,0
F,22,True,20,1.554312234475219e-16,0.001144830679597586,10,10,0
F,23,True,20,5.551115123125783e-16,-0.03909194401015337,9,11,0
F,24,True,20,-2.2204460492503132e-17,0.0153924009520785,10,10,0
F,25,True,20,1.554312234475219e-16,0.0356283196523286,11,9,0
F,26,True,20,0.0,0.0768763700975248,13,7,0
F,27,True,20,-1.9984014443252818e-16,-0.014713185446962207,8,12,0
F,28,True,20,-4.2188474935755947e-16,0.0346001558761273,13,7,0
F,29,True,20,4.440892098500626e-16,0.07480001302617856,14,6,0
F,30,True,20,4.2188474935755947e-16,0.008658024772525197,10,10,0
F,31,True,19,-7.011934892369409e-17,0.05775786207977651,11,8,0
F,32,True,20,-8.881784197001253e-17,-0.0003223621345982419,10,10,0
F,33,True,20,3.552713678800501e-16,0.020642991318822634,11,9,0
F,34,True,20,-1.3322676295501878e-16,0.005060897143323917,11,9,0
F,35,True,19,2.1035804677108228e-16,0.009177432997926616,11,8,0
F,36,True,19,-1.4023869784738819e-16,-0.05883803730951209,7,12,0
F,37,True,20,-1.7763568394002506e-16,-0.03212681610816204,8,12,0
F,38,True,20,-2.2204460492503132e-17,0.04028895790418274,12,8,0
F,39,True,20,1.9984014443252818e-16,-0.006370204907046206,9,11,0
F,40,True,20,-1.7763568394002506e-16,-0.011091636254978887,10,10,0
F,41,True,20,-2.4424906541753446e-16,-0.042701932231566486,9,11,0
F,42,True,20,-5.329070518200751e-16,0.036690181190122795,11,9,0
F,43,True,20,-8.881784197001253e-17,-0.003090935227038072,10,10,0
F,44,True,20,-3.3306690738754696e-16,0.021636100242367506,11,9,0
F,45,True,20,-1.3322676295501878e-16,-0.006410826195361263,9,11,0
F,46,True,20,2.886579864025407e-16,-0.004020441056380664,10,10,0
F,47,True,20,4.4408920985006264e-17,0.006358032462892904,10,10,0
F,48,True,20,-2.220446049250313e-16,0.02652230426829072,11,9,0
F,49,True,20,-2.2204460492503132e-17,0.00902675835468636,11,9,0
F,50,True,20,-4.2188474935755947e-16,0.023390552535060838,11,9,0
F,51,True,20,-2.2204460492503132e-17,0.018830489550083485,12,8,0
F,52,True,20,2.2204460492503132e-17,0.01659475348672501,12,8,0
F,53,True,20,-2.220446049250313e-16,-0.0014179275150434378,10,10,0
F,54,True,18,-9.868649107779169e-17,0.02576637041469576,11,7,0
F,55,True,20,0.0,-0.007937555988622558,9,11,0
F,56,True,20,2.4424906541753446e-16,0.03117308251048434,11,9,0
F,57,True,20,1.3322676295501878e-16,0.011031148447697037,10,10,0
F,58,True,20,-5.773159728050814e-16,-0.0012119016500276025,10,10,0
F,59,True,20,8.881784197001253e-17,-0.0005835635380537774,9,11,0
F,60,True,20,2.6645352591003756e-16,0.018858925719236197,10,10,0
F,61,True,20,6.661338147750939e-17,0.030186135416089943,11,9,0
F,62,True,20,-1.1102230246251565e-16,0.02366717893229464,11,9,0
F,63,True,20,-1.1102230246251565e-16,0.005705816642888495,11,9,0
F,64,True,20,-4.440892098500626e-16,-0.010494258769865983,8,12,0
F,65,True,20,1.1102230246251565e-16,0.02631213915542885,13,7,0
F,66,True,20,-4.4408920985006264e-17,0.013962021926703816,11,9,0
F,67,True,20,0.0,0.028663388461802608,12,8,0
F,68,True,20,-1.9984014443252818e-16,0.025060588803778927,11,9,0
F,69,True,20,-1.3322676295501878e-16,0.029010376483758593,12,8,0
F,70,True,20,-6.661338147750939e-17,0.051491613030532735,13,7,0
F,71,True,20,-1.9984014443252818e-16,-0.008025949954671319,9,11,0
F,72,True,20,3.3306690738754696e-16,-0.019920198611089512,8,12,0
F,73,True,20,-2.6645352591003756e-16,0.014451020786885538,10,10,0
F,74,True,20,-1.7763568394002506e-16,0.035503495720061506,11,9,0
F,75,True,20,-6.217248937900876e-16,0.013560564615844095,10,10,0
F,76,True,20,3.108624468950438e-16,0.03247242424776586,14,6,0
F,77,True,20,4.4408920985006264e-17,0.005963501663829751,10,10,0
F,78,True,20,3.3306690738754696e-16,0.001356546223458821,11,9,0
F,79,True,20,-1.1102230246251565e-16,0.01673720404173995,11,9,0
F,80,True,20,-2.2204460492503132e-17,0.03614616103927548,12,8,0
F,81,True,20,2.6645352591003756e-16,-0.02720730483730205,10,10,0
F,82,True,20,-3.774758283725532e-16,0.050076835811389,12,8,0
F,83,True,20,3.108624468950438e-16,0.011561455130041365,11,9,0
F,84,True,20,-6.661338147750939e-17,0.013838380164776565,11,9,0
F,85,True,20,2.220446049250313e-16,0.03303906726172934,11,9,0
F,86,True,20,1.7763568394002506e-16,0.0042928970615867534,11,9,0
F,87,True,20,-2.2204460492503132e-17,0.012032817096072623,10,10,0
F,88,True,20,-1.1102230246251565e-16,-0.03215625918069076,9,11,0
F,89,True,20,1.7763568394002506e-16,0.017150261392568034,11,9,0
F,90,True,20,8.881784197001253e-17,0.026135818627451846,12,8,0
F,91,True,20,5.551115123125783e-16,-0.005792927785888358,8,12,0
F,92,True,20,-1.554312234475219e-16,0.006733169172032261,10,10,0
F,93,True,20,5.10702591327572e-16,0.00032065693040150833,10,10,0
F,94,True,20,4.884981308350689e-16,0.0009676545455412633,10,10,0
G,5,True,20,-4.4408920985006264e-17,0.005965182853098661,11,9,0
G,6,True,20,-1.1102230246251565e-16,0.011089431556459806,13,7,0
G,7,True,20,-4.2188474935755947e-16,-0.024219918314634103,7,13,0
G,8,True,20,6.661338147750939e-17,-0.0011970607797946453,9,11,0
G,9,True,20,8.881784197001253e-17,-0.005972896759339319,9,11,0
G,10,True,20,-2.220446049250313e-16,0.0011115527634539824,10,10,0
G,11,True,20,-1.7763568394002506e-16,-0.0014009747401231287,10,10,0
G,12,True,20,-3.108624468950438e-16,0.013805019908438965,12,8,0
G,13,True,20,-2.4424906541753446e-16,-0.01047048312074117,9,11,0
G,14,True,20,-4.4408920985006264e-17,-0.022080821584998134,7,13,0
G,15,True,20,-3.552713678800501e-16,-0.009616721098388181,9,11,0
G,16,True,20,-6.439293542825908e-16,0.0008027757980495487,10,10,0
G,17,True,20,1.554312234475219e-16,-0.0027999643653133788,9,11,0
G,18,True,20,-1.9984014443252818e-16,-0.0120526398302081,10,10,0
G,19,True,20,3.108624468950438e-16,0.01012295336188096,11,9,0
G,20,True,20,-4.884981308350689e-16,-0.023272283785318537,8,12,0
G,21,True,20,5.773159728050814e-16,0.00393868438755951,11,9,0
G,22,True,20,-4.4408920985006264e-17,0.006099699327203112,10,10,0
G,23,True,20,-4.2188474935755947e-16,-0.016269983754517048,9,11,0
G,24,True,20,0.0,0.006670990053825765,11,9,0
G,25,True,20,3.3306690738754696e-16,-0.037703315481718125,6,14,0
G,26,True,20,-8.881784197001253e-17,0.0068368750638378994,11,9,0
G,27,True,20,-3.108624468950438e-16,-0.042729399589919614,8,12,0
G,28,True,20,-3.552713678800501e-16,-0.008133472697305022,10,10,0
G,29,True,20,-8.881784197001253e-17,-0.007322819485669818,10,10,0
G,30,True,20,3.9968028886505636e-16,0.003666928742644515,11,9,0
G,31,True,20,-1.1102230246251565e-16,0.013904740596938359,13,7,0
G,32,True,20,-6.661338147750939e-17,-0.017970261183485103,8,12,0
G,33,True,20,-1.7763568394002506e-16,-0.005634110074347776,10,10,0
G,34,True,20,2.6645352591003756e-16,0.013680492321768378,12,8,0
G,35,True,20,5.10702591327572e-16,0.008997241142811196,11,9,0
G,36,True,20,4.884981308350689e-16,0.002442134704738752,11,9,0
G,37,True,20,-3.108624468950438e-16,-0.02564309654979602,9,11,0
G,38,True,20,1.554312234475219e-16,-0.008127376974548906,9,11,0
G,39,True,20,5.551115123125783e-16,-0.013457336932421127,9,11,0
G,40,True,20,-1.7763568394002506e-16,-0.0016376823593047263,9,11,0
G,41,True,20,1.554312234475219e-16,-0.01981616578388201,8,12,0
G,42,True,20,-1.7763568394002506e-16,0.003941986247371743,11,9,0
G,43,True,20,3.552713678800501e-16,-0.0058232266894096,9,11,0
G,44,True,20,3.3306690738754696e-16,0.0003910095576087347,10,10,0
G,45,True,20,-3.108624468950438e-16,0.00882759621897744,11,9,0
G,46,True,20,1.9984014443252818e-16,-0.006460214800771302,10,10,0
G,47,True,20,-1.3322676295501878e-16,-0.012972690020490285,9,11,0
G,48,True,20,0.0,-0.009100794603075224,8,12,0
G,49,True,20,3.9968028886505636e-16,-0.021187394510640223,9,11,0
G,50,True,20,8.881784197001253e-17,-0.007163394413987723,9,11,0
G,51,True,20,-1.9984014443252818e-16,-0.015394202906748422,8,12,0
G,52,True,20,0.0,-0.004832259384714099,10,10,0
G,53,True,20,6.661338147750939e-17,0.01610472884434988,10,10,0
G,54,True,20,-2.6645352591003756e-16,0.0007888530029467322,10,10,0
G,55,True,20,-3.3306690738754696e-16,-0.008007324615823652,8,12,0
G,56,True,20,-2.6645352591003756e-16,0.017353657745076134,11,9,0
G,57,True,20,-1.3322676295501878e-16,-0.013823311113870362,9,11,0
G,58,True,20,8.881784197001253e-17,-0.027215201683185475,8,12,0
G,59,True,20,1.554312234475219e-16,0.020045205681817668,11,9,0
G,60,True,20,-3.774758283725532e-16,0.014772746590077102,12,8,0
G,61,True,20,4.662936703425658e-16,-0.024052302284023996,9,11,0
G,62,True,20,-1.3322676295501878e-16,0.009367769149586813,12,8,0
G,63,True,20,1.1102230246251565e-16,-0.029667524131774314,8,12,0
G,64,True,20,3.774758283725532e-16,-0.0030268854946051693,9,11,0
G,65,True,20,-1.1102230246251565e-16,0.01595099103103803,12,8,0
G,66,True,20,-8.881784197001253e-17,-0.010749204810222679,9,11,0
G,67,True,20,6.661338147750939e-17,-0.010935872308205807,10,10,0
G,68,True,20,2.220446049250313e-16,-7.003945039740778e-05,10,10,0
G,69,True,20,6.661338147750939e-17,-0.0357656721943842,7,13,0
G,70,True,20,-1.554312234475219e-16,-0.0025089672610112412,10,10,0
G,71,True,20,2.2204460492503132e-17,-0.03632555338942378,7,13,0
G,72,True,20,-4.662936703425658e-16,0.00022741360446376646,10,10,0
G,73,True,20,-1.554312234475219e-16,-0.01010815050140712,10,10,0
G,74,True,20,-6.661338147750939e-17,-0.03119239204706714,7,13,0
G,75,True,20,-2.6645352591003756e-16,0.00773054104183557,10,10,0
G,76,True,20,-2.2204460492503132e-17,-0.029235409755243857,9,11,0
G,77,True,20,-8.881784197001253e-17,0.010603257062007598,11,9,0
G,78,True,20,-7.105427357601002e-16,-0.005067144375025867,9,11,0
G,79,True,20,-1.554312234475219e-16,-0.03396073237582509,9,11,0
G,80,True,20,-1.1102230246251565e-16,0.00375666298291244,10,10,0
G,81,True,20,-4.4408920985006264e-17,-0.006288149698042034,10,10,0
G,82,True,20,5.329070518200751e-16,0.008796529058930913,11,9,0
G,83,True,20,7.549516567451064e-16,0.004308792059662947,11,9,0
G,84,True,20,1.3322676295501878e-16,-5.622571764929418e-05,10,10,0
G,85,True,20,-8.881784197001253e-17,0.004105387238282576,10,10,0
G,86,True,20,4.440892098500626e-16,-0.01149056725112585,9,11,0
G,87,True,20,-2.2204460492503132e-17,0.0226693828256741,12,8,0
G,88,True,20,-2.220446049250313e-16,0.005346144956233312,11,9,0
G,89,True,20,3.552713678800501e-16,0.007355370706181974,13,7,0
G,90,True,20,6.661338147750939e-17,-0.02896128748648308,8,12,0
G,91,True,20,-7.327471962526033e-16,-0.01670134128339651,8,12,0
G,92,True,20,-4.884981308350689e-16,-0.03887458336871519,8,12,0
G,93,True,20,2.2204460492503132e-17,0.00011038445771016647,10,10,0
G,94,True,20,6.661338147750939e-17,-0.008558445156236827,8,12,0
H,5,True,20,2.886579864025407e-16,0.03427949484773318,14,6,0
H,6,True,12,-3.7007434154171886e-16,-0.08510182672688482,5,7,0
H,7,True,19,2.5710427938687837e-16,0.03710512936576027,10,9,0
H,8,True,19,-2.5710427938687837e-16,0.022336753011094057,12,7,0
H,9,True,19,-2.8047739569477637e-16,0.01371401290544183,10,9,0
H,10,True,16,-2.7755575615628914e-17,0.051187679774903794,11,5,0
H,11,True,16,-1.6653345369377348e-16,0.008215218845252004,8,8,0
H,12,True,17,-1.5673736818237505e-16,-0.020477189311523425,6,11,0
H,13,True,17,-6.008265780324377e-16,0.04233461000301464,11,6,0
H,14,True,14,-1.5860328923216522e-16,0.030886181187467665,8,6,0
H,15,True,5,-8.881784197001253e-17,0.0321978783117447,3,2,0
H,16,True,5,8.881784197001253e-17,0.07107247094527214,3,2,0
H,17,True,16,1.942890293094024e-16,0.006724201999239066,9,7,0
H,18,True,19,-7.011934892369409e-17,-0.020522516670536284,8,11,0
H,19,True,7,1.2688263138573217e-16,0.010163213343792332,4,3,0
H,20,True,20,2.4424906541753446e-16,-0.024007631113425854,7,13,0
H,21,True,15,3.2566542055671256e-16,0.06829107228280673,11,4,0
H,22,True,15,2.960594732333751e-17,0.009560435945572987,9,6,0
H,23,True,9,-5.427757009278544e-16,-0.006700523686592241,4,5,0
H,24,True,11,4.037174635000569e-16,0.009798364817761307,6,5,0
H,25,True,16,-5.551115123125783e-17,0.04755660757364022,9,7,0
H,26,True,10,0.0,0.1106891843376181,7,3,0
H,27,True,18,3.7007434154171886e-16,0.035502226383773205,16,2,0
H,28,True,19,-6.77820372929043e-16,0.013417842428067761,10,9,0
H,29,True,20,1.9984014443252818e-16,0.028876250383732538,11,9,0
H,30,True,19,3.9734297723426655e-16,-0.0027095194630737396,9,10,0
H,31,True,16,5.551115123125783e-17,-0.000807247098127073,8,8,0
H,32,True,17,3.134747363647501e-16,0.002138801633020382,10,7,0
H,33,True,20,3.9968028886505636e-16,0.019668603081782754,11,9,0
H,34,True,20,1.1102230246251565e-16,0.029591342998042336,12,8,0
H,35,True,14,6.97854472621527e-16,-0.03383654376316003,5,9,0
H,36,True,20,3.774758283725532e-16,0.018764252576136897,12,8,0
H,37,True,19,-1.1686558153949016e-16,-0.003386149312371245,9,10,0
H,38,True,13,3.0744637605004334e-16,0.01679165500098989,8,5,0
H,39,True,13,-3.0744637605004334e-16,-0.004349352126229444,6,7,0
H,40,True,16,2.7755575615628914e-17,0.003562484370014385,8,8,0
H,41,True,20,-1.3322676295501878e-16,0.03499759350371634,13,7,0
H,42,True,13,1.3664283380001927e-16,0.05168021644849752,8,5,0
H,43,True,19,7.011934892369409e-17,0.05459787419645101,16,3,0
H,44,True,11,8.074349270001139e-17,0.05622012179245761,6,5,0
H,45,True,17,-2.0898315757650005e-16,0.0064632195686473715,9,8,0
H,46,True,20,-1.3322676295501878e-16,0.010615782714646471,11,9,0
H,47,True,20,-1.554312234475219e-16,0.004178876891157257,11,9,0
H,48,True,19,-4.674623261579606e-16,-0.014341354036710108,9,10,0
H,49,True,18,1.4802973661668753e-16,0.006984816061255561,10,8,0
H,50,True,11,-1.6148698540002277e-16,0.05273327386905935,7,4,0
H,51,True,19,4.2071609354216456e-16,0.08947872561045767,12,7,0
H,52,True,14,5.075305255429287e-16,-0.007383975374723573,6,8,0
H,53,True,19,1.4023869784738819e-16,0.017956707455099696,11,8,0
H,54,True,17,-7.836868409118753e-17,0.03463321972184241,10,7,0
H,55,True,20,0.0,0.011456224520839164,11,9,0
H,56,True,15,-5.921189464667501e-17,0.03672585860027189,8,7,0
H,57,True,12,1.8503717077085943e-16,-0.009164379771748887,6,6,0
H,58,True,16,2.7755575615628914e-17,0.184040230306608,12,4,0
H,59,True,15,2.6645352591003756e-16,0.024565684944403365,10,5,0
H,60,True,14,-1.2688263138573217e-16,0.011854449748953666,9,5,0
H,61,True,17,-4.440892098500626e-16,0.13805584872178756,14,3,0
H,62,True,15,2.9605947323337506e-16,0.040882700912264536,8,7,0
H,63,True,11,-2.4223047810003414e-16,-0.04675850580663177,3,8,0
H,64,True,7,-6.344131569286608e-17,-0.04419938629947984,3,4,0
H,65,True,15,-5.329070518200751e-16,0.011226955607041678,9,6,0
H,66,True,13,-3.0744637605004334e-16,0.029519604347697292,8,5,0
H,67,True,15,1.1842378929335003e-16,0.05624023532539946,11,4,0
H,68,True,9,-4.9343245538895844e-17,-0.008824468105796957,4,5,0
H,69,True,4,0.0,0.10012333268707363,3,1,0
H,70,True,3,0.0,0.06179122745331789,2,1,0
H,71,True,11,-1.6148698540002277e-16,0.07379590986517348,7,4,0
H,72,True,13,3.75767792950053e-16,0.022795455221058525,7,6,0
H,73,True,9,-5.921189464667501e-16,0.024297163928361787,5,4,0
H,74,True,20,-6.661338147750939e-17,0.005383234190848407,11,9,0
H,75,True,17,3.657205257588751e-16,-0.030958766338510912,7,10,0
H,76,True,11,-2.8260222445003984e-16,0.06305024632195178,9,2,0
H,77,True,11,8.074349270001139e-17,0.02606934167206143,6,5,0
H,78,True,18,-1.4802973661668753e-16,0.002582754346575511,9,9,0
H,79,True,17,-2.6122894697062506e-17,0.026127279435860906,10,7,0
H,80,True,16,-2.220446049250313e-16,0.008469614329456254,9,7,0
H,81,True,13,4.782499183000674e-16,0.05299252110595498,7,6,0
H,82,True,13,7.51535585900106e-16,0.0015989766584061371,7,6,0
H,83,True,13,4.782499183000674e-16,0.005563335477549725,9,4,0
H,84,True,17,1.5673736818237505e-16,-0.005829079490752065,8,9,0
H,85,True,11,-8.074349270001139e-17,-0.02114863177338222,5,6,0
H,86,True,8,-1.6653345369377348e-16,0.01646561040464345,7,1,0
H,87,True,14,1.5860328923216522e-16,-0.003268830737549022,7,7,0
H,88,True,14,0.0,0.002836835833640139,7,7,0
H,89,True,15,2.9605947323337506e-16,0.001071505994079125,8,7,0
H,90,True,18,2.4671622769447922e-17,0.035413538349760465,13,5,0
H,91,True,20,-3.9968028886505636e-16,0.01095598143358334,12,8,0
H,92,True,15,5.033011044967376e-16,-7.359474942925104e-05,7,8,0
H,93,True,16,0.0,-0.0048739331565295085,8,8,0
H,94,True,19,1.1686558153949016e-16,0.0331387829533365,12,7,0
