module_or_function,stage,unit,criterion,default_state,timing,current_effect,classification,replacement_disposition,status
src/classical_conditioning/inventory.py::complete_recording_ids,raw discovery,recording,source triplet is complete,enabled,pre-outcome,returns only complete recording IDs,processing status,"retain complete inventory rows for incomplete and complete triplets; never treat incompleteness as behavioral exclusion",active_needs_coverage_join
src/classical_conditioning/pipeline.py::resolve_pipeline_recording_ids,pipeline selection,recording,optional keep_conditions filename filter,optional,pre-outcome,limits recordings entering processing,processing scope,"record condition scope in frozen experiment inventory; do not use as fish QC",active_needs_cohort_integration
src/classical_conditioning/pipeline.py::resolve_pipeline_recording_ids,pipeline selection,recording,optional explicit recording_ids,optional,pre-outcome,allows arbitrary recording subset,manual population selection,"allow only for per-recording processing; population analyses must require cohort_id",active_needs_interface_restriction
src/classical_conditioning/pipeline.py::run_pipeline,intake,recording,continue after intake failure,enabled,pre-outcome,failed recordings leave the active processing list,processing failure,"retain every expected recording in sample flow with failure reason",active_needs_inventory_reconciliation
src/classical_conditioning/preprocessing/corrected_frame_preprocessing.py::build_corrected_preprocessing,preprocessing,frame,finite timestamp and minimum valid tracked-point fraction,enabled,pre-outcome,marks frames invalid but retains rows,row validity,"retain validity flags and summarize for technical cohort review",implemented_correctly
src/classical_conditioning/preprocessing/candidate_metric_kernel.py::compute_candidate_metrics,metric construction,frame,finite geometry and minimum valid tail fraction,enabled,pre-outcome,sets invalid frame metrics to missing,row validity,"retain missingness and coverage; never discard fish here",implemented_correctly
src/classical_conditioning/analysis/movement_state.py::build_movement_state,movement detection,frame_or_bout,detector-valid coverage and minimum bout duration,enabled,post-metric,marks frames invalid and removes short detected bouts,row validity,"retain detector validity and bout disposition; do not convert to fish exclusion",implemented_correctly
src/classical_conditioning/analysis/trial_outcomes.py::build_trial_outcomes,trial outcomes,trial_or_window,finite detector-valid baseline and response samples,enabled,post-outcome,writes missing outcomes plus sample counts,row validity,"retain every scheduled trial and its validity reason",implemented_correctly
src/classical_conditioning/cohort.py::apply_cohort,population boundary,fish,reviewed primary_included flag,required,pre-population-inference,filters to the named frozen population,cohort decision,"apply once in cohort-trial-outcomes and authenticate cohort hash",implemented_authoritative_boundary
src/classical_conditioning/analysis/cohort_outcomes.py::build_analysis_eligibility,model eligibility,trial,finite positive baseline plus required window coverage and outcome-specific validity,required,post-cohort,labels eligible observations without changing cohort membership,analysis eligibility,"retain explicit cohort-authenticated trial eligibility outside assess-discarding",implemented_correctly
src/classical_conditioning/figures/cohort_response.py::aggregate_selected_blocks,descriptive figure,fish_block,minimum finite response-to-baseline trial ratios,3 trials,post-outcome,omits ineligible fish-block points from display,display eligibility,"retain eligibility and contributing counts in panel data; never rewrite cohort",implemented_figure_specific
src/classical_conditioning/analysis/metric_comparison.py::build_metric_comparison,metric comparison,recording_or_trial,manual recording list and complete finite baseline/response values,required,post-outcome,defines an independent exploratory population,analysis eligibility_and_manual_population,"migrate population mode to cohort-trial-outcomes; preserve trial validity as eligibility",active_bypass
src/classical_conditioning/analysis/candidate_runner.py::run_candidate_analysis,candidate orchestration,recording,manual recording_ids,required,pre-population-inference,defines analysis membership independently,manual population selection,"restrict to per-recording production or derive IDs from frozen cohort",active_bypass
src/classical_conditioning/analysis/inference/model_input.py::build_model_input,exploratory inference,recording_or_trial,manual recordings plus minimum valid samples and finite response/baseline,required,post-outcome,drops incomplete trial rows and defines population locally,analysis eligibility_and_manual_population,"replace supported population use with cohort table plus analysis-eligibility artifact",active_bypass
src/classical_conditioning/analysis/inference/mixed_effects.py::build_mixed_effects,exploratory inference,recording,manual recording_ids,required,post-outcome,uses independently selected recordings,manual population selection,"retire for confirmatory onset or require cohort-authenticated model input",active_bypass
src/classical_conditioning/analysis/inference/fish_permutation.py::build_fish_permutation,exploratory inference,recording_or_fish,manual recording_ids,required,post-outcome,uses independently selected recordings,manual population selection,"route confirmatory robustness through learning-onset cohort model input",active_bypass
src/classical_conditioning/analysis/inference/fish_bootstrap.py::build_fish_bootstrap,exploratory inference,recording_or_fish,manual recording_ids,required,post-outcome,uses independently selected recordings,manual population selection,"route confirmatory robustness through learning-onset cohort model input",active_bypass
src/classical_conditioning/analysis/inference/learning_onset.py::build_learning_onset_analysis,confirmatory inference,trial_or_fish,frozen cohort plus named eligibility,required,post-cohort,keeps cohort fixed and varies only observation eligibility,analysis eligibility,"retain as supported learning-onset route",implemented_correctly
legacy/scripts/1_Preprocessing_IndividualFishPlotting_ProtocolPlotting_Discarding.py::run_discard,legacy preprocessing QC,fish,legacy behavioral/QC thresholds with text logs and file moves,enabled,post-outcome,writes discard lists and moves processed and raw files,legacy cohort decision_and_destructive_file_management,"leave archived; never move or delete source data; translate approved technical reasons into reviewed cohort rows",archived_do_not_modify
src/classical_conditioning/analysis/discarding.py::assess_discarding,two-stage technical and exploratory assessment,fish,"technical evidence; source-linked legacy preprocessing checks; merged learner-input prerequisite",required,post-outcome_pre-cohort,"publishes separate technical and exploratory dispositions with assessment hash without moving files",cohort review plus behavioral sensitivity,"technical evidence may inform reviewed primary cohort; exploratory status cannot define it",implemented_paper_validation_open
planned::legacy_stage5_sensitivity,legacy normalized-vigor sensitivity,fish_or_block,"reproduce historical any-block OR minimum-trial rule and compare with all-required-block rule",disabled,post-outcome,"not yet calculated in assess-discarding",analysis sensitivity,"implement as a named sensitivity outside assess-discarding; never use as primary cohort membership",planned
legacy/scripts/3_FishGrouping.py,legacy grouping,fish,legacy discard list affects grids but not pooled rows,enabled,post-outcome,display and pooled data can use different fish,legacy cohort decision,"leave archived; reproduce only with an explicit legacy-equivalent cohort manifest",archived_do_not_modify
legacy/scripts/4_ScaledVigorPlotting.py,legacy scaled vigor,fish,Discarded_fish_IDs.txt / APPLY_FISH_DISCARD,enabled,post-outcome,filters fish locally before pooled aggregation,legacy cohort decision,"leave archived; wrap reproduction in legacy-equivalent cohort",archived_do_not_modify
legacy/scripts/5_NormalizedVigorPlotting.py,legacy normalized vigor,fish_or_block,discard switch plus minimum-trial OR logic,discard disabled,post-outcome,can retain sparse rows when any block passes and defines a different cohort,legacy cohort decision_and_analysis eligibility,"leave archived; reproduce OR rule only as named sensitivity outside assess-discarding; supported LME retains separate row eligibility",archived_known_bug_sensitivity_planned
legacy/scripts/6_LearnersQuantification.py and variants,legacy learner analysis,fish,feature completeness and variant-specific discard behavior,varies,post-outcome,learner populations differ across variants,learner eligibility,"leave archived; current assessment records a merged pre-fit prerequisite; later recipe-specific eligibility remains open",archived_recipe_eligibility_open
imaging and cross-modal joins,deferred multimodal analysis,fish,imaging availability or successful identity join,not_in_active_behavior_route,post-behavior,can reduce multimodal contributors,modality eligibility,"never alter behavior-primary inclusion; publish multimodal eligibility separately",deferred
example-fish selectors,figures,fish,manual example choice,optional,post-inference,changes only displayed examples,display selection,"record selected fish and rationale in figure provenance; never affect inference",allowed_display_only
