panel,fish,trial,finite_baseline_bins,scaled_trial_defined,undefined_reason,p10_log,p50_log,p90_log,centre_half_width_log,centre_half_width_scaled,centre_slope,negative_outer_slope,positive_outer_slope,scaled_baseline_p10,scaled_baseline_median,scaled_baseline_p90
F,20221115_07,5,21,True,,-0.9500772471807818,0.0,0.1444150151673162,0.0072207507583658,0.007600172280509,1.0525459934624861,1.0525459934624861,7.233537291043982,-1.0,0.0,1.0
F,20221115_07,6,24,True,,-1.0315922035243354,0.0,0.0828072522778352,0.0041403626138917,0.004013565243849858,0.9693752982851133,0.9693752982851135,12.660808619876763,-1.0000000000000002,0.0,1.0000000000000002
F,20221115_07,7,21,True,,-1.1643597318033647,0.0,0.0346456019276301,0.0017322800963815,0.0014877533541102859,0.858841106134095,0.858841106134095,30.337632031352154,-1.0,0.0,1.0
F,20221115_07,8,20,True,,-1.1257980525547535,0.0,0.1113743410881627,0.0161162491963643,0.01431539978221843,0.8882587758352554,0.8882587758352554,10.347515687563833,-1.0,0.0,1.0
F,20221115_07,9,22,True,,-0.7865799307452305,-5.030698080332741e-17,0.1801657130131078,0.0090082856506553,0.011452473294253286,1.271326614006753,1.2713266140067527,5.775662452628152,-1.0,-6.443258625056711e-17,0.9999999999999999
F,20221115_07,10,22,True,,-0.927994602469306,0.0,0.1987142155863443,0.0099357107793172,0.010706647164627001,1.0775924745026475,1.0775924745026475,5.240497872608149,-1.0,0.0,1.0
F,20221115_07,11,20,True,,-0.7318293476015529,0.0,0.1769767181723097,0.0223336381118564,0.030517549186912286,1.366438778763562,1.366438778763562,6.269161545632017,-1.0,0.0,1.0
F,20221115_07,12,25,True,,-0.949196377238044,0.0,0.0904890599083002,0.004524452995415,0.004766614268567,1.053522773559022,1.0535227735590222,11.577245816292532,-1.0,0.0,1.0
F,20221115_07,13,19,True,,-1.2124898922444582,0.0,0.1690544880711889,0.0084527244035594,0.006971377211163715,0.8247491433919379,0.8247491433919379,6.183173833905965,-1.0,0.0,0.9999999999999999
F,20221115_07,14,28,True,,-0.7487652326207289,0.0,0.1967415673990059,0.0530206965072234,0.07081084189986672,1.3355320952869731,1.3355320952869731,6.465234675621918,-1.0,0.0,0.9999999999999999
F,20221115_07,15,28,True,,-0.2481687151560249,0.0,0.3834864140034899,0.0302430335768761,0.078863376830348,2.6076543092108073,4.226838326235096,2.6076543092108073,-1.0000000000000002,0.0,1.0
F,20221115_07,16,26,True,,-0.961277314991244,0.0,0.1143265142630041,0.0057163257131502,0.005946593791409858,1.0402825328392449,1.0402825328392449,9.15248762092244,-1.0,0.0,1.0
F,20221115_07,17,26,True,,-0.834800745440105,0.0,0.0774195843463348,0.0174004331403226,0.020843816006835287,1.1978906409251016,1.1978906409251018,16.314062500355405,-1.0,0.0,0.9999999999999999
F,20221115_07,18,22,True,,-0.7698334250240649,0.0,0.1527917391185456,0.0191801858367664,0.024914722085712,1.2989823090219033,1.2989823090219033,7.297911400355388,-1.0,0.0,1.0
F,20221115_07,19,27,True,,-0.7442991299414411,0.0,0.0820760967316378,0.0041038048365818,0.005513649917748429,1.343545840337979,1.343545840337979,12.754355757821571,-1.0,0.0,1.0000000000000002
F,20221115_07,20,22,True,,-0.2679557293395487,0.0,0.1598326357851102,0.0079916317892555,0.029824448273426,3.731959762400966,3.731959762400966,6.389417391846669,-1.0,0.0,1.0
F,20221115_07,21,24,True,,-0.7323194357792092,0.0,0.1954930115584824,0.024275408209494,0.03314866030240501,1.3655243205937457,1.3655243205937457,5.646915508605075,-1.0,0.0,1.0
F,20221115_07,22,26,True,,-0.7456247612633902,-6.938893903907228e-18,0.0894964460036558,0.0044748223001827,0.006001440044186001,1.341157177110904,1.341157177110904,11.691126523560033,-1.0,-9.30614736043626e-18,1.0
F,20221115_07,23,25,True,,-0.3518675628699707,0.0,0.1043896059368046,0.0052194802968402,0.014833650065007573,2.8419783620962535,2.8419783620962535,9.93410408202591,-1.0,0.0,1.0
F,20221115_07,24,28,True,,-0.1803003617390446,0.0,0.1015899274158491,0.0050794963707924,0.028172413642431716,5.546300575077806,5.546300575077806,10.06966372271058,-0.9999999999999999,0.0,1.0
F,20221115_07,25,28,True,,-0.2333383095246378,3.469446951953608e-18,0.1076962116263242,0.0053848105813162,0.023077267476079143,4.285622888231355,4.285622888231354,9.548522672406374,-1.0,1.4868741266796892e-17,1.0
F,20221115_07,26,27,True,,-0.6825416374219495,0.0,0.0810779306333756,0.0040538965316687,0.005939412790963001,1.4651120827985422,1.4651120827985422,12.90584943780565,-0.9999999999999999,0.0,1.0000000000000002
F,20221115_07,27,30,True,,-0.7797580708737281,0.0,0.1264530163025862,0.0222193308057182,0.028495159762593,1.282449053562842,1.2824490535628421,9.320449868066868,-1.0,0.0,1.0
F,20221115_07,28,24,True,,-0.3081438597785917,0.0,0.0709330768211451,0.0063044932885524,0.02045957785133957,3.2452374703118294,3.2452374703118294,15.156458158403998,-1.0,0.0,1.0000000000000002
F,20221115_07,29,27,True,,-0.2858205135733274,0.0,0.2076192228912987,0.0103809611445649,0.036319860372449,3.4986991923637745,3.498699192363775,4.8858681428909385,-1.0000000000000002,0.0,1.0
F,20221115_07,30,29,True,,-0.4904231421268573,0.0,0.1834448553796256,0.0091722427689812,0.01870271196665643,2.0390554892316457,2.0390554892316457,5.6308175641214175,-0.9999999999999999,0.0,0.9999999999999999
F,20221115_07,31,27,True,,-0.4808750159529412,0.0,0.0822342475367111,0.0041117123768355,0.008550480354416858,2.079542431661413,2.079542431661413,12.690954250481116,-0.9999999999999999,0.0,1.0
F,20221115_07,32,27,True,,-0.3585226487136695,0.0,0.1737574710113111,0.0086878735505655,0.024232425989645145,2.7892240660049334,2.7892240660049334,5.911249491248062,-1.0,0.0,1.0
F,20221115_07,33,29,True,,-0.1933921471078641,0.0,0.1794005057019912,0.0089700252850995,0.04638257250485215,5.170840775878309,5.1708407758783075,5.5953455342172065,-1.0000000000000002,0.0,1.0
F,20221115_07,34,29,True,,-0.4555145684287831,0.0,0.2253044071572245,0.0112652203578612,0.02473075756219743,2.1953194679356205,2.1953194679356205,4.556498541325534,-1.0,0.0,1.0
F,20221115_07,35,27,True,,-0.4982507140816254,0.0,0.2950433488235587,0.0147521674411779,0.02960792031852686,2.0070217096290524,2.0070217096290524,3.462085659975287,-1.0,0.0,0.9999999999999997
F,20221115_07,36,28,True,,-0.3014725331301681,0.0,0.2719711814906854,0.015730928790169,0.05218030520669943,3.317051771241215,3.317051771241215,3.6989492665739574,-1.0,0.0,1.0
F,20221115_07,37,30,True,,-0.1438126097599081,0.0,0.205999976824318,0.0071906304879954,0.034905977169734,4.8543694781714715,7.063973366316717,4.85436947817147,-1.0,0.0,1.0
F,20221115_07,38,29,True,,-0.4006841187501337,0.0,0.1622671912811038,0.0081133595640551,0.02024876750634243,2.495731558114483,2.495731558114483,6.355672263093684,-1.0,0.0,1.0
F,20221115_07,39,29,True,,-0.2409952292325223,0.0,0.114960889361346,0.0057480444680673,0.02385127907458,4.149459734886112,4.149459734886113,8.938039494157474,-1.0,0.0,1.0
F,20221115_07,40,30,True,,-0.2225923836102885,5.030698080332741e-17,0.1826728898087065,0.0092136170201128,0.041392328302858,4.49251669702583,4.49251669702583,5.526413528007006,-1.0,2.2303587548273236e-16,1.0
F,20221115_07,41,30,True,,-0.3125342466167858,0.0,0.2346735654381899,0.0117336782719094,0.037543656091861,3.1996493530712207,3.1996493530712207,4.317111469560796,-1.0,0.0,1.0
F,20221115_07,42,28,True,,-0.46812735453084,3.467752886059106e-18,0.1588165751539152,0.0079408287576957,0.016962966767139858,2.136170831123949,2.136170831123949,6.515540480915176,-1.0,7.410328241407622e-18,1.0
F,20221115_07,43,27,True,,-0.3006989295186976,0.0,0.0684512957171234,0.0034225647858561,0.011382031826100428,3.3255855004226733,3.3255855004226724,15.202787352852221,-0.9999999999999997,0.0,1.0
F,20221115_07,44,30,True,,-0.2752928190072722,0.0,0.1753700304361897,0.0132373519195122,0.04808462482692843,3.6324957679829044,3.6324957679829044,5.871212292808412,-0.9999999999999999,0.0,1.0
F,20221115_07,45,30,True,,-0.5000593752542204,0.0,0.1744431370037282,0.0284264483756699,0.056846146242570575,1.999762527183136,1.9997625271831359,6.459219577016175,-0.9999999999999999,0.0,0.9999999999999997
F,20221115_07,46,30,True,,-0.3858700499409758,0.0,0.1511520292487502,0.0117145310151528,0.030358746466445576,2.5915460403132187,2.5915460403132187,6.953949015272274,-0.9999999999999999,0.0,1.0
F,20221115_07,47,28,True,,-0.1924573696880725,0.0,0.1704682734520894,0.0126831162870757,0.06590091253783628,5.1959558712704075,5.1959558712704075,5.920069442813756,-1.0,0.0,1.0
F,20221115_07,48,30,True,,-0.2811919288019801,0.0,0.2167557222918208,0.010837786114591,0.03854230866712814,3.5562898418190954,3.556289841819095,4.669130378741571,-1.0000000000000002,0.0,1.0
F,20221115_07,49,29,True,,-0.1959435354562497,0.0,0.2085895113366348,0.0097971767728124,0.046968693248440434,4.794104907730175,5.1197955925224194,4.794104907730175,-1.0,0.0,1.0
F,20221115_07,50,29,True,,-0.361245605531848,0.0,0.1010100492176167,0.0050505024608808,0.013980799720581144,2.7681997640573055,2.7681997640573055,10.275363250506443,-1.0000000000000002,0.0,1.0
F,20221115_07,51,30,True,,-0.2331919614857086,0.0,0.2306776050756039,0.0168582223841239,0.07229332553625373,4.288312485682684,4.288312485682685,4.338739841010271,-1.0,0.0,1.0
F,20221115_07,52,30,True,,-0.227263344651721,0.0,0.149803194243717,0.011803648701413,0.05193819847851829,4.400181655042042,4.400181655042042,6.870035678710631,-1.0,0.0,1.0
F,20221115_07,53,30,True,,-0.226013794425833,0.0,0.1653730973232208,0.008268654866161,0.03658473540151286,4.42450870107467,4.42450870107467,6.1323235010481,-1.0,0.0,1.0
F,20221115_07,54,21,True,,-0.3791224188102586,0.0,0.3727208953107604,0.018636044765538,0.04915574453238772,2.637670447287569,2.637670447287569,2.6853570662610817,-1.0,0.0,1.0
F,20221115_07,55,30,True,,-0.4248629112670689,0.0,0.2129024620669366,0.0106451231033468,0.02505543040130243,2.353700390127487,2.353700390127487,4.820317396612275,-1.0,0.0,1.0
F,20221115_07,56,30,True,,-0.3376625536095242,0.0,0.1355759177178543,0.0172349165290423,0.051041835539077436,2.961536567529511,2.961536567529511,8.018845158719486,-0.9999999999999999,0.0,1.0
F,20221115_07,57,29,True,,-0.4212279264359371,0.0,0.1765711150483231,0.0088285557524161,0.02095909411115186,2.3740116389269983,2.3740116389269983,5.836568310381902,-1.0,0.0,0.9999999999999999
F,20221115_07,58,28,True,,-0.3543182068160048,0.0,0.1662344346634262,0.0083117217331713,0.023458353461038858,2.822321802162692,2.822321802162692,6.183668127397492,-1.0,0.0,1.0
F,20221115_07,59,29,True,,-0.3242578907993368,0.0,0.1410592617932457,0.0070529630896622,0.021751091614997574,3.083965042561874,3.083965042561874,7.300021848591235,-1.0,0.0,1.0
F,20221115_07,60,29,True,,-0.4958247019115371,0.0,0.1876744230496677,0.0093837211524833,0.018925481357234857,2.016841831689167,2.016841831689167,5.502667880058746,-1.0,0.0,1.0
F,20221115_07,61,30,True,,-0.3428669689434126,0.0,0.1864947048106139,0.0093247352405306,0.027196365019546857,2.9165830790922342,2.9165830790922342,5.490793035304103,-1.0,0.0,0.9999999999999999
F,20221115_07,62,27,True,,-0.3905951056292919,0.0,0.1112021892576661,0.0055601094628833,0.01423496962135586,2.560195930742372,2.560195930742372,9.331177806169304,-1.0,0.0,1.0
F,20221115_07,63,25,True,,-0.1509119442296672,0.0,0.17586559135651,0.0075455972114833,0.042905477718987714,5.686160620088705,6.675866004729962,5.686160620088705,-1.0000000000000002,0.0,0.9999999999999999
F,20221115_07,64,27,True,,-0.2412680388915166,0.0,0.1677965197995926,0.0083898259899796,0.034773880653757,4.144767805111718,4.1447678051117185,6.055116609463455,-1.0,0.0,1.0
F,20221115_07,65,25,True,,-0.6128674804652051,0.0,0.3653186392273952,0.0182659319613697,0.029804048254452573,1.6316741087990785,1.6316741087990778,2.795529126939977,-1.0,0.0,1.0
F,20221115_07,66,28,True,,-0.4525200061674832,0.0,0.1533266153942098,0.0164426671056887,0.03633577937237772,2.2098470484637263,2.2098470484637263,7.0400089468228275,-1.0,0.0,1.0
F,20221115_07,67,30,True,,-0.4150040022065561,0.0,0.2704481582385465,0.0135224079119273,0.03258380121644443,2.409615316197069,2.409615316197069,3.7653532102318237,-1.0000000000000002,0.0,1.0
F,20221115_07,68,30,True,,-0.4332173419918005,0.0,0.2338486625283702,0.0116924331264185,0.026989762396538147,2.30831017844832,2.30831017844832,4.379846742190493,-0.9999999999999999,0.0,1.0000000000000002
F,20221115_07,69,30,True,,-0.6727799392187558,0.0,0.2104196343956149,0.0755347219158432,0.11227255379159415,1.4863701215009746,1.4863701215009746,6.581369479270229,-1.0,0.0,0.9999999999999999
F,20221115_07,70,27,True,,-0.5385863413120188,0.0,0.4263356032271068,0.0213167801613553,0.03957913249234415,1.8567125144019774,1.8567125144019774,2.371299339220437,-1.0000000000000002,0.0,1.0
F,20221115_07,71,28,True,,-0.3948813844277613,0.0,0.2370753003118366,0.0119995593974105,0.030387756603921717,2.532406032381447,2.532406032381447,4.307937583396537,-1.0,0.0,1.0
F,20221115_07,72,27,True,,-0.3605514682119958,0.0,0.3069030698746328,0.0153451534937316,0.042560230221303716,2.7735291301380123,2.773529130138012,3.283875058730577,-1.0000000000000002,0.0,1.0
F,20221115_07,73,30,True,,-0.3552862192648857,0.0,0.1998479464319473,0.0099923973215973,0.028124922329586428,2.8146321072319562,2.814632107231956,5.119023816920565,-1.0,0.0,1.0
F,20221115_07,74,30,True,,-0.3369593784819416,0.0,0.2592559112081912,0.0129627955604095,0.03846990583496771,2.96771677495717,2.96771677495717,3.9040071893040444,-1.0,0.0,1.0
F,20221115_07,75,29,True,,-0.2847175243523009,0.0,0.2829924127128946,0.0141496206356447,0.04969704856711386,3.5122530735502946,3.5122530735502955,3.5347905148962457,-1.0000000000000002,0.0,1.0
F,20221115_07,76,30,True,,-0.1386840723167289,0.0,0.4000979611361155,0.0080771198046824,0.02018785544856729,2.4993878928060687,7.501990711107507,2.4993878928060687,-1.0,0.0,1.0
F,20221115_07,77,29,True,,-0.2478278795099225,0.0,0.2539368909002496,0.0123913939754961,0.04879713983882572,3.9379863101215005,4.040167597651664,3.9379863101215005,-1.0,0.0,0.9999999999999999
F,20221115_07,78,30,True,,-0.2013566702273544,0.0,0.2890165506687184,0.0137491173328041,0.047572076066203714,3.4600094620402455,5.076703518803067,3.4600094620402464,-1.0,0.0,1.0
F,20221115_07,79,30,True,,-0.2049402704036266,0.0,0.3427671380924513,0.068369456886835,0.199463277802303,2.917432533250254,5.861696958400775,2.9174325332502535,-1.0,0.0,0.9999999999999999
F,20221115_07,80,29,True,,-0.22587575241393,0.0,0.512691597505149,0.0112937876206965,0.022028423472618002,1.9504903237466393,4.5575665106325856,1.95049032374664,-0.9999999999999999,0.0,1.0000000000000002
F,20221115_07,81,30,True,,-0.1258001483364478,-5.030698080332741e-17,0.5968360805396763,0.0100878893489337,0.01690227799199386,1.675501921894151,8.496055047322914,1.675501921894151,-1.0,-8.425799740458778e-17,1.0
F,20221115_07,82,30,True,,-0.2467131722625573,0.0,0.1984640327582864,0.0099232016379143,0.04022161259940272,4.053289862187736,4.053289862187735,5.090559862801474,-1.0,0.0,1.0
F,20221115_07,83,30,True,,-0.1518096748675474,0.0,0.2924220320685122,0.0165782730191354,0.05669296838499229,3.4197149678711884,6.975502869314406,3.419714967871188,-1.0000000000000002,0.0,1.0
F,20221115_07,84,28,True,,-0.1636567850886004,0.0,0.2195365729852689,0.00818283925443,0.037273239456913146,4.555049695829499,6.192206387878892,4.555049695829499,-0.9999999999999999,0.0,1.0
F,20221115_07,85,30,True,,-0.1060238752479108,0.0,0.4933930734171436,0.0053011937623955,0.01074436194590343,2.0267815943872014,9.821577657226683,2.0267815943872014,-1.0,0.0,0.9999999999999999
F,20221115_07,86,30,True,,-0.2651818887795903,0.0,0.1872174066879562,0.0093608703343978,0.035299810169834855,3.770996596344346,3.7709965963443457,5.424035627863861,-1.0,0.0,1.0
F,20221115_07,87,30,True,,-0.2237401426243165,0.0,0.1546705542771926,0.0077335277138596,0.03456477511433886,4.469470646933065,4.469470646933065,6.570401262812663,-1.0,0.0,1.0
F,20221115_07,88,29,True,,-0.0699135741195727,0.0,0.5456927247922437,0.0034956787059786,0.006405947059876,1.8325331355310266,14.959734070958818,1.8325331355310268,-1.0,0.0,1.0
F,20221115_07,89,30,True,,-0.1985206576708222,0.0,0.2666180163585165,0.0163106961284515,0.06117627139839929,3.7506842697956233,5.152428114547887,3.7506842697956233,-0.9999999999999999,0.0,1.0
F,20221115_07,90,30,True,,-0.2051498767754011,0.0,0.1400313262180457,0.0070015663109022,0.03412903005819314,4.87448501416749,4.874485014167491,7.260563129753806,-1.0,0.0,1.0000000000000002
F,20221115_07,91,30,True,,-0.2320239474180171,0.0,0.1676968657264809,0.008384843286324,0.03613783568304614,4.309899952690607,4.309899952690607,6.050153337793536,-1.0,0.0,1.0000000000000002
F,20221115_07,92,29,True,,-0.2094583416351515,0.0,0.2989038263974313,0.0104729170817575,0.03503774845569372,3.3455577068135978,4.849411728070447,3.3455577068135978,-0.9999999999999999,0.0,0.9999999999999999
F,20221115_07,93,30,True,,-0.2487283523511979,0.0,0.2400927129386796,0.0211800081569082,0.08515317195123201,4.02045038511744,4.02045038511744,4.179048579938546,-0.9999999999999999,0.0,1.0
F,20221115_07,94,30,True,,-0.271352341160219,0.0,0.1874299924636795,0.0220240655172195,0.081164088811806,3.685245521465959,3.685245521465958,5.555036195804581,-0.9999999999999999,0.0,0.9999999999999999
G,20230310_08,5,30,True,,-0.2361079153112978,0.0,0.1829501890778546,0.0091475094538927,0.038742917372474005,4.235351443773259,4.235351443773259,5.5307379880868,-1.0,0.0,1.0000000000000002
G,20230310_08,6,30,True,,-0.0934501657847134,5.030698080332741e-17,0.1678749917690037,0.0088026247710517,0.052435593165443724,5.956813397054408,11.19423429774084,5.956813397054408,-1.0000000000000002,2.9738116731030977e-16,0.9999999999999999
G,20230310_08,7,30,True,,-0.3306306860813799,0.0,0.1452829258979429,0.0072641462948971,0.021970575027356002,3.0245226535139715,3.0245226535139715,7.086205426432134,-1.0,0.0,0.9999999999999997
G,20230310_08,8,30,True,,-0.2153744291801051,0.0,0.1521659197434163,0.0076082959871708,0.03532590204015543,4.643076728313732,4.643076728313732,6.673284140215859,-1.0,0.0,1.0
G,20230310_08,9,30,True,,-0.1673198232343414,0.0,0.1628942403520457,0.0165822048190689,0.09910484303969472,5.976578152365365,5.976578152365365,6.157355091661308,-1.0000000000000002,0.0,1.0
G,20230310_08,10,30,True,,-0.1007355359877508,0.0,0.1331144429514762,0.0050367767993875,0.03783794371001186,7.512332830514319,10.054070339576404,7.512332830514319,-1.0,0.0,1.0
G,20230310_08,11,30,True,,-0.1659400537030368,0.0,0.1145988515546802,0.005729942577734,0.03453019599468257,6.02627260679077,6.02627260679077,8.868186639123593,-1.0,0.0,1.0
G,20230310_08,12,30,True,,-0.045871641479411,0.0,0.0877286307128186,0.0022935820739705,0.026144054174043,11.398787281583358,22.347391304542047,11.398787281583358,-1.0,0.0,1.0
G,20230310_08,13,30,True,,-0.1081471034520335,0.0,0.1212716677670092,0.0054073551726016,0.044588775533214005,8.245949102648034,9.299333904033476,8.245949102648032,-0.9999999999999999,0.0,0.9999999999999999
G,20230310_08,14,30,True,,-0.1418587795586134,0.0,0.1095015400011867,0.0054750770000593,0.03859526366358686,7.049264085814431,7.049264085814431,9.241924685317755,-1.0,0.0,1.0
G,20230310_08,15,30,True,,-0.0997395086021158,0.0,0.1768946830947899,0.0062811438715208,0.03550781607243114,5.653081158262652,10.32001990092415,5.65308115826265,-1.0,0.0,0.9999999999999999
G,20230310_08,16,30,True,,-0.1159345757501789,0.0,0.0980669966378488,0.0049033498318924,0.042294111141256,8.625554486479041,8.625554486479043,10.279823962381789,-1.0,0.0,1.0
G,20230310_08,17,29,True,,-0.1676643012719894,0.0,0.110448654655753,0.0055224327327876,0.03293743922165643,5.964298854398191,5.964298854398191,9.216595652213043,-0.9999999999999999,0.0,1.0
G,20230310_08,18,30,True,,-0.1566266184102914,0.0,0.1803131444259749,0.0099838923509066,0.055369742359550146,5.545907388967619,6.441712337357324,5.545907388967619,-0.9999999999999999,0.0,1.0
G,20230310_08,19,30,True,,-0.1068487906559812,0.0,0.0464522865691996,0.0023226143284599,0.02173739463217743,9.359020292702038,9.359020292702038,22.167910063576432,-1.0,0.0,1.0
G,20230310_08,20,29,True,,-0.2656031227676089,0.0,0.1576894201233332,0.0078844710061666,0.029685159285816144,3.7650159741342963,3.7650159741342963,6.477188146536291,-1.0000000000000002,0.0,1.0000000000000002
G,20230310_08,21,30,True,,-0.2263223851088233,0.0,0.1837725416070716,0.0096824006760904,0.04278145386031858,4.418475881292815,4.4184758812928155,5.498407554964155,-1.0000000000000002,0.0,1.0
G,20230310_08,22,30,True,,-0.0970422622348916,0.0,0.0788287423344589,0.0039414371167229,0.04061567636565043,10.304788624769396,10.304788624769394,12.811040814526896,-1.0,0.0,1.0
G,20230310_08,23,30,True,,-0.1282069865229874,0.0,0.1125342168355474,0.0056267108417773,0.043887708418827005,7.799886941580211,7.799886941580211,8.943359801480073,-0.9999999999999999,0.0,1.0
G,20230310_08,24,30,True,,-0.2219893960946242,0.0,0.1064667312648091,0.0069310278113524,0.03122233734262686,4.504719673969221,4.5047196739692215,9.732966453694448,-1.0,0.0,0.9999999999999999
G,20230310_08,25,30,True,,-0.1602875714061516,0.0,0.1258494684938987,0.0100858797160954,0.06292365420235142,6.238786895498631,6.238786895498631,8.094741668697516,-1.0000000000000002,0.0,1.0
G,20230310_08,26,30,True,,-0.1387331445494633,0.0,0.1234805340346869,0.0061740267017343,0.04450289598628015,7.208082850334759,7.208082850334759,8.145303493707472,-1.0,0.0,1.0
G,20230310_08,27,30,True,,-0.1655939461092933,0.0,0.2061666988047505,0.0187829921768165,0.09110584922643043,4.850443867983969,6.190915094738774,4.8504438679839685,-1.0,0.0,1.0
G,20230310_08,28,30,True,,-0.1482483134729428,0.0,0.1512113813594119,0.0074124156736471,0.049020223259707424,6.613258810347853,6.752396168876829,6.613258810347853,-1.0000000000000002,0.0,1.0
G,20230310_08,29,30,True,,-0.3030355832451947,0.0,0.1292259320981434,0.0064612966049071,0.021321907268161144,3.29994249946176,3.29994249946176,7.971987118275273,-1.0,0.0,1.0
G,20230310_08,30,30,True,,-0.1486970711874647,0.0,0.1272917346290447,0.0063645867314522,0.04280236779800658,6.725082020877762,6.725082020877762,7.915490018937678,-0.9999999999999999,0.0,1.0
G,20230310_08,31,30,True,,-0.2331678313612311,0.0,0.1816199238803797,0.0272282720183323,0.11677542249020358,4.288756275520562,4.288756275520562,5.720675741580759,-1.0,0.0,1.0
G,20230310_08,32,30,True,,-0.1449070484890779,0.0,0.2079326188167941,0.0072453524244538,0.03484471299251829,4.809250254675449,7.011066364854304,4.809250254675449,-1.0,0.0,1.0
G,20230310_08,33,30,True,,-0.1895578887563617,0.0,0.1851174563234263,0.0092558728161713,0.04882873974223172,5.27543330726424,5.27543330726424,5.408635821924853,-1.0,0.0,1.0000000000000002
G,20230310_08,34,30,True,,-0.237797811499436,0.0,0.0994348327699023,0.0049717416384951,0.020907432272592143,4.20525316736303,4.20525316736303,10.36481609907722,-1.0,0.0,1.0
G,20230310_08,35,30,True,,-0.1248337037717232,0.0,0.0526761754323796,0.0046474461342622,0.037229097542124716,8.0106571365426,8.010657136542601,20.045729223479835,-1.0,0.0,1.0
G,20230310_08,36,30,True,,-0.1017006736380879,0.0,0.1072799156449941,0.0050850336819043,0.047399680092325425,9.321409268340169,9.859690629174445,9.321409268340169,-1.0,0.0,1.0
G,20230310_08,37,30,True,,-0.0858746297034636,0.0,0.1193559312697692,0.0046001250629588,0.03854123556341371,8.378301684394648,11.829770832677864,8.378301684394648,-0.9999999999999999,0.0,0.9999999999999999
G,20230310_08,38,30,True,,-0.0956021769394495,0.0,0.1076116731381392,0.0103058144765265,0.09576855536199216,9.292672168718322,10.60105517431722,9.292672168718322,-1.0,0.0,1.0
G,20230310_08,39,30,True,,-0.0955889886683595,0.0,0.1288557442203157,0.0047794494334179,0.03709147358806243,7.760616385795065,10.603605463966836,7.760616385795065,-1.0,0.0,1.0
G,20230310_08,40,30,True,,-0.139272824938665,0.0,0.2063207494474025,0.009740862074505,0.047212227081349575,4.846822254564032,7.355619044527547,4.846822254564032,-1.0000000000000002,0.0,0.9999999999999999
G,20230310_08,41,30,True,,-0.169016427211624,0.0,0.1486173754844501,0.0074308687742225,0.04396536417681086,5.916584656874258,5.916584656874258,6.771430628178672,-0.9999999999999999,0.0,0.9999999999999999
G,20230310_08,42,30,True,,-0.1079093540594931,0.0,0.1644020061750127,0.0062540820586402,0.03804139745096814,6.082650834172052,9.4629484887017,6.082650834172052,-1.0,0.0,1.0000000000000002
G,20230310_08,43,30,True,,-0.1342992338991234,0.0,0.0791413591632029,0.0039570679581601,0.029464560915756433,7.4460588565317725,7.4460588565317725,12.908752926025425,-1.0,0.0,1.0000000000000002
G,20230310_08,44,30,True,,-0.1069265942788377,0.0,0.1664434531989035,0.0112037914863919,0.06731289979307929,6.008046461310665,9.74362506109699,6.008046461310665,-1.0,0.0,1.0
G,20230310_08,45,29,True,,-0.1053320299324343,0.0,0.1346796478930768,0.0052666014966217,0.039104657452051717,7.425026836971738,9.60267054834346,7.425026836971738,-0.9999999999999999,0.0,1.0000000000000002
G,20230310_08,46,30,True,,-0.1101841895509913,0.0,0.1513496068792061,0.0055092094775495,0.036400553600027,6.607219011795066,9.205632957597846,6.607219011795066,-1.0,0.0,1.0
G,20230310_08,47,30,True,,-0.0588097653023465,0.0,0.0687861688285534,0.0029404882651173,0.042748248887743145,14.537806321100058,17.133777307953704,14.537806321100058,-0.9999999999999999,0.0,0.9999999999999999
G,20230310_08,48,30,True,,-0.114044101553765,0.0,0.0997054482474047,0.0090924925159978,0.07972786309962043,8.768537665479867,8.768537665479867,10.156076793568367,-0.9999999999999999,0.0,1.0
G,20230310_08,49,30,True,,-0.1273095388445898,0.0,0.1526805620462342,0.0063654769422294,0.041691469149176284,6.5496222086029725,7.9235682660011735,6.549622208602973,-1.0,0.0,1.0
G,20230310_08,50,30,True,,-0.1755361020608249,0.0,0.1476328137989467,0.0073816406899473,0.042051980209686576,5.696833803757876,5.696833803757876,6.830231780277673,-0.9999999999999999,0.0,1.0
G,20230310_08,51,30,True,,-0.1132114104859746,0.0,0.1172746893919588,0.0056605705242987,0.048267623249717576,8.526989115765389,8.849139412480806,8.526989115765389,-1.0,0.0,1.0
G,20230310_08,52,30,True,,-0.138376977376858,0.0,0.1322522793241862,0.0066126139662093,0.04778695193059757,7.2266356655311546,7.2266356655311546,7.578920600881288,-1.0,0.0,1.0000000000000002
G,20230310_08,53,30,True,,-0.2375681243905406,0.0,0.0877144655117669,0.0043857232755883,0.018460907947307714,4.209318916691408,4.209318916691408,11.77911805353688,-0.9999999999999999,0.0,1.0
G,20230310_08,54,30,True,,-0.1116782486827742,4.998172015158176e-17,0.1340301527577966,0.0055839124341387,0.04166161359398943,7.461007686882824,9.03288922191014,7.461007686882826,-0.9999999999999999,3.7296554733501353e-16,1.0
G,20230310_08,55,30,True,,-0.0690085301752797,0.0,0.0551781069389302,0.0027589053469465,0.039979193006125006,14.490962167431006,14.490962167431013,18.314296628674462,-1.0000000000000002,0.0,1.0
G,20230310_08,56,30,True,,-0.2350965559958518,0.0,0.1159399192445866,0.0057969959622293,0.024657936555785145,4.253571456051633,4.253571456051633,8.855240394735784,-1.0000000000000002,0.0,1.0
G,20230310_08,57,29,True,,-0.199685199109334,0.0,0.1048223974272518,0.0052411198713625,0.026246912113365432,5.007882429245385,5.0078824292453845,9.778475550688967,-1.0,0.0,1.0
G,20230310_08,58,30,True,,-0.1102554422109101,0.0,0.1532361588370556,0.0055127721105455,0.03597566104751771,6.52587488220293,9.203740347928425,6.52587488220293,-1.0,0.0,0.9999999999999999
G,20230310_08,59,29,True,,-0.1633686847083838,0.0,0.1328632060635706,0.0066431603031785,0.04066360891034101,6.121124141906503,6.121124141906503,7.6005073941329435,-1.0,0.0,0.9999999999999999
G,20230310_08,60,30,True,,-0.1311488687058792,0.0,0.1206587567364556,0.0060329378368227,0.046000685300248575,7.624922806178742,7.624922806178743,8.32272627456716,-1.0,0.0,1.0
G,20230310_08,61,30,True,,-0.1182290441160114,0.0,0.1611847275211706,0.0059114522058005,0.03667501441800143,6.204061733259785,8.576795221465408,6.204061733259785,-1.0,0.0,1.0
G,20230310_08,62,30,True,,-0.1778603313649293,0.0,0.194645560231288,0.0088930165682464,0.045688257968377576,5.137543331642129,5.64790736705462,5.137543331642129,-1.0,0.0,1.0
G,20230310_08,63,30,True,,-0.1574850660664996,0.0,0.2370242597349622,0.0078742533033249,0.03322129689226686,4.218977420784642,6.461957429762034,4.218977420784642,-1.0000000000000002,0.0,1.0
G,20230310_08,64,30,True,,-0.0909130452037968,0.0,0.0893429504258579,0.0081621417863992,0.08977965448305443,10.999521551151785,10.999521551151789,11.212260148324308,-1.0,0.0,1.0
G,20230310_08,65,30,True,,-0.1343133543579835,0.0,0.1745048480889693,0.0138392645582942,0.07930590301559072,5.730499816773924,7.642258169497154,5.730499816773924,-0.9999999999999999,0.0,1.0
G,20230310_08,66,29,True,,-0.1663248378089877,0.0,0.1563602899859913,0.0078180144992995,0.047004491946524424,6.012331129692301,6.012331129692301,6.4156517390825645,-1.0000000000000002,0.0,1.0
G,20230310_08,67,30,True,,-0.1739610256086416,0.0,0.1289240039310494,0.0073131196331461,0.04203883949039443,5.748414028379495,5.748414028379495,7.877264983641938,-1.0,0.0,1.0000000000000002
G,20230310_08,68,30,True,,-0.070289185206986,0.0,0.1123840337379056,0.0042309463320396,0.03764721901606343,8.89806111010512,14.568247615649403,8.89806111010512,-0.9999999999999999,0.0,1.0
G,20230310_08,69,30,True,,-0.1399767385657205,0.0,0.248671388821364,0.006998836928286,0.028144922346952,4.021371355746766,7.30839534754293,4.0213713557467665,-1.0,0.0,1.0
G,20230310_08,70,29,True,,-0.1468710856026799,0.0,0.1645636226745239,0.0073435542801339,0.044624408242751004,6.076677115803489,6.847219202557995,6.076677115803489,-1.0,0.0,0.9999999999999999
G,20230310_08,71,30,True,,-0.1665351618851005,0.0,0.0435263943998377,0.0113462614937482,0.068131326533771,6.004737910483681,6.004737910483681,28.95788765651398,-1.0,0.0,1.0000000000000002
G,20230310_08,72,29,True,,-0.1135529522719768,0.0,0.1035981416516789,0.0051799070825839,0.045616665872123284,8.806464120852143,8.806464120852144,9.697220624881735,-1.0,0.0,1.0
G,20230310_08,73,30,True,,-0.117386707607541,0.0,0.307684760815329,0.0061687252422292,0.020048848782379575,3.2500797158433055,8.81108549513896,3.2500797158433055,-1.0,0.0,0.9999999999999999
G,20230310_08,74,29,True,,-0.1545660443692482,0.0,0.2907895422105274,0.0077283022184624,0.02657696064209629,3.438913216748402,6.6292427621115815,3.438913216748402,-1.0,0.0,1.0
G,20230310_08,75,30,True,,-0.3638678132463938,0.0,0.1952972150902741,0.0136011288524719,0.03737931291895243,2.7482507756816843,2.7482507756816843,5.297971502925924,-1.0000000000000002,0.0,1.0
G,20230310_08,76,30,True,,-0.1253412276600375,0.0,0.0802793426178699,0.0040139671308934,0.03202431638678815,7.978220882855045,7.978220882855045,12.692203735081723,-1.0,0.0,1.0
G,20230310_08,77,30,True,,-0.2102816429657763,0.0,0.0931833565418817,0.0087902485927125,0.041802263234851714,4.755526853871652,4.75552685387165,11.35398091207021,-1.0,0.0,1.0
G,20230310_08,78,30,True,,-0.127388055629209,0.0,0.2017953409105198,0.0063694027814604,0.03156367611224857,4.955515798768716,8.002372370696637,4.955515798768715,-1.0000000000000002,0.0,1.0
G,20230310_08,79,30,True,,-0.1132794337216942,0.0,0.331562690018056,0.0056639716860847,0.01708265693518243,3.016020891691833,9.13360705304201,3.0160208916918343,-1.0,0.0,1.0
G,20230310_08,80,30,True,,-0.082098490180002,0.0,0.1415590175122257,0.0041049245090001,0.028997972585148572,7.064191441662382,12.449770940218352,7.064191441662382,-0.9999999999999999,0.0,1.0
G,20230310_08,81,30,True,,-0.1142950541604317,0.0,0.0707411520362574,0.0066624167857962,0.058291383076335,8.749284974276637,8.749284974276637,14.696117413099012,-0.9999999999999999,0.0,1.0
G,20230310_08,82,30,True,,-0.1015430183365942,0.0,0.0847947796109774,0.0042397389805488,0.041753131332919434,9.848042892374984,9.848042892374984,11.8955544081138,-0.9999999999999999,0.0,1.0000000000000002
G,20230310_08,83,30,True,,-0.1183911798648832,0.0,0.0836800505839768,0.0041840025291988,0.03534049186750172,8.446575168363669,8.446575168363669,12.134685078531007,-1.0,0.0,1.0
G,20230310_08,84,30,True,,-0.1078788714880215,0.0,0.0959616439762676,0.0047980821988133,0.044476570181271574,9.269655737092467,9.269655737092467,10.481418356067783,-1.0,0.0,1.0
G,20230310_08,85,30,True,,-0.0770354923418744,0.0,0.1040159072610599,0.0038517746170937,0.037030630396046,9.613914124598196,13.158246117331137,9.613914124598196,-1.0,0.0,0.9999999999999999
G,20230310_08,86,30,True,,-0.138819757680524,0.0,0.1109691787934715,0.0055484589396735,0.03996879862333886,7.203585546528416,7.203585546528415,9.106665204981276,-1.0,0.0,1.0
G,20230310_08,87,30,True,,-0.1757117713792541,0.0,0.1608551771212818,0.008042758856064,0.045772453336121004,5.691138346341134,5.691138346341133,6.244437183159706,-1.0,0.0,1.0
G,20230310_08,88,30,True,,-0.1710534393013553,0.0,0.1744597034108833,0.0085526719650677,0.04902376765438329,5.731982689692092,5.852133795636895,5.731982689692091,-1.0,0.0,0.9999999999999999
G,20230310_08,89,30,True,,-0.1489655023307649,0.0,0.0855640653425781,0.0042782032671289,0.02871942295491686,6.712963634893045,6.712963634893045,11.948948467121433,-1.0000000000000002,0.0,1.0
G,20230310_08,90,30,True,,-0.1116928046645861,0.0,0.2557092231262093,0.0055846402332293,0.021839807594554,3.9106919483558635,9.218519589397232,3.9106919483558635,-1.0,0.0,1.0
G,20230310_08,91,30,True,,-0.1203472088146863,5.009014036883032e-17,0.0985997340136917,0.0049299867006845,0.040964694979140716,8.309291173838728,8.309291173838728,10.23847434771169,-1.0,4.1385545784018124e-16,1.0
G,20230310_08,92,30,True,,-0.0940662904812859,0.0,0.1440409761502532,0.0056861048473229,0.039475606173284716,6.942468919100295,10.868096586771617,6.942468919100295,-1.0,0.0,1.0
G,20230310_08,93,29,True,,-0.1539220420662569,0.0,0.117705090785537,0.0058852545392768,0.038235294050630426,6.496795303492287,6.496795303492287,8.601020518678638,-1.0,0.0,1.0
G,20230310_08,94,30,True,,-0.1047981456433284,0.0,0.1865207106443758,0.0052399072821664,0.028092897909642433,5.361334923855295,9.762196660859173,5.361334923855293,-1.0,0.0,1.0
H,20221115_09,5,21,True,,-0.1568915034566691,0.0,0.1633671965936163,0.0078445751728334,0.04801805586679186,6.121179899337735,6.387128906946094,6.121179899337735,-1.0,0.0,1.0
H,20221115_09,6,11,True,,-0.1728406916343019,0.0,0.4376914077633124,0.008642034581715,0.01974458357745143,2.2847147151235916,5.9699356500133165,2.2847147151235916,-1.0,0.0,1.0
H,20221115_09,7,18,True,,-0.215623322719524,0.0,0.1539626508274737,0.0125816605672204,0.05835018405493272,4.637717234794532,4.637717234794533,6.660370776945921,-1.0,0.0,0.9999999999999999
H,20221115_09,8,17,True,,-0.099491613443794,0.0,0.0906333319009158,0.0045316665950457,0.04554822701318301,10.051098433185338,10.05109843318534,11.08517204163468,-1.0000000000000002,0.0,1.0
H,20221115_09,9,17,True,,-0.126055652355248,0.0,0.1666436693437928,0.0063027826177624,0.037821914523254285,6.000828017876625,8.03469751986712,6.000828017876625,-1.0000000000000002,0.0,1.0
H,20221115_09,10,15,True,,-0.0271662499711065,0.0,0.0956546343613837,0.0013583124985553,0.01420017448839543,10.454276540559393,38.19754393624373,10.454276540559393,-1.0,0.0,1.0
H,20221115_09,11,14,True,,-0.1190498211276109,0.0,0.1655321451881345,0.0059524910563805,0.035959728846716006,6.041122700750698,8.523987883233998,6.041122700750698,-1.0,0.0,1.0000000000000002
H,20221115_09,12,17,True,,-0.1871870331654498,0.0,0.0909422766719332,0.0045471138335966,0.02429182062828872,5.342250385026005,5.342250385026004,11.293551019719297,-1.0,0.0,1.0
H,20221115_09,13,16,True,,-0.1596562218382227,0.0,0.157513554888505,0.0078756777444252,0.04932897480441157,6.263457749947792,6.263457749947792,6.353144293006969,-1.0,0.0,1.0
H,20221115_09,14,13,True,,-0.1735219587941439,0.0,0.0655379583819362,0.0032768979190968,0.018884629598864285,5.762959379604171,5.762959379604171,15.758089616650778,-1.0,0.0,1.0
H,20221115_09,15,3,False,fewer than 10 finite baseline bins,,,,,,,,,,,
H,20221115_09,16,1,False,fewer than 10 finite baseline bins,,,,,,,,,,,
H,20221115_09,17,13,True,,-0.2044520586965099,0.0,0.0717035863570984,0.0035851793178549,0.017535550097721286,4.891122184709361,4.891122184709361,14.42289232242723,-1.0,0.0,1.0000000000000002
H,20221115_09,18,21,True,,-0.0462664812019393,0.0,0.0991247044111667,0.0023133240600969,0.023337512821237288,10.088302466477236,22.220530917197845,10.088302466477236,-1.0,0.0,1.0
H,20221115_09,19,9,False,fewer than 10 finite baseline bins,,,,,,,,,,,
H,20221115_09,20,25,True,,-0.0746460754858736,0.0,0.0828913888869743,0.0037323037742936,0.04502643548876729,12.063979303851923,13.466686956030133,12.063979303851923,-1.0000000000000002,0.0,1.0
H,20221115_09,21,12,True,,-0.1180440999096116,0.0,0.1122534195123068,0.0056126709756153,0.047547238531303576,8.47141026756709,8.47141026756709,8.931414815988367,-1.0,0.0,1.0
H,20221115_09,22,15,True,,-0.048734442858971,0.0,0.1500013419379956,0.0024367221429485,0.016244668957400288,6.666607025511535,21.248461389204966,6.666607025511535,-1.0,0.0,1.0000000000000002
H,20221115_09,23,9,False,fewer than 10 finite baseline bins,,,,,,,,,,,
H,20221115_09,24,12,True,,-0.3035201199484715,0.0,0.0931427963337837,0.0046571398166891,0.015343759805708429,3.2946745018741086,3.2946745018741086,11.127862740150041,-1.0,0.0,1.0000000000000002
H,20221115_09,25,16,True,,-0.1378499063214554,0.0,0.114157889552837,0.0142400148494625,0.10330086707680358,7.254266808626453,7.254266808626453,8.974361550275368,-1.0,0.0,1.0
H,20221115_09,26,7,False,fewer than 10 finite baseline bins,,,,,,,,,,,
H,20221115_09,27,20,True,,-0.1310063311438444,0.0,0.0651239514720113,0.0074070995207979,0.056540011891981996,7.633218877811363,7.633218877811365,16.346352169475573,-1.0000000000000002,0.0,1.0000000000000002
H,20221115_09,28,23,True,,-0.1076965143956328,0.0,0.0803047371652682,0.0040152368582634,0.03728288590207357,9.285351579034486,9.285351579034486,12.619260975937086,-1.0,0.0,1.0
H,20221115_09,29,20,True,,-0.1388679662017982,0.0,0.0461520741126642,0.0081917852156814,0.058989739964776,7.201084795516005,7.201084795516004,24.78933346869278,-1.0,0.0,1.0
H,20221115_09,30,23,True,,-0.1139964459503965,0.0,0.1018054156168048,0.0050902707808402,0.04465289017041087,8.772203305663858,8.772203305663858,9.877947362328023,-1.0,0.0,1.0
H,20221115_09,31,18,True,,-0.2104357399358672,0.0,0.1368318544586461,0.0246776282011089,0.11726918729978887,4.7520444973119185,4.752044497311918,7.870687018723808,-0.9999999999999999,0.0,1.0
H,20221115_09,32,23,True,,-0.1021475832654495,0.0,0.1202361069332508,0.0051073791632724,0.04247791527471715,8.316969215870827,9.867271957889477,8.316969215870827,-1.0,0.0,1.0
H,20221115_09,33,22,True,,-0.0484237272696521,0.0,0.0711295512257284,0.0024211863634826,0.03403910641582729,14.058854340673635,20.997989992648954,14.058854340673635,-1.0,0.0,1.0
H,20221115_09,34,22,True,,-0.1688493782404292,0.0,0.0924614730611109,0.0046230736530555,0.027379867792421575,5.922438154175922,5.922438154175922,11.072835328991458,-0.9999999999999999,0.0,1.0000000000000002
H,20221115_09,35,14,True,,-0.0948670590793868,0.0,0.1321359427776703,0.0063167111057403,0.047804639471704435,7.567963560698868,10.753152102933333,7.567963560698868,-1.0,0.0,1.0000000000000002
H,20221115_09,36,20,True,,-0.0816114821000923,0.0,0.1302711463837583,0.0040805741050046,0.03132369844189343,7.6762969219151325,12.494066258317025,7.676296921915134,-1.0,0.0,1.0000000000000002
H,20221115_09,37,21,True,,-0.0667942591831303,0.0,0.0385178980317699,0.0019258949015884,0.02883323993920272,14.971346523333583,14.971346523333583,26.540409843258086,-1.0,0.0,1.0
H,20221115_09,38,16,True,,-0.0645218335907837,0.0,0.1197322886119918,0.0114072101651981,0.09527263111260356,8.351965970020258,17.033489282945464,8.35196597002026,-1.0,0.0,1.0000000000000002
H,20221115_09,39,13,True,,-0.2219386710758775,0.0,0.0602775360025942,0.0030138768001297,0.01357977312164443,4.505749246638116,4.505749246638116,17.225937717160427,-1.0,0.0,1.0
H,20221115_09,40,21,True,,-0.1181411786495742,0.0,0.0560436931568078,0.0028021846578403,0.023718949564166,8.464449156768287,8.46444915676829,18.33684052086481,-1.0,0.0,1.0
H,20221115_09,41,18,True,,-0.1112219262389558,0.0,0.0611941780972592,0.0114759187132977,0.10318036291371302,8.991032917839778,8.99103291783978,18.038033676126435,-1.0,0.0,1.0000000000000002
H,20221115_09,42,17,True,,-0.0204678264415989,0.0,0.0765376867989563,0.0010233913220799,0.013371077241570002,13.06545888467635,50.74094036128712,13.06545888467635,-1.0,0.0,1.0
H,20221115_09,43,24,True,,-0.2697549418768099,0.0,0.0550612920471758,0.0027530646023587,0.010205798578533714,3.7070683229843264,3.7070683229843264,18.922342617433497,-1.0,0.0,1.0
H,20221115_09,44,10,True,,-0.1841211637864905,0.0,0.0969565984925515,0.0498356332946865,0.2706675988235476,5.431206165737765,5.431206165737765,15.477874829471816,-1.0,0.0,0.9999999999999999
H,20221115_09,45,21,True,,-0.1278854939776432,0.0,0.081567168797298,0.0040783584398649,0.031890704043242575,7.819495150676111,7.819495150676111,12.493536698926643,-1.0,0.0,1.0
H,20221115_09,46,24,True,,-0.0604918984053924,0.0,0.0762026300428774,0.0030245949202696,0.039691476771441435,13.122906642950825,16.710519982500383,13.122906642950825,-1.0,0.0,1.0000000000000002
H,20221115_09,47,25,True,,-0.1366035077615927,0.0,0.0322007819049457,0.0016100390952472,0.011786220732026858,7.3204562341492005,7.3204562341492005,32.304340741757734,-1.0,0.0,1.0
H,20221115_09,48,23,True,,-0.1598312717112824,0.0,0.0568525185000893,0.0028426259250044,0.017785167411664856,6.256597906612352,6.256597906612352,18.185831997774365,-1.0,0.0,1.0
H,20221115_09,49,22,True,,-0.096845700752007,0.0,0.0388715135336064,0.0019435756766803,0.020068786343518,10.325703590711806,10.325703590711806,26.536310190217904,-0.9999999999999999,0.0,1.0
H,20221115_09,50,10,True,,-0.1223793561476953,0.0,0.1388030756186878,0.0061189678073847,0.044083805636947436,7.2044513101939085,8.222200252462182,7.2044513101939085,-1.0,0.0,1.0
H,20221115_09,51,22,True,,-0.1382783250469674,0.0,0.0539261780756215,0.0095733182453288,0.06923224042580158,7.231791386396538,7.231791386396538,20.985518479205023,-1.0,0.0,1.0
H,20221115_09,52,16,True,,-0.1261380904730301,0.0,0.0842261535491527,0.0093014142617168,0.073739932377568,7.9278193942044215,7.9278193942044215,12.362539748973882,-1.0,0.0,1.0
H,20221115_09,53,23,True,,-0.1187864263612599,0.0,0.043769112851203,0.0021884556425601,0.018423448786181143,8.418470280086916,8.418470280086916,23.606566540987473,-1.0,0.0,1.0
H,20221115_09,54,16,True,,-0.0707349282841996,0.0,0.0359010609709575,0.0054320555891728,0.07679453024039015,14.13728725336638,14.13728725336638,30.29982299033398,-1.0,0.0,1.0
H,20221115_09,55,25,True,,-0.0735947070874206,0.0,0.1663761676288946,0.003679735354371,0.022116961863064145,6.010476225360113,13.986747243075529,6.010476225360112,-1.0,0.0,0.9999999999999999
H,20221115_09,56,19,True,,-0.3861000201426416,0.0,0.2412524975028197,0.0120626248751409,0.03124222803895357,2.5900024548834724,2.5900024548834724,4.226878617515544,-1.0,0.0,1.0
H,20221115_09,57,14,True,,-0.1655078233255541,0.0,0.0486868869366944,0.0024343443468347,0.014708334010570288,6.04201046154174,6.04201046154174,21.302432489526378,-0.9999999999999999,0.0,1.0
H,20221115_09,58,18,True,,-0.3404344390730022,0.0,0.0600820539067353,0.0030041026953367,0.008824320781166715,2.9374231429786737,2.9374231429786737,17.36529882699949,-0.9999999999999999,0.0,1.0
H,20221115_09,59,16,True,,-0.0672311949733891,0.0,0.0326600747518574,0.0144614530887939,0.21510034284706528,14.874047685688335,14.874047685688335,43.12962111553712,-1.0,0.0,1.0000000000000002
H,20221115_09,60,14,True,,-0.1203957917542626,0.0,0.009855282272252,0.0004927641136126,0.004092868250896714,8.305938151402165,8.305938151402165,106.37171697553488,-1.0,0.0,1.0
H,20221115_09,61,17,True,,-0.2388133724414768,0.0,0.1022658300958649,0.0051132915047932,0.021411244489863285,4.187370203672569,4.187370203672569,10.072703911826233,-1.0,0.0,1.0
H,20221115_09,62,15,True,,-0.1551191070966804,0.0,0.0853789761464378,0.0042689488073218,0.02752045758399829,6.44665907841214,6.44665907841214,11.989634010972843,-1.0000000000000002,0.0,1.0
H,20221115_09,63,12,True,,-0.2779593154260267,0.0,0.3435028122793751,0.0138979657713013,0.04045953999351229,2.9111843171364997,3.633778518746266,2.9111843171364997,-1.0,0.0,1.0
H,20221115_09,64,6,False,fewer than 10 finite baseline bins,,,,,,,,,,,
H,20221115_09,65,12,True,,-0.0387394932774891,0.0,0.0064555557540804,0.0049352917255607,0.1273969096655303,25.81345070357655,25.81345070357655,573.9812782284497,-0.9999999999999999,0.0,1.0
H,20221115_09,66,14,True,,-0.145846833135332,0.0,0.0489186284491725,0.0064754309527992,0.044398845100672144,6.8565081496976665,6.856508149697667,22.514824783900433,-1.0000000000000002,0.0,1.0
H,20221115_09,67,16,True,,-0.0780367608643284,0.0,0.0833268141011193,0.0061806820746633,0.07417398758535115,12.000938842885231,12.884449416237953,12.000938842885231,-1.0,0.0,1.0
H,20221115_09,68,8,False,fewer than 10 finite baseline bins,,,,,,,,,,,
H,20221115_09,69,4,False,fewer than 10 finite baseline bins,,,,,,,,,,,
H,20221115_09,70,4,False,fewer than 10 finite baseline bins,,,,,,,,,,,
H,20221115_09,71,10,True,,-0.1479764729472419,0.0,0.0835363937708242,0.0091774027677804,0.062019337162147435,6.7578310259937755,6.757831025993775,12.614219883637976,-0.9999999999999999,0.0,1.0
H,20221115_09,72,9,False,fewer than 10 finite baseline bins,,,,,,,,,,,
H,20221115_09,73,9,False,fewer than 10 finite baseline bins,,,,,,,,,,,
H,20221115_09,74,18,True,,-0.0778614309574924,0.0,0.0792944384678326,0.0055266269512219,0.06969753564071057,12.611224939888693,12.861062902425832,12.611224939888693,-1.0,0.0,1.0
H,20221115_09,75,16,True,,-0.1195898136445781,0.0,0.0694910768889385,0.0186494994203463,0.15594555131403373,8.36191619941819,8.36191619941819,16.601657358239674,-1.0,0.0,1.0
H,20221115_09,76,14,True,,-0.1018024406525941,8.673617379884066e-19,0.1228389299854191,0.0050901220326297,0.041437368700898716,8.140741702314562,9.911484338058507,8.140741702314562,-1.0,7.06096787143425e-18,1.0
H,20221115_09,77,8,False,fewer than 10 finite baseline bins,,,,,,,,,,,
H,20221115_09,78,18,True,,-0.0630480572692864,0.0,0.1067508228988207,0.0031524028634643,0.02953047834068857,9.367609287169687,16.20266998142987,9.367609287169687,-1.0,0.0,1.0
H,20221115_09,79,14,True,,-0.0541282412279902,0.0,0.0870525614895857,0.0027064120613995,0.03108940179460743,11.487312755519909,18.842398528189726,11.487312755519909,-1.0,0.0,0.9999999999999999
H,20221115_09,80,23,True,,-0.0680402861832397,0.0,0.0867222868265942,0.0034020143091619,0.039228835327699434,11.531061236883115,14.863812673457378,11.531061236883115,-1.0,0.0,1.0
H,20221115_09,81,13,True,,-0.1321981395234345,0.0,0.1150760500547815,0.005753802502739,0.04352408077361101,7.564402975752405,7.564402975752404,8.749142472313896,-1.0,0.0,0.9999999999999999
H,20221115_09,82,13,True,,-0.1134429972930078,0.0,0.0385217007881002,0.001926085039405,0.016978439263467145,8.814999813669727,8.814999813669727,26.86173030908983,-1.0,0.0,1.0000000000000002
H,20221115_09,83,16,True,,-0.1107017146987986,0.0,0.041360558950639,0.0020680279475319,0.018681083243911,9.033283745611682,9.033283745611682,24.974693452007234,-1.0,0.0,1.0
H,20221115_09,84,17,True,,-0.1123717173618567,0.0,0.0914029633726454,0.0045701481686322,0.04066991477860558,8.899036372113315,8.899036372113315,11.04801316146959,-1.0,0.0,1.0
H,20221115_09,85,13,True,,-0.0503381669482402,0.0,0.1205290804545056,0.002516908347412,0.020882166676464715,8.296752918292238,20.47453082522125,8.29675291829224,-1.0,0.0,1.0000000000000002
H,20221115_09,86,12,True,,-0.0842462222676429,0.0,0.0457880567352825,0.0182148962336317,0.21621024353785903,11.869968445862012,11.869968445862012,28.42582214741807,-0.9999999999999999,0.0,0.9999999999999999
H,20221115_09,87,17,True,,-0.0928084699057843,0.0,0.0815032113500178,0.0040751605675008,0.043909360553383,10.774878640011648,10.774878640011648,12.348117120139346,-1.0,0.0,0.9999999999999999
H,20221115_09,88,9,False,fewer than 10 finite baseline bins,,,,,,,,,,,
H,20221115_09,89,16,True,,-0.0362220958982435,0.0,0.1073866426221051,0.0018111047949121,0.016865270676963716,9.312145119565864,28.570369460467496,9.312145119565864,-0.9999999999999999,0.0,1.0
H,20221115_09,90,17,True,,-0.0648699512289949,0.0,0.0759795283032121,0.0032434975614497,0.04268909841748272,13.161439960633759,15.534090388307927,13.161439960633759,-1.0,0.0,0.9999999999999999
H,20221115_09,91,20,True,,-0.0497070444937428,0.0,0.0616891413584695,0.0024853522246871,0.04028832578889372,16.210308297032338,20.323534123744324,16.210308297032338,-1.0,0.0,1.0
H,20221115_09,92,19,True,,-0.0761517072530171,0.0,0.0555748149039522,0.0027787407451976,0.036489539702178,13.131681955303508,13.131681955303508,18.249661090341746,-1.0,0.0,1.0
H,20221115_09,93,16,True,,-0.1266347171868958,0.0,0.0754707363948937,0.0069246080630103,0.05468175091977743,7.89672865557187,7.896728655571871,13.790979477399887,-1.0000000000000002,0.0,1.0
H,20221115_09,94,19,True,,-0.0838597141203961,0.0,0.0526772644645479,0.0026338632232273,0.03140796806731286,11.924676949939448,11.924676949939448,19.355039983431944,-1.0,0.0,1.0
