panel,condition,fish_id,left,right,change
D,delay,20221115_04,0,1,-0.1101225077338781
D,delay,20221115_07,0,1,-0.33548396918739964
D,delay,20221116_06,0,1,-0.10135759069161043
D,delay,20221116_12,0,1,-0.23190748640599468
D,delay,20221118_04,0,1,-0.1238241734347092
D,delay,20221122_03,0,1,-0.21306455624694598
D,delay,20221122_06,0,1,-0.1560327980642664
D,delay,20221122_12,0,1,-0.027877624015285374
D,delay,20221123_02,0,1,-0.03999916688189176
D,delay,20221123_08,0,1,-0.08880529148872585
D,delay,20221124_07,0,1,0.06705926022239295
D,delay,20221124_10,0,1,-0.048673577088301556
D,delay,20240607_01,0,1,0.056639897756481705
D,delay,20240610_07,0,1,-0.03947574723919001
D,delay,20240612_08,0,1,0.03236889375638574
D,delay,20240613_02,0,1,-0.1558143978236335
D,delay,20240618_02,0,1,-0.07550021527975792
D,delay,20240618_08,0,1,-0.3348849389824826
D,delay,20240620_05,0,1,-0.09644430578943641
D,delay,20240621_03,0,1,-0.13090041920881923
D,delay,20240624_04,0,1,-0.14653479509243716
D,delay,20240624_05,0,1,-0.1404374941339901
D,delay,20240625_03,0,1,-0.06742899589444207
D,delay,20240625_07,0,1,-0.1394072772929773
D,delay,20240626_02,0,1,-0.46156963123970085
D,delay,20240702_01,0,1,-0.023797044053273986
D,delay,20240702_06,0,1,-0.08204285256226296
D,delay,20240703_08,0,1,-0.06333395491250826
D,delay,20240703_10,0,1,-0.07037975907589544
D,control,20221115_09,0,1,0.08117675067240748
D,control,20221116_02,0,1,0.005124254925469973
D,control,20221117_04,0,1,-0.024556812830427877
D,control,20221118_03,0,1,0.11636867706261578
D,control,20221122_05,0,1,-0.0696493799311293
D,control,20221122_08,0,1,-0.06905531480462512
D,control,20221122_11,0,1,-0.10642964715480341
D,control,20221123_01,0,1,0.011456452951432716
D,control,20221123_04,0,1,-0.02209789484223501
D,control,20221123_07,0,1,0.04620362361773367
D,control,20221124_09,0,1,0.05034877796759574
D,control,20240607_02,0,1,0.023166092354535817
D,control,20240610_08,0,1,0.037856213836839014
D,control,20240612_07,0,1,0.02030647271671082
D,control,20240613_01,0,1,-0.05095902299040822
D,control,20240618_01,0,1,0.08096660844242498
D,control,20240618_07,0,1,0.021475555636800592
D,control,20240624_03,0,1,-0.004312936518448218
D,control,20240625_04,0,1,-0.15524653784341824
D,control,20240625_08,0,1,0.051414341370566774
D,control,20240626_01,0,1,-0.010271279240748221
D,control,20240702_02,0,1,0.005514512192028143
D,control,20240702_05,0,1,-0.007680765408369261
D,control,20240703_09,0,1,-0.13126092286508273
D,delay,20221115_04,1,2,0.07500927576841487
D,delay,20221115_07,1,2,0.47186513557781096
D,delay,20221116_06,1,2,0.07775063509475277
D,delay,20221116_12,1,2,0.23996253667947132
D,delay,20221118_04,1,2,0.13338818641074424
D,delay,20221122_03,1,2,0.20970564527008273
D,delay,20221122_06,1,2,0.18849750325479464
D,delay,20221122_12,1,2,0.03224896434323821
D,delay,20221123_02,1,2,0.07540086531377543
D,delay,20221123_08,1,2,0.14187337191866423
D,delay,20221124_07,1,2,0.05722629485254771
D,delay,20221124_10,1,2,0.019372473267371237
D,delay,20240607_01,1,2,-0.04083271335864458
D,delay,20240610_07,1,2,-0.004723746460940426
D,delay,20240612_08,1,2,-0.09099341390765137
D,delay,20240613_02,1,2,0.040696956508288196
D,delay,20240618_02,1,2,0.1004949801901911
D,delay,20240618_08,1,2,0.2392968849121182
D,delay,20240620_05,1,2,0.14731144288760945
D,delay,20240621_03,1,2,0.020360578829581755
D,delay,20240624_04,1,2,0.10673196081849756
D,delay,20240624_05,1,2,0.12291422292159249
D,delay,20240625_03,1,2,0.060132016999509874
D,delay,20240625_07,1,2,0.11607310209460264
D,delay,20240626_02,1,2,0.09433083531631681
D,delay,20240702_01,1,2,0.13091541536473406
D,delay,20240702_06,1,2,0.05737508287737114
D,delay,20240703_08,1,2,-0.0010035453619554602
D,delay,20240703_10,1,2,0.01396804172828725
D,control,20221115_09,1,2,-0.054336555980979195
D,control,20221116_02,1,2,0.032138211578213394
D,control,20221117_04,1,2,0.07204084753661633
D,control,20221118_03,1,2,-0.04222220637339236
D,control,20221122_05,1,2,0.03863725021114117
D,control,20221122_08,1,2,0.014131373636737887
D,control,20221122_11,1,2,0.12275063055040558
D,control,20221123_01,1,2,-0.046514473634279074
D,control,20221123_04,1,2,-0.004699981685065691
D,control,20221123_07,1,2,-0.0407311466616056
D,control,20221124_09,1,2,-0.05366710163053634
D,control,20240607_02,1,2,0.05283672265416284
D,control,20240610_08,1,2,-0.018513575291427387
D,control,20240612_07,1,2,-0.05851894780627109
D,control,20240613_01,1,2,0.042991906632485755
D,control,20240618_01,1,2,-0.030581335003147192
D,control,20240618_07,1,2,0.03311676313907452
D,control,20240624_03,1,2,-0.010250934294398828
D,control,20240625_04,1,2,0.012578439500542604
D,control,20240625_08,1,2,0.014105710915729208
D,control,20240626_01,1,2,-0.03628355390249549
D,control,20240702_02,1,2,-0.041218938971825825
D,control,20240702_05,1,2,-0.016850955628775477
D,control,20240703_09,1,2,0.05662795683860056
D,delay,20221115_04,0,2,-0.03511323196546323
D,delay,20221115_07,0,2,0.1363811663904113
D,delay,20221116_06,0,2,-0.02360695559685766
D,delay,20221116_12,0,2,0.008055050273476638
D,delay,20221118_04,0,2,0.009564012976035041
D,delay,20221122_03,0,2,-0.0033589109768632497
D,delay,20221122_06,0,2,0.03246470519052824
D,delay,20221122_12,0,2,0.004371340327952833
D,delay,20221123_02,0,2,0.03540169843188368
D,delay,20221123_08,0,2,0.05306808042993838
D,delay,20221124_07,0,2,0.12428555507494066
D,delay,20221124_10,0,2,-0.02930110382093032
D,delay,20240607_01,0,2,0.015807184397837126
D,delay,20240610_07,0,2,-0.04419949370013043
D,delay,20240612_08,0,2,-0.058624520151265624
D,delay,20240613_02,0,2,-0.11511744131534529
D,delay,20240618_02,0,2,0.024994764910433176
D,delay,20240618_08,0,2,-0.09558805407036441
D,delay,20240620_05,0,2,0.05086713709817303
D,delay,20240621_03,0,2,-0.11053984037923748
D,delay,20240624_04,0,2,-0.0398028342739396
D,delay,20240624_05,0,2,-0.017523271212397606
D,delay,20240625_03,0,2,-0.007296978894932193
D,delay,20240625_07,0,2,-0.023334175198374663
D,delay,20240626_02,0,2,-0.36723879592338404
D,delay,20240702_01,0,2,0.10711837131146007
D,delay,20240702_06,0,2,-0.024667769684891816
D,delay,20240703_08,0,2,-0.06433750027446372
D,delay,20240703_10,0,2,-0.05641171734760819
D,control,20221115_09,0,2,0.026840194691428287
D,control,20221116_02,0,2,0.03726246650368337
D,control,20221117_04,0,2,0.04748403470618845
D,control,20221118_03,0,2,0.07414647068922342
D,control,20221122_05,0,2,-0.031012129719988124
D,control,20221122_08,0,2,-0.054923941167887236
D,control,20221122_11,0,2,0.016320983395602173
D,control,20221123_01,0,2,-0.03505802068284636
D,control,20221123_04,0,2,-0.0267978765273007
D,control,20221123_07,0,2,0.0054724769561280695
D,control,20221124_09,0,2,-0.003318323662940603
D,control,20240607_02,0,2,0.07600281500869865
D,control,20240610_08,0,2,0.019342638545411628
D,control,20240611_05,0,2,-0.3804167874930233
D,control,20240612_07,0,2,-0.03821247508956027
D,control,20240613_01,0,2,-0.007967116357922466
D,control,20240618_01,0,2,0.05038527343927779
D,control,20240618_07,0,2,0.054592318775875115
D,control,20240624_03,0,2,-0.014563870812847046
D,control,20240624_06,0,2,-0.3575295829017433
D,control,20240625_04,0,2,-0.14266809834287564
D,control,20240625_08,0,2,0.06552005228629598
D,control,20240626_01,0,2,-0.04655483314324371
D,control,20240702_02,0,2,-0.03570442677979768
D,control,20240702_05,0,2,-0.024531721037144738
D,control,20240703_09,0,2,-0.07463296602648217
E,trace,20230306_01,0,1,-0.07957803462095558
E,trace,20230306_07,0,1,0.05220380802938518
E,trace,20230306_10,0,1,-0.04415999983450236
E,trace,20230307_03,0,1,0.16184084761477102
E,trace,20230307_06,0,1,-0.0042892344578886465
E,trace,20230307_09,0,1,-0.08590142955630853
E,trace,20230307_12,0,1,-0.02311491906015517
E,trace,20230309_09,0,1,-0.4891924497328155
E,trace,20230309_11,0,1,-0.0239938482527835
E,trace,20230310_02,0,1,-0.09045846615407971
E,trace,20230310_05,0,1,-0.10564961777301773
E,trace,20230310_08,0,1,0.004445046733060565
E,trace,20230310_11,0,1,-0.06514801670291037
E,trace,20230314_01,0,1,0.043185974343503464
E,trace,20230314_04,0,1,-0.017583689876128794
E,trace,20230314_06,0,1,0.014460275490750352
E,trace,20230314_11,0,1,0.049430164343564176
E,trace,20230315_02,0,1,-0.015489940221718346
E,trace,20230315_06,0,1,-0.0663911472123111
E,trace,20230316_03,0,1,0.0313466449900206
E,trace,20230316_06,0,1,-0.012522713470078717
E,trace,20230316_09,0,1,-0.07758423996418706
E,trace,20230316_12,0,1,-0.004164828093368378
E,trace,20230516_01,0,1,-0.1102312987211671
E,trace,20230516_08,0,1,-0.06116938864616639
E,trace,20230516_10,0,1,0.028854659667294946
E,trace,20230517_03,0,1,0.024676598205722655
E,trace,20230517_05,0,1,0.3028206892988963
E,trace,20230517_12,0,1,-0.09614903576815914
E,trace,20230518_02,0,1,-0.1451814678215282
E,trace,20230518_05,0,1,-0.11355661116413263
E,trace,20230518_12,0,1,-0.2851852997157014
E,trace,20230519_04,0,1,-0.07215493634899417
E,trace,20230519_11,0,1,-0.12467978262256763
E,trace,20230802_03,0,1,-0.09262795858174488
E,trace,20230802_08,0,1,-0.23453655782677663
E,trace,20230802_09,0,1,-0.12283924647501099
E,trace,20230803_02,0,1,-0.09330811684725049
E,trace,20230803_07,0,1,-0.021701003415920184
E,trace,20230803_12,0,1,-0.06792994150293863
E,control,20230227_03,0,1,-0.05089701279500325
E,control,20230227_06,0,1,-0.01586895782343989
E,control,20230228_02,0,1,0.0019431518324566355
E,control,20230228_05,0,1,-0.008713582295292177
E,control,20230228_08,0,1,-0.04651925981419103
E,control,20230228_11,0,1,0.03761962514224226
E,control,20230301_01,0,1,0.07185467292377057
E,control,20230301_04,0,1,-0.0185249855130305
E,control,20230301_07,0,1,0.08714219860043393
E,control,20230301_10,0,1,-0.031129084050911526
E,control,20230302_08,0,1,0.0016622998441175874
E,control,20230302_09,0,1,0.02451987119024146
E,control,20230315_05,0,1,-0.023711666675873655
E,control,20230315_08,0,1,-0.11048786397463006
E,control,20230315_10,0,1,-0.005685918555215608
E,control,20230315_11,0,1,-0.0008347906473127331
E,control,20230316_02,0,1,-0.0021268258214739433
E,control,20230316_08,0,1,0.017347007772249512
E,control,20230316_11,0,1,-0.11466535495455066
E,trace,20230306_01,1,2,-0.015329824453583552
E,trace,20230306_07,1,2,-0.00459297225432076
E,trace,20230306_10,1,2,0.06045551609722333
E,trace,20230307_03,1,2,-0.15013233973065
E,trace,20230307_06,1,2,0.03696540738203291
E,trace,20230307_09,1,2,0.00874228394490073
E,trace,20230307_12,1,2,0.11572977223769731
E,trace,20230309_09,1,2,-0.04334846080169985
E,trace,20230309_11,1,2,0.04745712382175693
E,trace,20230310_02,1,2,-0.04835884124380252
E,trace,20230310_05,1,2,0.00625855970728928
E,trace,20230310_08,1,2,0.06329530608684264
E,trace,20230310_11,1,2,0.026399571955718404
E,trace,20230314_01,1,2,-0.02190982773533845
E,trace,20230314_04,1,2,0.04547437914515928
E,trace,20230314_06,1,2,-0.014069415346430691
E,trace,20230314_11,1,2,-0.07008423613160053
E,trace,20230315_02,1,2,-0.011034301703093163
E,trace,20230315_06,1,2,-0.19748665668427057
E,trace,20230316_03,1,2,0.046097772910016044
E,trace,20230316_06,1,2,7.459158452238768e-06
E,trace,20230316_09,1,2,-0.005335300342441229
E,trace,20230316_12,1,2,0.062454823024699735
E,trace,20230516_01,1,2,-0.009597295176519083
E,trace,20230516_08,1,2,0.00811917271489726
E,trace,20230516_10,1,2,0.047654937863348845
E,trace,20230517_03,1,2,-0.0879545125782748
E,trace,20230517_05,1,2,-0.2585796379040981
E,trace,20230517_12,1,2,0.08005708800795697
E,trace,20230518_02,1,2,0.023766320516334982
E,trace,20230518_05,1,2,0.45912885249907065
E,trace,20230518_12,1,2,0.17270047775633213
E,trace,20230519_04,1,2,-0.0033574988517188764
E,trace,20230519_11,1,2,-0.030146654730568656
E,trace,20230802_03,1,2,0.07920845603167193
E,trace,20230802_08,1,2,0.11161324173890286
E,trace,20230802_09,1,2,-0.04370682289384753
E,trace,20230803_02,1,2,0.08695029881677119
E,trace,20230803_07,1,2,0.03303330074027322
E,trace,20230803_12,1,2,0.08326356235701171
E,control,20230227_03,1,2,0.026308992529210595
E,control,20230227_06,1,2,-0.010288284127584202
E,control,20230228_02,1,2,-0.0192535276153758
E,control,20230228_05,1,2,-0.07493594458978059
E,control,20230228_08,1,2,0.013700255359956337
E,control,20230228_11,1,2,1.9920851495047742e-05
E,control,20230301_01,1,2,-0.22268860480244745
E,control,20230301_04,1,2,-0.01290945380469477
E,control,20230301_07,1,2,-0.019945561416181867
E,control,20230301_10,1,2,0.06802167007077653
E,control,20230302_08,1,2,0.016730196673404585
E,control,20230302_09,1,2,-0.0045127400070907875
E,control,20230315_05,1,2,-0.008562045056115686
E,control,20230315_08,1,2,0.06449597779663163
E,control,20230315_10,1,2,0.1472605334274677
E,control,20230315_11,1,2,-0.0026268843660175456
E,control,20230316_08,1,2,0.029603262381802775
E,control,20230316_11,1,2,0.10492364541839994
E,trace,20230306_01,0,2,-0.09490785907453914
E,trace,20230306_07,0,2,0.04761083577506442
E,trace,20230306_10,0,2,0.016295516262720966
E,trace,20230307_03,0,2,0.011708507884121033
E,trace,20230307_06,0,2,0.032676172924144264
E,trace,20230307_09,0,2,-0.0771591456114078
E,trace,20230307_12,0,2,0.09261485317754214
E,trace,20230309_09,0,2,-0.5325409105345154
E,trace,20230309_11,0,2,0.02346327556897343
E,trace,20230310_02,0,2,-0.13881730739788223
E,trace,20230310_05,0,2,-0.09939105806572845
E,trace,20230310_08,0,2,0.0677403528199032
E,trace,20230310_11,0,2,-0.03874844474719197
E,trace,20230314_01,0,2,0.021276146608165014
E,trace,20230314_04,0,2,0.02789068926903049
E,trace,20230314_06,0,2,0.0003908601443196602
E,trace,20230314_11,0,2,-0.020654071788036354
E,trace,20230315_02,0,2,-0.02652424192481151
E,trace,20230315_06,0,2,-0.26387780389658166
E,trace,20230316_03,0,2,0.07744441790003664
E,trace,20230316_06,0,2,-0.012515254311626478
E,trace,20230316_09,0,2,-0.08291954030662829
E,trace,20230316_12,0,2,0.05828999493133136
E,trace,20230516_01,0,2,-0.11982859389768619
E,trace,20230516_08,0,2,-0.05305021593126913
E,trace,20230516_10,0,2,0.07650959753064379
E,trace,20230517_03,0,2,-0.06327791437255215
E,trace,20230517_05,0,2,0.04424105139479817
E,trace,20230517_12,0,2,-0.016091947760202174
E,trace,20230518_02,0,2,-0.1214151473051932
E,trace,20230518_05,0,2,0.345572241334938
E,trace,20230518_12,0,2,-0.11248482195936926
E,trace,20230519_04,0,2,-0.07551243520071305
E,trace,20230519_11,0,2,-0.15482643735313628
E,trace,20230802_03,0,2,-0.01341950255007296
E,trace,20230802_08,0,2,-0.12292331608787377
E,trace,20230802_09,0,2,-0.16654606936885852
E,trace,20230803_02,0,2,-0.006357818030479301
E,trace,20230803_07,0,2,0.011332297324353036
E,trace,20230803_12,0,2,0.015333620854073082
E,control,20230227_03,0,2,-0.024588020265792654
E,control,20230227_06,0,2,-0.02615724195102409
E,control,20230228_02,0,2,-0.017310375782919163
E,control,20230228_05,0,2,-0.08364952688507277
E,control,20230228_08,0,2,-0.03281900445423469
E,control,20230228_11,0,2,0.03763954599373731
E,control,20230301_01,0,2,-0.15083393187867689
E,control,20230301_04,0,2,-0.03143443931772527
E,control,20230301_07,0,2,0.06719663718425206
E,control,20230301_10,0,2,0.036892586019865004
E,control,20230302_08,0,2,0.018392496517522172
E,control,20230302_09,0,2,0.020007131183150673
E,control,20230315_05,0,2,-0.03227371173198934
E,control,20230315_08,0,2,-0.04599188617799843
E,control,20230315_10,0,2,0.1415746148722521
E,control,20230315_11,0,2,-0.0034616750133302787
E,control,20230316_08,0,2,0.04695027015405229
E,control,20230316_11,0,2,-0.009741709536150722
