panel,family,condition,left,right,test,n_pairs,statistic,p_raw,n_nonzero,zero_differences,n_negative,median,n_conditioned,n_control,probability_conditioned_greater,rank_biserial,median_change_conditioned,median_change_control,p_holm36,stars,statistical_unit
D,zero,delay,0,0,exact two-sided sign test versus zero,29.0,20.0,0.06142834573984146,29.0,0.0,9.0,0.006829648137952837,,,,,,,1.0,ns,fish; paired fish changes where applicable
D,zero,control,0,0,exact two-sided sign test versus zero,28.0,17.0,0.34492845088243484,28.0,0.0,11.0,0.004655779319293618,,,,,,,1.0,ns,fish; paired fish changes where applicable
D,between,delay vs control,0,0,two-sided Brunner-Munzel; t calibration,,-0.15532925362251473,0.8771734912209622,,,,,29.0,28.0,0.5123152709359606,0.024630541871921263,,,1.0,ns,fish; paired fish changes where applicable
D,zero,delay,1,1,exact two-sided sign test versus zero,29.0,2.0,1.6242265701293945e-06,29.0,0.0,27.0,-0.07521320442431012,,,,,,,5.5223703384399414e-05,****,fish; paired fish changes where applicable
D,zero,control,1,1,exact two-sided sign test versus zero,24.0,14.0,0.5412561893463135,24.0,0.0,10.0,0.004162070236583881,,,,,,,1.0,ns,fish; paired fish changes where applicable
D,between,delay vs control,1,1,two-sided Brunner-Munzel; t calibration,,7.097177024053313,4.257348684713928e-09,,,,,29.0,24.0,0.14080459770114942,-0.7183908045977012,,,1.532645526497014e-07,****,fish; paired fish changes where applicable
D,zero,delay,2,2,exact two-sided sign test versus zero,29.0,15.0,1.0,29.0,0.0,14.0,0.010914645588943284,,,,,,,1.0,ns,fish; paired fish changes where applicable
D,zero,control,2,2,exact two-sided sign test versus zero,26.0,15.0,0.557197093963623,26.0,0.0,11.0,0.00834743197735932,,,,,,,1.0,ns,fish; paired fish changes where applicable
D,between,delay vs control,2,2,two-sided Brunner-Munzel; t calibration,,0.3102386829188667,0.7577694787894317,,,,,29.0,26.0,0.47480106100795755,-0.050397877984084904,,,1.0,ns,fish; paired fish changes where applicable
D,within,delay,0,1,exact two-sided sign test on paired fish changes,29.0,3.0,1.5236437320709229e-05,29.0,0.0,26.0,-0.09644430578943641,,,,,,,0.0004875659942626953,***,fish; paired fish changes where applicable
D,within,control,0,1,exact two-sided sign test on paired fish changes,24.0,13.0,0.8388197422027588,24.0,0.0,11.0,0.005319383558749058,,,,,,,1.0,ns,fish; paired fish changes where applicable
D,change,delay vs control,0,1,two-sided Brunner-Munzel on paired fish changes; t calibration,,5.194151513684538,3.639803394844642e-06,,,,,29.0,24.0,0.1824712643678161,-0.6350574712643677,-0.09644430578943641,0.005319383558749058,0.00012011351202987318,***,fish; paired fish changes where applicable
D,within,delay,1,2,exact two-sided sign test on paired fish changes,29.0,25.0,0.00010371580719947815,29.0,0.0,4.0,0.07775063509475277,,,,,,,0.0032151900231838226,**,fish; paired fish changes where applicable
D,within,control,1,2,exact two-sided sign test on paired fish changes,24.0,11.0,0.8388197422027588,24.0,0.0,13.0,-0.007475457989732259,,,,,,,1.0,ns,fish; paired fish changes where applicable
D,change,delay vs control,1,2,two-sided Brunner-Munzel on paired fish changes; t calibration,,-5.896155993461737,3.729400279444868e-07,,,,,29.0,24.0,0.8333333333333334,0.6666666666666667,0.07775063509475277,-0.007475457989732259,1.3052900978057037e-05,****,fish; paired fish changes where applicable
D,within,delay,0,2,exact two-sided sign test on paired fish changes,29.0,12.0,0.45825831964612007,29.0,0.0,17.0,-0.017523271212397606,,,,,,,1.0,ns,fish; paired fish changes where applicable
D,within,control,0,2,exact two-sided sign test on paired fish changes,26.0,11.0,0.557197093963623,26.0,0.0,15.0,-0.011265493585384756,,,,,,,1.0,ns,fish; paired fish changes where applicable
D,change,delay vs control,0,2,two-sided Brunner-Munzel on paired fish changes; t calibration,,0.14941051700931557,0.8818064813628211,,,,,29.0,26.0,0.4880636604774536,-0.023872679045092826,-0.017523271212397606,-0.011265493585384756,1.0,ns,fish; paired fish changes where applicable
E,zero,trace,0,0,exact two-sided sign test versus zero,40.0,18.0,0.6358280026288412,40.0,0.0,22.0,-0.010709226580911224,,,,,,,1.0,ns,fish; paired fish changes where applicable
E,zero,control,0,0,exact two-sided sign test versus zero,19.0,12.0,0.359283447265625,19.0,0.0,7.0,0.018732272421955187,,,,,,,1.0,ns,fish; paired fish changes where applicable
E,between,trace vs control,0,0,two-sided Brunner-Munzel; t calibration,,0.9625262230267465,0.3398526710508536,,,,,40.0,19.0,0.4276315789473684,-0.14473684210526316,,,1.0,ns,fish; paired fish changes where applicable
E,zero,trace,1,1,exact two-sided sign test versus zero,40.0,15.0,0.1538599441628321,40.0,0.0,25.0,-0.011032657895107656,,,,,,,1.0,ns,fish; paired fish changes where applicable
E,zero,control,1,1,exact two-sided sign test versus zero,19.0,13.0,0.1670684814453125,19.0,0.0,6.0,0.01245142998110893,,,,,,,1.0,ns,fish; paired fish changes where applicable
E,between,trace vs control,1,1,two-sided Brunner-Munzel; t calibration,,2.8228525092339463,0.006565019286848216,,,,,40.0,19.0,0.3078947368421053,-0.38421052631578945,,,0.19038555931859827,ns,fish; paired fish changes where applicable
E,zero,trace,2,2,exact two-sided sign test versus zero,40.0,17.0,0.42959050784338615,40.0,0.0,23.0,-0.007103894547825229,,,,,,,1.0,ns,fish; paired fish changes where applicable
E,zero,control,2,2,exact two-sided sign test versus zero,18.0,11.0,0.480682373046875,18.0,0.0,7.0,0.017329726920423116,,,,,,,1.0,ns,fish; paired fish changes where applicable
E,between,trace vs control,2,2,two-sided Brunner-Munzel; t calibration,,1.5583375394955847,0.12926056429965405,,,,,40.0,18.0,0.37222222222222223,-0.25555555555555554,,,1.0,ns,fish; paired fish changes where applicable
E,within,trace,0,1,exact two-sided sign test on paired fish changes,40.0,10.0,0.0022214337732293643,40.0,0.0,30.0,-0.06315870267453838,,,,,,,0.06664301319688093,ns,fish; paired fish changes where applicable
E,within,control,0,1,exact two-sided sign test on paired fish changes,19.0,7.0,0.359283447265625,19.0,0.0,12.0,-0.005685918555215608,,,,,,,1.0,ns,fish; paired fish changes where applicable
E,change,trace vs control,0,1,two-sided Brunner-Munzel on paired fish changes; t calibration,,2.192887297105744,0.032808483920929846,,,,,40.0,19.0,0.3394736842105263,-0.32105263157894737,-0.06315870267453838,-0.005685918555215608,0.9186375497860357,ns,fish; paired fish changes where applicable
E,within,trace,1,2,exact two-sided sign test on paired fish changes,40.0,23.0,0.42959050784338615,40.0,0.0,17.0,0.008430728329898995,,,,,,,1.0,ns,fish; paired fish changes where applicable
E,within,control,1,2,exact two-sided sign test on paired fish changes,18.0,9.0,1.0,18.0,0.0,9.0,-0.001303481757261249,,,,,,,1.0,ns,fish; paired fish changes where applicable
E,change,trace vs control,1,2,two-sided Brunner-Munzel on paired fish changes; t calibration,,-0.34399388001418135,0.7326075887420428,,,,,40.0,18.0,0.5277777777777778,0.05555555555555558,0.008430728329898995,-0.001303481757261249,1.0,ns,fish; paired fish changes where applicable
E,within,trace,0,2,exact two-sided sign test on paired fish changes,40.0,17.0,0.42959050784338615,40.0,0.0,23.0,-0.014755725155137567,,,,,,,1.0,ns,fish; paired fish changes where applicable
E,within,control,0,2,exact two-sided sign test on paired fish changes,18.0,7.0,0.480682373046875,18.0,0.0,11.0,-0.013526042659534943,,,,,,,1.0,ns,fish; paired fish changes where applicable
E,change,trace vs control,0,2,two-sided Brunner-Munzel on paired fish changes; t calibration,,0.8767851867568875,0.3849492736912651,,,,,40.0,18.0,0.43194444444444446,-0.13611111111111107,-0.014755725155137567,-0.013526042659534943,1.0,ns,fish; paired fish changes where applicable
