panel,trial,baseline_median_log_vigor,eligible_baseline_frames,defined,centred_raw_frame_baseline_median,displayed_baseline_bin_median
F,5,-2.2860391371403055,2793,True,0.0,0.08341282587929603
F,6,-2.188634620327484,3673,True,0.0,0.08251340263817296
F,7,-2.227923869200801,2799,True,0.0,0.18713861417580668
F,8,-2.143331143900431,2368,True,0.0,0.0992038736843001
F,9,-2.3548789010585356,2520,True,2.220446049250313e-16,0.13549935872307517
F,10,-2.2542520109978783,2316,True,-2.220446049250313e-16,0.05465406872452849
F,11,-2.470152475439302,2131,True,0.0,0.07893140402859619
F,12,-2.2172681766294087,3179,True,0.0,0.1767733008081078
F,13,-2.1555301085893737,2955,True,0.0,0.009523743408300141
F,14,-2.3949255369269906,4604,True,0.0,0.1106268912075474
F,15,-2.5739357581482865,4548,True,0.0,-0.10494183157501863
F,16,-2.348320781497296,4051,True,0.0,0.14496267063967996
F,17,-2.293780505128148,3203,True,0.0,0.06818339570497173
F,18,-2.3782432248218455,2823,True,0.0,0.10418101865028875
F,19,-2.3608547813730687,3541,True,0.0,0.06343592138750542
F,20,-2.2437999626381684,3577,True,0.0,0.0032827956096482813
F,21,-2.4531825303746,3188,True,0.0,0.03704772296493801
F,22,-2.3200863473425732,3872,True,0.0,0.0716358557264864
F,23,-2.4226497116116605,3949,True,0.0,0.05758853596833005
F,24,-2.427716202606411,3318,True,2.220446049250313e-16,0.05630128643604637
F,25,-2.386936300579253,4422,True,0.0,0.036880971245457306
F,26,-2.3981700251128326,3947,True,0.0,0.12497406035003453
F,27,-2.4774913504395504,3614,True,0.0,0.13423556496232203
F,28,-2.3233405469852664,3769,True,0.0,0.036471128649358024
F,29,-2.534601837985851,4169,True,0.0,0.00943342632756083
F,30,-2.4574252750256624,4105,True,0.0,0.051913697722739904
F,31,-2.3378247106594916,4018,True,2.220446049250313e-16,0.032717134786945046
F,32,-2.537449166136201,3629,True,0.0,0.07630146761399992
F,33,-2.5135694037514242,3392,True,0.0,0.0426124477876763
F,34,-2.4881341074234884,3757,True,0.0,0.04945853511574594
F,35,-2.4772075506178632,3861,True,0.0,0.0438355229130145
F,36,-2.43139166302716,3443,True,0.0,-0.021721633881335984
F,37,-2.5640988980565758,3211,True,0.0,0.003994061227081458
F,38,-2.459390995847306,3438,True,0.0,0.07765596224274403
F,39,-2.5303388778530276,4239,True,0.0,0.03281980156071942
F,40,-2.4708926794353614,4135,True,0.0,0.0383745521117026
F,41,-2.618571304897716,3343,True,0.0,0.04396904494562973
F,42,-2.4703446177432387,3890,True,0.0,0.06166985354307476
F,43,-2.4018705231280895,3995,True,0.0,0.07178058170630308
F,44,-2.6081470253017804,3684,True,0.0,-5.895289710011742e-05
F,45,-2.5263805993345354,4265,True,0.0,0.0759506732032388
F,46,-2.4610885550413024,4023,True,0.0,0.02187683245857977
F,47,-2.6161874544153214,4129,True,0.0,0.01964953928818125
F,48,-2.642832187939896,3788,True,-2.220446049250313e-16,-0.018468225116171966
F,49,-2.5120403271629237,3975,True,0.0,0.022058674848564053
F,50,-2.515159537318377,4312,True,0.0,0.07052110857233988
F,51,-2.6338984705693744,4625,True,0.0,-0.016255937798092313
F,52,-2.484057431846645,4298,True,0.0,0.01655470880885822
F,53,-2.571629998838983,4434,True,2.220446049250313e-16,0.06921519939263199
F,54,-2.552604603968852,2965,True,0.0,-0.059748291285484166
F,55,-2.5331279754531284,4621,True,0.0,0.025583942320736495
F,56,-2.504084139819032,5053,True,0.0,0.052333252766235336
F,57,-2.565683776562161,4301,True,0.0,0.057209284996742896
F,58,-2.6164254492840096,4046,True,0.0,0.05192585620377818
F,59,-2.5169571661965833,4283,True,0.0,0.04486381592273128
F,60,-2.570133666871989,4122,True,2.220446049250313e-16,0.0628029525905819
F,61,-2.4663759573126525,4468,True,-2.220446049250313e-16,0.01980628185902715
F,62,-2.604849800087117,4157,True,0.0,0.0908697269626561
F,63,-2.4359843919025517,3496,True,2.220446049250313e-16,-0.011413470313360374
F,64,-2.5094438104701173,4023,True,0.0,0.005134208947294994
F,65,-2.5284044644956363,3419,True,0.0,0.0066429947281624
F,66,-2.5412328055080744,4856,True,0.0,0.09686655412794085
F,67,-2.5498757973255604,5937,True,0.0,-0.015764509004977494
F,68,-2.527233577666691,4570,True,-2.220446049250313e-16,-0.03290066827771629
F,69,-2.471868162702857,5174,True,-2.220446049250313e-16,0.047842460561282815
F,70,-2.5064832220840723,4118,True,-2.220446049250313e-16,-0.05894680487704635
F,71,-2.592517164539779,5198,True,2.220446049250313e-16,0.025511249292986704
F,72,-2.633728876103347,4312,True,2.220446049250313e-16,0.0029187143420564567
F,73,-2.6874002114841713,4878,True,0.0,0.009041523899794585
F,74,-2.6895225435768815,5232,True,-2.220446049250313e-16,-0.007006953247984135
F,75,-2.675430498771445,4960,True,2.220446049250313e-16,-0.04361510688623126
F,76,-2.7150440776983666,5047,True,0.0,-0.10124638499747032
F,77,-2.7662925211611396,5373,True,0.0,0.025291446587253432
F,78,-2.6837863197621603,6332,True,-2.220446049250313e-16,-0.07677803948328674
F,79,-2.695308470002436,6170,True,2.220446049250313e-16,-0.07016208785746678
F,80,-2.7138122754636425,5509,True,0.0,-0.10924864039329245
F,81,-2.7284514726267077,6197,True,0.0,-0.13112848039612385
F,82,-2.6653040889182407,6380,True,0.0,-0.0005085187545047576
F,83,-2.746632446448751,5799,True,0.0,-0.048409714875854784
F,84,-2.717539649372058,5317,True,0.0,-0.020718694896819947
F,85,-2.6954552909043286,6689,True,0.0,-0.11001128223679896
F,86,-2.662777323863757,6698,True,0.0,0.028689339514453013
F,87,-2.6909636023416996,7819,True,0.0,0.00575596267610761
F,88,-2.683589658902403,6359,True,0.0,-0.18421977937441888
F,89,-2.750489419336591,6590,True,-2.220446049250313e-16,-0.02708823548456165
F,90,-2.75252866319477,6531,True,0.0,0.018144299833755533
F,91,-2.754686121313675,6164,True,0.0,0.003028991796588467
F,92,-2.7342390397891414,6630,True,0.0,-0.03172714512587621
F,93,-2.6799174912204196,6633,True,0.0,-0.0025581900148036445
F,94,-2.7142832902341087,6540,True,-2.220446049250313e-16,-0.014113652937071527
G,5,-2.714797621736073,6586,True,-2.220446049250313e-16,-0.003664123656906582
G,6,-2.790747685334187,6785,True,0.0,-0.027058106715633426
G,7,-2.6640160203833156,7530,True,0.0,0.04527701917199406
G,8,-2.724858497295327,6836,True,-2.220446049250313e-16,0.030382609419731314
G,9,-2.706516086975034,7995,True,0.0,-0.011607063385275167
G,10,-2.755804331365461,7995,True,0.0,-0.008517769422631319
G,11,-2.692829583498448,7127,True,0.0,0.009011315247419355
G,12,-2.723561189345917,8065,True,0.0,-0.019520515951444183
G,13,-2.7446004619328344,7682,True,2.220446049250313e-16,0.0037739145459183576
G,14,-2.798732162975324,7533,True,0.0,-0.003192933636420617
G,15,-2.767142631310584,7618,True,0.0,-0.023550010364962078
G,16,-2.80870127445168,6406,True,-2.220446049250313e-16,0.009383623069205947
G,17,-2.786088277625922,6155,True,0.0,0.005685689876168035
G,18,-2.833888763858515,4616,True,-2.220446049250313e-16,0.000560431946465139
G,19,-2.827292649098089,6864,True,0.0,0.011391229945713219
G,20,-2.711215965098791,6066,True,0.0,0.008856171290840847
G,21,-2.729491889538581,5706,True,-2.220446049250313e-16,-0.006063237796000261
G,22,-2.7170960854382504,7174,True,0.0,-0.009325740737351073
G,23,-2.784688011973461,6603,True,0.0,-0.009870900362671327
G,24,-2.709639987882812,7246,True,0.0,0.026462109139333986
G,25,-2.682340711560441,7638,True,0.0,0.010677054921218938
G,26,-2.698838591542088,6265,True,0.0,0.0055965006033705
G,27,-2.6556619891145568,6107,True,0.0,-0.014210416518764254
G,28,-2.7353322069433954,6539,True,0.0,-0.014407889827836123
G,29,-2.723911228496308,5260,True,0.0,0.024726753550442248
G,30,-2.721747957107979,6825,True,0.0,0.010704607050824513
G,31,-2.6965126250843086,6260,True,0.0,-0.025127847658968267
G,32,-2.720939125255277,5266,True,2.220446049250313e-16,-0.034035245848580406
G,33,-2.7402262634502925,5821,True,0.0,0.011038042404695303
G,34,-2.714518776280589,6145,True,0.0,0.037944679272068044
G,35,-2.7809020615139097,5979,True,0.0,0.04277149833479077
G,36,-2.736601883419404,6826,True,0.0,-0.001779761344272795
G,37,-2.747634902836735,7825,True,0.0,-0.01664978578233319
G,38,-2.8033605528446195,6963,True,0.0,-0.0065112425866710975
G,39,-2.774156156934951,7176,True,0.0,-0.009312961077076944
G,40,-2.8030935132644434,7045,True,0.0,0.000669170834713218
G,41,-2.7338914857077055,7308,True,0.0,-0.011848331887179587
G,42,-2.818968317923506,6830,True,2.220446049250313e-16,-0.01818002860469293
G,43,-2.807047721840431,6396,True,2.220446049250313e-16,0.005383058874596221
G,44,-2.8394808079091622,5174,True,0.0,-0.021814020888242313
G,45,-2.803976962817994,5970,True,2.220446049250313e-16,-0.013688904221848892
G,46,-2.8043751743016614,6659,True,0.0,-0.0007584092642790663
G,47,-2.7723646655322387,7284,True,0.0,-0.011890256959471903
G,48,-2.7551995140773338,8296,True,0.0,0.003665007925144845
G,49,-2.795482404354451,6168,True,-2.220446049250313e-16,-0.039816668928328136
G,50,-2.7787874559163477,6735,True,0.0,-0.01485982050034567
G,51,-2.8229081121802553,6426,True,2.220446049250313e-16,-0.01218626509862112
G,52,-2.767492166287401,6797,True,0.0,-0.013810792146474534
G,53,-2.777374746128214,7121,True,0.0,0.003378503657850062
G,54,-2.812431684170118,5990,True,2.220446049250313e-16,-0.014264527653094907
G,55,-2.716158679403135,8187,True,0.0,-0.0001365846413070883
G,56,-2.7262548134354967,7839,True,0.0,0.006757348083293037
G,57,-2.799482044642776,6256,True,0.0,0.01576720551057973
G,58,-2.74388937800636,6934,True,2.220446049250313e-16,-0.0006301619471322929
G,59,-2.70405410239427,6954,True,-2.220446049250313e-16,-0.00983590649554511
G,60,-2.755205425067704,6588,True,0.0,-0.011839044850474687
G,61,-2.754898684325269,7846,True,-2.220446049250313e-16,-0.013028704829626543
G,62,-2.6382447418173998,8152,True,0.0,-0.01023452152515937
G,63,-2.733497081474587,6977,True,0.0,-0.03166613915540991
G,64,-2.7844769578759285,7278,True,0.0,-0.003444363557164401
G,65,-2.732354866624057,7522,True,-2.220446049250313e-16,-0.025408116262141255
G,66,-2.811188213068922,5441,True,0.0,-0.016863581582118807
G,67,-2.7084110619586634,8048,True,0.0,0.008958342052300824
G,68,-2.8077635901136953,7797,True,0.0,-0.015172520920069581
G,69,-2.7368586913125283,8077,True,0.0,-0.041304654258526814
G,70,-2.8016660343464865,6269,True,0.0,0.0019171753128191542
G,71,-2.7826534823480493,7703,True,0.0,0.025113242680033163
G,72,-2.876424153023002,5568,True,0.0,-0.01796785878718943
G,73,-2.796528743216535,5527,True,0.0,-0.07739093506361766
G,74,-2.774051078865683,5874,True,2.220446049250313e-16,-0.06933679642358055
G,75,-2.804024305332353,5571,True,0.0,-0.037610210516791844
G,76,-2.701954668761063,8727,True,0.0,0.0032098492206654823
G,77,-2.755707714248471,7142,True,2.220446049250313e-16,0.0015757990393725778
G,78,-2.7426290927265455,8140,True,-2.220446049250313e-16,-0.04417703165891203
G,79,-2.7663538211273613,7782,True,2.220446049250313e-16,-0.05479365937024971
G,80,-2.8410054833388245,6549,True,0.0,-0.03441422250599295
G,81,-2.7051794586074216,9107,True,0.0,0.011064202188625574
G,82,-2.802185289078687,7750,True,2.220446049250313e-16,0.006952047487912104
G,83,-2.794189208145362,8174,True,0.0,0.007231055617760614
G,84,-2.7973087970551025,6739,True,0.0,0.005654375191445348
G,85,-2.788573768449145,7107,True,0.0,-0.005608988946597044
G,86,-2.8515632267738527,6298,True,0.0,-0.012144550341032742
G,87,-2.816146276403913,7174,True,-2.220446049250313e-16,-0.014381441859587257
G,88,-2.6983665755389192,8125,True,0.0,-0.016558576910178542
G,89,-2.790358814234503,7431,True,0.0,0.009344120748761887
G,90,-2.7015947067909094,7681,True,0.0,-0.041525808722835116
G,91,-2.751231072770504,8222,True,0.0,-0.015048576604907948
G,92,-2.721737153633436,8476,True,2.220446049250313e-16,-0.018921495408174286
G,93,-2.7740001896751285,7134,True,0.0,-0.005604038203634865
G,94,-2.751133848416693,6933,True,0.0,-0.04568831751010019
H,5,-2.6310346477452513,1854,True,0.0,0.016975976657252367
H,6,-2.2092940345712155,1339,True,0.0,-0.19407768871130293
H,7,-2.4834730808396555,2021,True,0.0,0.05768054543181392
H,8,-2.5992374621080527,1217,True,0.0,-0.019416198770917825
H,9,-2.653112884740964,1569,True,0.0,-0.029885433893555913
H,10,-2.3810929683824273,1241,True,0.0,-0.01727243681767665
H,11,-2.4065260975823897,1509,True,0.0,-0.013167964411070376
H,12,-2.7146469999451597,1240,True,2.220446049250313e-16,0.07755696379772907
H,13,-2.364788808137569,1403,True,0.0,-0.0013421032726301796
H,14,-2.2720691167803992,1538,True,0.0,-0.0019142937774725421
H,15,-2.4259353898098586,391,True,0.0,-0.15864888929975574
H,16,-2.626115928050357,82,True,2.220446049250313e-16,2.220446049250313e-16
H,17,-2.4103054282896488,2397,True,0.0,0.05433135070500308
H,18,-2.3629597622581295,2490,True,-2.220446049250313e-16,-0.03431449030275724
H,19,-2.3630893363510967,973,True,0.0,-0.03371579424985752
H,20,-2.458925506383238,2903,True,0.0,-0.0038982961075566536
H,21,-2.489791203270703,1493,True,0.0,-0.004274421184733979
H,22,-2.5349339869635035,2001,True,0.0,-0.03921227318104936
H,23,-2.6287784827562914,980,True,-2.220446049250313e-16,-0.008709748243170518
H,24,-2.5285348733638604,967,True,0.0,0.010031069454659924
H,25,-2.3329599791883027,1975,True,0.0,0.011577073873173749
H,26,-2.577029510752977,580,True,0.0,0.1367442390989484
H,27,-2.3806447624029556,2521,True,0.0,-0.0021587897891581056
H,28,-2.4092592487928854,2460,True,2.220446049250313e-16,0.004981449577977859
H,29,-2.3698268675493237,2273,True,0.0,0.02284943342758483
H,30,-2.395671379763839,2875,True,0.0,0.004813597244490042
H,31,-2.383971743578934,2591,True,0.0,-0.025571778324305176
H,32,-2.4033271850806246,2408,True,2.220446049250313e-16,0.00029429132825908866
H,33,-2.2623390575720155,2805,True,0.0,-0.0042892539514859385
H,34,-2.34902261623473,2567,True,0.0,0.028093717875568518
H,35,-2.412614501058371,2140,True,0.0,0.007712594899693066
H,36,-2.5032305766553176,2487,True,0.0,-0.00047939127563179085
H,37,-2.460043862200481,2043,True,0.0,0.006785940453508221
H,38,-2.5257318066547034,1536,True,0.0,-0.029614585161177594
H,39,-2.3450556451050373,1450,True,-2.220446049250313e-16,0.013171376065458595
H,40,-2.406656154415569,2291,True,0.0,0.046744204699027486
H,41,-2.314935509901672,2924,True,-2.220446049250313e-16,0.030591454231183146
H,42,-2.2784669821773194,1920,True,0.0,-0.02428672387394437
H,43,-2.3190106770150436,2588,True,0.0,0.04856930434075008
H,44,-2.3985877425991617,1247,True,0.0,0.04239647324457456
H,45,-2.428917605730717,2297,True,0.0,0.014152798263859179
H,46,-2.3998947481418798,2702,True,2.220446049250313e-16,0.007496318790743084
H,47,-2.386339113632384,2766,True,-2.220446049250313e-16,0.03621854340666168
H,48,-2.508717263562162,2824,True,2.220446049250313e-16,0.019701418575483798
H,49,-2.406057084642933,2466,True,-2.220446049250313e-16,0.019460922733906205
H,50,-2.2868763880558673,1671,True,0.0,-0.0171164330811453
H,51,-2.3822432027717686,3311,True,0.0,0.034706806961037895
H,52,-2.383951350113743,2232,True,0.0,0.018094133519181495
H,53,-2.3262529144802597,2920,True,-2.220446049250313e-16,0.024296358743257356
H,54,-2.3366791693028164,3478,True,2.220446049250313e-16,-0.003578986709369736
H,55,-2.4277869396963965,2710,True,2.220446049250313e-16,-0.027209334637118943
H,56,-2.501979059384349,2501,True,0.0,0.006692592845821244
H,57,-2.311214004870137,2666,True,-2.220446049250313e-16,0.011228494394085242
H,58,-2.264959466717216,4242,True,0.0,0.022489005754161795
H,59,-2.340556823072924,2464,True,0.0,0.0019150664523629726
H,60,-2.2758303001263207,2966,True,0.0,0.023914228377135416
H,61,-2.213599373403057,3212,True,0.0,-0.01656495057505758
H,62,-2.350266309507533,3112,True,0.0,-0.005874512984945124
H,63,-2.4267986252034603,1816,True,-2.220446049250313e-16,0.00841074646082074
H,64,-2.17299034523922,1000,True,2.220446049250313e-16,-0.1910366888149315
H,65,-2.430636788472009,2058,True,0.0,0.007764686402963239
H,66,-2.5027190057039075,1767,True,0.0,0.01221971704828917
H,67,-2.4033956541305908,3227,True,0.0,-0.009913627150607618
H,68,-2.5732904509023777,1057,True,0.0,0.009028196172136682
H,69,-2.6151601538612725,654,True,0.0,0.03290236640343663
H,70,-2.8699269754653423,490,True,0.0,-0.07222229621898404
H,71,-2.6243407615107506,1359,True,0.0,0.01845619029222536
H,72,-2.7378570924633334,1029,True,0.0,0.019701925975681434
H,73,-2.6328127183819463,945,True,0.0,0.04272086163568112
H,74,-2.541505226659097,2326,True,0.0,-0.020239477073750622
H,75,-2.6047667894540307,1980,True,2.220446049250313e-16,0.0025516197790844686
H,76,-2.5204624309962327,1888,True,-2.220446049250313e-16,0.014365133657155988
H,77,-2.601245073875565,958,True,0.0,0.05304451646363402
H,78,-2.5805947464860903,2289,True,0.0,-0.020876734707972133
H,79,-2.6414455382702156,1793,True,0.0,-0.02863940461145087
H,80,-2.607065359293623,2696,True,0.0,-0.014687098915850213
H,81,-2.618935985024172,1305,True,0.0,0.011140927548235258
H,82,-2.643119307845385,1614,True,0.0,0.005863914250049618
H,83,-2.532767448703148,2826,True,2.220446049250313e-16,-0.002201716168145018
H,84,-2.5941989835436696,2263,True,0.0,0.009351736343171681
H,85,-2.5991995049314323,2414,True,0.0,-0.007379968745824472
H,86,-2.603221435847723,1702,True,-2.220446049250313e-16,0.008260237010473447
H,87,-2.6242321409913743,1848,True,2.220446049250313e-16,-0.009697869169903672
H,88,-2.504206635149084,1783,True,0.0,0.01256704708734313
H,89,-2.609914349444652,2149,True,0.0,-0.009933226643647597
H,90,-2.5222049505616173,2295,True,0.0,0.010712768492498803
H,91,-2.606836546097789,2220,True,0.0,0.006858812783034018
H,92,-2.511069914270281,2948,True,2.220446049250313e-16,-0.007221310388292768
H,93,-2.5437528687712776,2748,True,0.0,-0.015147483319462529
H,94,-2.5859028794317136,2554,True,0.0,0.015260094430705307
