panel,fish,trial,finite_baseline_bins,P25_log_vigor,P45_log_vigor,P50_log_vigor,P55_log_vigor,P75_log_vigor,P25_median_centred,P45_median_centred,P50_median_centred,P55_median_centred,P75_median_centred,baseline_median_residual,collapsed_boundaries,display_class_1_count,display_class_2_count,display_class_3_count,display_class_4_count,display_class_5_count
F,20221115_07,5,43,-3.0170932679999867,-2.6616544561873043,-2.56578075014695,-2.5351805229230937,-2.3928833707596477,-0.4513125178530366,-0.09587370604035428,0.0,0.030600227223856358,0.17289737938730232,0.0,False,33,15,6,15,28
F,20221115_07,6,47,-3.1618235629438916,-2.5214372839281167,-2.487841929124944,-2.4014175673784197,-2.2661897883758666,-0.6739816338189475,-0.03359535480317266,0.0,0.08642436174652435,0.22165214074907746,0.0,False,16,19,15,18,14
F,20221115_07,7,46,-3.221507947902606,-2.609211438469521,-2.523140894416849,-2.4846387941688675,-2.2851277925580837,-0.6983670534857569,-0.08607054405267167,0.0,0.03850210024798173,0.23801310185876545,0.0,False,28,16,10,17,21
F,20221115_07,8,36,-2.9284236544505395,-2.4766823158040734,-2.440442904221615,-2.381540221649484,-2.2611030043135956,-0.4879807502289246,-0.03623941158245847,0.0,0.05890268257213105,0.17933989990801935,2.220446049250313e-16,False,22,15,8,15,13
F,20221115_07,9,45,-3.2319619156410173,-2.6721794459547796,-2.598472267808099,-2.5801486693935227,-2.4251452495575725,-0.6334896478329184,-0.07370717814668071,0.0,0.018323598414576203,0.17332701825052643,0.0,False,23,16,8,18,23
F,20221115_07,10,36,-3.14125675564527,-2.595483417541926,-2.4798108693463545,-2.4562455173056152,-2.323796889215304,-0.6614458862989157,-0.1156725481955716,0.0,0.023565352040739285,0.15601398013105072,0.0,False,25,21,10,11,16
F,20221115_07,11,42,-3.1510910837723425,-2.7814590110057105,-2.694540299581726,-2.639667681996344,-2.4683753327193934,-0.45655078419061645,-0.08691871142398444,0.0,0.05487261758538198,0.22616496686233267,0.0,False,35,19,7,12,18
F,20221115_07,12,54,-3.3329282417813717,-2.963853067408321,-2.7067887639097186,-2.6443434939389734,-2.282584434999663,-0.6261394778716531,-0.25706430349860243,0.0,0.062445269970745176,0.42420432891005566,0.0,False,24,20,10,21,27
F,20221115_07,13,35,-3.1630440320888065,-2.5314198551423344,-2.4927953405958263,-2.4676378283947584,-2.3202789673862556,-0.6702486914929802,-0.03862451454650806,0.0,0.025157512201067878,0.1725163732095707,0.0,False,23,20,5,15,16
F,20221115_07,14,66,-3.242705321733218,-2.897655651339633,-2.698038284665399,-2.6055594946995404,-2.353040266425582,-0.5446670370678186,-0.19961736667423402,0.0,0.09247878996585879,0.34499801823981713,0.0,False,37,30,13,22,25
F,20221115_07,15,69,-3.217875662152243,-3.104083226057881,-3.0719542046561297,-3.018820218575836,-2.5764587417516123,-0.1459214574961134,-0.032129021401751334,0.0,0.05313398608029374,0.4954954629045174,0.0,False,42,25,13,16,34
F,20221115_07,16,52,-3.248236155409747,-2.585845861067375,-2.508801031601283,-2.4957995141410345,-2.359271868521886,-0.7394351238084642,-0.07704482946609215,0.0,0.013001517460248468,0.1495291630793969,0.0,False,32,25,11,15,21
F,20221115_07,17,46,-3.0117052637357213,-2.598193078063273,-2.5580603826738457,-2.5262412529189593,-2.4277869741250235,-0.4536448810618756,-0.04013269538942721,0.0,0.03181912975488643,0.1302734085488222,2.220446049250313e-16,False,35,18,9,16,21
F,20221115_07,18,45,-3.2943612273856067,-2.749000311038003,-2.5664607310831102,-2.5340587496142355,-2.4667207724434186,-0.7279004963024964,-0.18253957995489278,0.0,0.03240198146887474,0.09973995863969165,0.0,False,21,20,9,11,22
F,20221115_07,19,50,-3.209865819871434,-2.6307313066112172,-2.583895966482622,-2.5557854235689765,-2.487372477678617,-0.6259698533888121,-0.04683534012859525,0.0,0.028110542913645453,0.09652348880400519,0.0,False,22,19,8,19,23
F,20221115_07,20,47,-2.855079481974362,-2.6131476458741587,-2.551896073781218,-2.5039392684874584,-2.3430006865078203,-0.30318340819314393,-0.06125157209294052,0.0,0.047956805293759786,0.20889538727339785,0.0,False,41,17,9,16,17
F,20221115_07,21,44,-3.28664417585683,-2.770846079832303,-2.6925185542454146,-2.6817602194892967,-2.5644106130501383,-0.5941256216114152,-0.07832752558688849,0.0,0.010758334756117982,0.12810794119527635,0.0,False,18,24,6,13,24
F,20221115_07,22,55,-2.9588932882729067,-2.629911930387054,-2.570643214373986,-2.543307514409804,-2.426557388141874,-0.3882500738989205,-0.059268716013067824,0.0,0.02733569996418206,0.14408582623211208,0.0,False,25,18,10,15,26
F,20221115_07,23,53,-2.994905817033501,-2.7092179223913235,-2.689727933623124,-2.6537156246399443,-2.5710147490587767,-0.3051778834103769,-0.019489988768199407,0.0,0.036012308983179864,0.11871318456434743,0.0,False,40,19,8,13,26
F,20221115_07,24,49,-2.820635570686062,-2.711842489451016,-2.6652227164766478,-2.6556717621162536,-2.5589430533980244,-0.15541285420941442,-0.046619772974368257,0.0,0.009550954360394215,0.10627966307862335,0.0,False,33,14,8,12,24
F,20221115_07,25,56,-2.98789013947463,-2.6988333180120208,-2.6710522114575905,-2.660671665821044,-2.541456254019267,-0.31683792801703925,-0.027781106554430224,0.0,0.010380545636546668,0.12959595743832342,2.220446049250313e-16,False,21,21,9,17,33
F,20221115_07,26,55,-3.171560997117817,-2.5945417044742856,-2.5695173405802967,-2.539320622218324,-2.444380812614796,-0.6020436565375205,-0.025024363893988877,0.0,0.030196718361972685,0.12513652796550057,0.0,False,32,27,9,12,19
F,20221115_07,27,55,-3.3069358986513935,-2.758262312223132,-2.690511776532595,-2.6017345427045817,-2.515977827661092,-0.6164241221187985,-0.06775053569053702,0.0,0.08877723382801328,0.17453394887150298,0.0,False,24,25,12,12,28
F,20221115_07,28,54,-3.0989156373890285,-2.650632071676467,-2.6355145747116184,-2.5811551374973813,-2.460930300647425,-0.4634010626774101,-0.015117496964848431,0.0,0.05435943721423708,0.1745842740641934,2.220446049250313e-16,False,27,21,10,15,20
F,20221115_07,29,54,-3.108863972505185,-2.8565375856525645,-2.738694617745848,-2.69380573901875,-2.5628788061362386,-0.3701693547593372,-0.11784296790671656,0.0,0.044888878727098014,0.17581581160960935,2.220446049250313e-16,False,36,15,17,15,18
F,20221115_07,30,61,-3.257495824593998,-2.868821816860043,-2.7629796946036334,-2.7091609907631167,-2.556333666739007,-0.49451612999036465,-0.10584212225640943,0.0,0.05381870384051668,0.20664602786462627,0.0,False,29,27,11,19,21
F,20221115_07,31,56,-2.8795575858809457,-2.6594689990222595,-2.6206483989934055,-2.5969309888560708,-2.4548845873252425,-0.25890918688754017,-0.03882060002885401,0.0,0.02371741013733475,0.165763811668163,0.0,False,34,23,8,18,20
F,20221115_07,32,58,-3.273618728377914,-2.8295545177189654,-2.758908650223443,-2.7425585015493494,-2.582462115030454,-0.5147100781544709,-0.07064586749552237,0.0,0.016350148674093568,0.17644653519298892,0.0,False,27,37,7,22,22
F,20221115_07,33,62,-3.136116822406502,-2.852095232238299,-2.807401224624927,-2.757273414387575,-2.639308452903944,-0.3287155977815748,-0.044694007613371944,0.0,0.05012781023735213,0.16809277172098325,0.0,False,29,29,8,21,22
F,20221115_07,34,61,-3.132418067828723,-2.831811311922085,-2.813988763973097,-2.748080721126834,-2.652919229631741,-0.31842930385562607,-0.017822547948988188,0.0,0.06590804284626284,0.16106953434135596,0.0,False,40,20,11,16,33
F,20221115_07,35,55,-3.2539549184053898,-2.903129194651113,-2.804238754503818,-2.695881044987702,-2.5146237500726336,-0.4497161639015719,-0.09889044014729498,0.0,0.1083577095161159,0.28961500443118426,0.0,False,34,21,10,20,21
F,20221115_07,36,62,-3.1580471395080654,-2.818681273858903,-2.7417742561157517,-2.7264903492407093,-2.507995799434334,-0.4162728833923137,-0.07690701774315123,0.0,0.01528390687504233,0.2337784566814176,0.0,False,33,24,12,25,22
F,20221115_07,37,59,-3.1153032429445853,-2.852463947172225,-2.801990642311925,-2.774573099469324,-2.681291646374074,-0.3133126006326603,-0.050473304860299884,0.0,0.027417542842600895,0.12069899593785083,0.0,False,30,17,9,16,29
F,20221115_07,38,54,-2.9624740483505896,-2.7902457209457343,-2.758408994701327,-2.7215070947728206,-2.6036511691616506,-0.20406505364926275,-0.031836726244407476,0.0,0.03690189992850623,0.1547578255396762,2.220446049250313e-16,False,38,19,8,20,24
F,20221115_07,39,62,-3.1700103346912623,-2.7806324642892974,-2.7665409895597803,-2.73831584049976,-2.664427425590215,-0.4034693451314819,-0.014091474729517106,0.0,0.02822514906002027,0.10211356396956539,0.0,False,34,31,9,20,32
F,20221115_07,40,62,-3.0932770076160816,-2.741144630492087,-2.711809608759496,-2.6909313590780912,-2.5753662289402324,-0.38146739885658576,-0.02933502173259095,0.0,0.020878249681404615,0.13644337981926347,2.220446049250313e-16,False,35,25,6,21,23
F,20221115_07,41,62,-3.151644961633675,-2.8784418491190458,-2.853146675609632,-2.839436188116777,-2.7645421361430462,-0.29849828602404305,-0.025295173509413793,0.0,0.013710487492855084,0.08860453946658575,0.0,False,44,20,7,18,36
F,20221115_07,42,57,-3.1028095884089666,-2.725463532074557,-2.697353206773634,-2.6820214747274935,-2.5297744604349828,-0.4054563816353327,-0.028110325300922945,0.0,0.015331732046140356,0.1675787463386511,0.0,False,27,23,9,17,23
F,20221115_07,43,59,-3.078051413747104,-2.697298785673522,-2.647437248216212,-2.6266398923390657,-2.5104009861315006,-0.43061416553089193,-0.049861537457310146,0.0,0.020797355877146373,0.13703626208471142,0.0,False,36,28,13,16,25
F,20221115_07,44,64,-3.2364467694137367,-3.025092661361558,-2.9139740022407254,-2.8602923242990466,-2.740835959025217,-0.3224727671730112,-0.11111865912083241,0.0,0.053681677941678885,0.1731380432155083,2.220446049250313e-16,False,25,20,11,21,34
F,20221115_07,45,65,-3.1811649264411663,-2.9383420981610793,-2.875269737544033,-2.8540316323748325,-2.5520175278788395,-0.3058951888971335,-0.06307236061704646,0.0,0.021238105169200328,0.3232522096651933,0.0,False,35,21,8,32,20
F,20221115_07,46,55,-2.9433403556996622,-2.7709533513413382,-2.7516527354504343,-2.7416184870645512,-2.6185026073718367,-0.19168762024922792,-0.019300615890903927,0.0,0.010034248385883071,0.1331501280785976,0.0,False,36,20,8,15,27
F,20221115_07,47,60,-3.163556522934643,-2.880398525685618,-2.8604594345801244,-2.8322504954102636,-2.7237472187954648,-0.30309708835451854,-0.019939091105493745,0.0,0.02820893916986078,0.13671221578465964,2.220446049250313e-16,False,27,35,11,22,31
F,20221115_07,48,58,-3.1701883159969215,-2.9315244464626846,-2.906417501330509,-2.869228532078132,-2.729390314113661,-0.2637708146664126,-0.025106945132175706,0.0,0.037188969252377024,0.17702718721684807,0.0,False,38,23,9,19,23
F,20221115_07,49,62,-3.093733192485197,-2.826683777885029,-2.7844456458926587,-2.7502791700211584,-2.624334883964276,-0.3092875465925382,-0.04223813199237014,0.0,0.034166475871500346,0.16011076192838258,0.0,False,39,29,9,16,28
F,20221115_07,50,61,-3.133701490719352,-2.779916758318339,-2.766604184687303,-2.736949195488699,-2.618794218498378,-0.36709730603204926,-0.013312573631035995,0.0,0.029654989198603765,0.14780996618892495,0.0,False,39,35,8,13,28
F,20221115_07,51,68,-3.206071618203314,-2.9245517491401123,-2.877228497818092,-2.831459254812984,-2.7405343217040405,-0.3288431203852218,-0.04732325132202009,0.0,0.045769243005107985,0.13669417611405166,2.220446049250313e-16,False,33,26,12,20,31
F,20221115_07,52,61,-3.0011896932681585,-2.849642604650676,-2.769293417583735,-2.729307969737295,-2.6259969517944066,-0.23189627568442361,-0.08034918706694105,0.0,0.03998544784644009,0.1432964657893283,0.0,False,45,21,12,17,19
F,20221115_07,53,61,-3.094401898812821,-2.8280070751289235,-2.7751246254690103,-2.756069424386656,-2.677129647743842,-0.31927727334381073,-0.05288244965991318,0.0,0.019055201082354145,0.0979949777251683,0.0,False,41,28,9,16,30
F,20221115_07,54,48,-3.291666558183517,-3.1223544181385794,-2.979713694416457,-2.8707468906320504,-2.5458895376028154,-0.3119528637670599,-0.14264072372212233,0.0,0.10896680378440671,0.4338241568136416,2.220446049250313e-16,False,22,22,18,21,21
F,20221115_07,55,68,-3.1759360121844358,-2.925792234040748,-2.841254775768534,-2.7945227764449334,-2.592573591918528,-0.33468123641590175,-0.08453745827221404,0.0,0.046731999323600615,0.24868118385000582,0.0,False,44,25,12,28,22
F,20221115_07,56,65,-3.173611069604209,-2.9312483726038847,-2.830989765025312,-2.785556941097049,-2.575737000617658,-0.3426213045788966,-0.10025860757857252,0.0,0.04543282392826331,0.2552527644076541,0.0,False,42,24,10,30,23
F,20221115_07,57,65,-3.271608503678634,-3.073810867759926,-2.961546226670481,-2.8189953894946025,-2.6241896910527447,-0.31006227700815314,-0.11226464108944523,0.0,0.14255083717587835,0.33735653561773615,0.0,False,27,31,21,22,26
F,20221115_07,58,63,-3.1490320475504565,-2.870557699571577,-2.8331919892629425,-2.804377541339587,-2.707646301672982,-0.31584005828751405,-0.03736571030863445,0.0,0.028814447923355413,0.12554568758996032,0.0,False,37,19,13,14,27
F,20221115_07,59,61,-3.1243730705269925,-2.8471119234815205,-2.7892795235254653,-2.769438127978147,-2.6210527027669217,-0.33509354700152727,-0.05783239995605527,0.0,0.019841395547318452,0.16822682075854356,0.0,False,32,19,16,25,26
F,20221115_07,60,62,-3.201177910710328,-2.9300093644436496,-2.892042275694271,-2.848470348340567,-2.6260329725914375,-0.309135635016057,-0.0379670887493786,0.0,0.043571927353704076,0.26600930310283344,2.220446049250313e-16,False,25,21,12,26,27
F,20221115_07,61,63,-3.099579114435829,-2.8758697434685545,-2.794513896207099,-2.7072602732806823,-2.5467018662536587,-0.3050652182287301,-0.0813558472614555,0.0,0.0872536229264167,0.24781202995344032,0.0,False,39,24,18,19,21
F,20221115_07,62,62,-3.1771272629717346,-2.793654579639266,-2.7760737861296416,-2.76077599274163,-2.6865839539717458,-0.401053476842093,-0.01758079350962438,0.0,0.015297793388011627,0.08948983215789585,0.0,False,41,27,8,16,28
F,20221115_07,63,50,-3.09918596028701,-2.719422036275715,-2.6795281616950604,-2.6593784433302,-2.5782675380102607,-0.41965779859194985,-0.03989387458065474,0.0,0.02014971836486046,0.10126062368479971,2.220446049250313e-16,False,32,23,8,17,22
F,20221115_07,64,60,-3.0998447772054147,-2.8652808030883685,-2.8485705847378924,-2.7921014028062072,-2.650078521323267,-0.25127419246752236,-0.016710218350476147,0.0,0.05646918193168515,0.19849206341462544,0.0,False,39,24,10,17,26
F,20221115_07,65,55,-3.269777143024669,-2.879682521886283,-2.777434085303536,-2.692313090287873,-2.506324688443075,-0.49234305772113274,-0.10224843658274674,0.0,0.08512099501566306,0.271109396860461,0.0,False,25,24,20,26,17
F,20221115_07,66,65,-3.1980170957715885,-2.944242278669313,-2.8031516533195044,-2.774765433064154,-2.5640345549990062,-0.3948654424520841,-0.14109062534980854,0.0,0.028386220255350647,0.2391170983204982,0.0,False,33,31,18,22,29
F,20221115_07,67,78,-3.2091163642481413,-3.0934310497376716,-2.954921320492959,-2.9043656259888784,-2.5966416580709577,-0.2541950437551823,-0.1385097292447126,0.0,0.050555694504080595,0.35827966242200127,0.0,False,38,22,12,42,29
F,20221115_07,68,70,-3.2523001572475394,-3.0291126512569155,-2.9143446608629042,-2.8249521205744244,-2.5767413541842137,-0.3379554963846352,-0.11476799039401131,0.0,0.08939254028847987,0.33760330667869054,0.0,False,36,28,15,25,28
F,20221115_07,69,72,-3.1770034249390546,-2.9631175846387547,-2.8826576868748033,-2.837376005224639,-2.4454519094769105,-0.29434573806425135,-0.08045989776395146,0.0,0.04528168165016444,0.4372057773978928,0.0,False,36,25,9,37,22
F,20221115_07,70,64,-3.3352746643150266,-3.09108493167325,-3.0258673443869073,-2.9027036627321516,-2.4833919420147055,-0.3094073199281193,-0.06521758728634275,0.0,0.12316368165475566,0.5424754023722018,0.0,False,23,30,16,26,27
F,20221115_07,71,67,-3.1878224915184545,-3.064753145044678,-3.0325852926022336,-2.998243066827951,-2.642058398445796,-0.1552371989162209,-0.03216785244244447,0.0,0.034342225774282475,0.3905268941564377,0.0,False,39,22,10,31,30
F,20221115_07,72,64,-3.2724197944309394,-3.1486751319162662,-3.0618318014071284,-3.0037195639102823,-2.7137949437486957,-0.21058799302381104,-0.08684333050913784,0.0,0.05811223749684613,0.34803685765843273,0.0,False,32,25,16,23,32
F,20221115_07,73,72,-3.263671934512338,-3.1403423642643644,-3.097805383481063,-3.050865291691848,-2.779865040593585,-0.16586655103127512,-0.04253698078330137,0.0,0.0469400917892151,0.3179403428874781,0.0,False,31,26,14,33,34
F,20221115_07,74,71,-3.22539622583726,-3.157023909805977,-3.135123145035321,-3.11135558260807,-2.7535809141101617,-0.09027308080193874,-0.021900764770655723,0.0,0.02376756242725131,0.3815422309251595,0.0,False,41,23,12,30,32
F,20221115_07,75,70,-3.216031903122626,-3.125205730765116,-3.1095900833327237,-3.0754510305335905,-2.6406927541792586,-0.10644181978990241,-0.015615647432392521,0.0,0.03413905279913321,0.46889732915346505,0.0,False,37,25,10,36,28
F,20221115_07,76,72,-3.2559502446501374,-3.190965978637503,-3.139967479796815,-3.090843740266692,-2.8535971146791232,-0.11598276485332226,-0.050998498840687745,0.0,0.04912373953012317,0.28637036511769187,0.0,False,32,24,22,25,40
F,20221115_07,77,73,-3.258769310358956,-3.1197869136892837,-3.0883868133958714,-3.0734952831723574,-2.829256209144749,-0.1703824969630845,-0.031400100293412336,0.0,0.014891530223513971,0.25913060425112233,0.0,False,37,31,14,24,41
F,20221115_07,78,79,-3.184250893227473,-3.1032307607895673,-3.068721219929067,-3.051222778089629,-2.7942819036361524,-0.11552967329840591,-0.03450954086050029,0.0,0.01749844183943816,0.2744393162929146,0.0,False,41,33,11,31,39
F,20221115_07,79,76,-3.1816385143946357,-3.0954133389651006,-3.0712062925540695,-3.0397898243086297,-2.84547933016119,-0.11043222184056622,-0.024207046411031108,0.0,0.031416468245439866,0.22572696239287948,0.0,False,51,25,13,24,37
F,20221115_07,80,71,-3.216781559905235,-3.158024581571592,-3.1480215283667543,-3.120527052828349,-2.8915543314819705,-0.06876003153848087,-0.01000305320483763,0.0,0.02749447553840545,0.2564671968847838,0.0,False,34,18,17,41,35
F,20221115_07,81,75,-3.2230022851842346,-3.1355701289760662,-3.124293452568887,-3.1177814006683566,-2.972992349903207,-0.09870883261534757,-0.01127667640717922,0.0,0.006512051900530391,0.1513011026656801,0.0,False,35,36,8,28,44
F,20221115_07,82,73,-3.154602335674844,-3.0788590810324177,-3.06388767366493,-3.0408834811403738,-2.7987407417791053,-0.09071466200991418,-0.01497140736748781,0.0,0.0230041925245561,0.2651469318858246,0.0,False,47,22,11,23,45
F,20221115_07,83,74,-3.1818338344164316,-3.09729485796478,-3.053541893830542,-3.041769317692457,-2.8766567402669896,-0.12829194058588955,-0.04375296413423779,0.0,0.011772576138084911,0.1768851535635525,2.220446049250313e-16,False,45,33,17,20,36
F,20221115_07,84,70,-3.1643508394034754,-3.0539202741218494,-3.042663825760603,-3.0264023064675047,-2.8590029159510353,-0.12168701364287227,-0.011256448361246285,0.0,0.01626151929309838,0.18366090980956784,2.220446049250313e-16,False,44,35,10,20,39
F,20221115_07,85,79,-3.1574847355848568,-3.0725490458084637,-3.0497847856535216,-3.032391353623649,-2.822388838684473,-0.10769994993133514,-0.02276426015494204,0.0,0.017393432029872535,0.22739594696904852,0.0,False,46,33,13,27,39
F,20221115_07,86,76,-3.124853786725517,-3.0600510414827955,-3.039034180440839,-3.0105064909531056,-2.6408547043610495,-0.08581960628467789,-0.021016861041956325,0.0,0.028527689487733543,0.39817947607978965,2.220446049250313e-16,False,48,28,18,26,31
F,20221115_07,87,77,-3.13823055035215,-3.058715848125529,-3.023729572093381,-2.987957292934433,-2.854370731097535,-0.11450097825876915,-0.03498627603214821,0.0,0.035772279158948095,0.1693588409958462,0.0,False,36,30,21,24,45
F,20221115_07,88,75,-3.1717371575845723,-3.0746106981475663,-3.054778154572954,-3.0468015149505283,-2.8350526325507586,-0.1169590030116181,-0.01983254357461206,0.0,0.007976639622425896,0.21972552202219564,0.0,False,51,30,8,27,36
F,20221115_07,89,79,-3.170064583480711,-3.122429062621609,-3.10691484219352,-3.0816061322468284,-2.950788695231028,-0.06314974128719086,-0.015514220428089143,0.0,0.025308709946691543,0.15612614696249194,0.0,False,41,22,20,26,43
F,20221115_07,90,78,-3.1752232654931616,-3.085618932371823,-3.070794824098981,-3.059162165656826,-2.9429828246016214,-0.10442844139418073,-0.014824108272842196,0.0,0.011632658442154664,0.12781199949735944,0.0,False,36,33,18,28,40
F,20221115_07,91,77,-3.2118525271748357,-3.102323262790079,-3.078444427290888,-3.049555203982758,-2.8999513344439545,-0.13340809988394753,-0.02387883549919101,0.0,0.028889223308130152,0.1784930928469337,0.0,False,33,32,18,29,42
F,20221115_07,92,76,-3.212663702235931,-3.1316712575707375,-3.092304931157206,-3.0743297639404963,-2.886224461902228,-0.12035877107872484,-0.03936632641353155,0.0,0.017975167216709664,0.20608046925497803,2.220446049250313e-16,False,24,29,24,37,41
F,20221115_07,93,79,-3.1574015190766347,-3.0843367798565833,-3.0550801575785185,-3.031055531243437,-2.871219226128049,-0.10232136149811621,-0.029256622278064803,0.0,0.0240246263350814,0.18386093145046933,0.0,False,46,36,11,21,41
F,20221115_07,94,79,-3.1922282028395697,-3.1121949141673144,-3.0819325420750183,-3.0691507882227724,-2.9153000269678824,-0.11029566076455133,-0.030262372092296097,0.0,0.012781753852245892,0.16663251510713595,0.0,False,41,25,14,32,42
G,20230310_08,5,78,-3.1520272379639427,-3.0381525077021676,-3.0153851953042405,-2.9945147587764587,-2.8013191303962364,-0.13664204265970215,-0.022767312397927064,0.0,0.020870436527781866,0.21406606490800417,2.220446049250313e-16,False,37,34,11,33,42
G,20230310_08,6,78,-3.1591634515461524,-3.089861674538308,-3.085080798074764,-3.0461838267872037,-2.9554656677695,-0.07408265347138832,-0.004780876463543748,0.0,0.03889697128756042,0.12961513030526417,0.0,False,33,29,24,23,48
G,20230310_08,7,77,-3.127204980660634,-3.0382725836291384,-3.0085695584915246,-2.9218351114236594,-2.7456808500275645,-0.11863542216910927,-0.029703025137613803,0.0,0.08673444706786526,0.2628887084639602,0.0,False,39,38,13,25,40
G,20230310_08,8,77,-3.1539907758422454,-3.064806687830048,-3.0445991718432017,-3.021539590769788,-2.788095595159606,-0.10939160399904369,-0.020207515986846225,0.0,0.02305958107341377,0.2565035766835959,0.0,False,35,27,18,32,44
G,20230310_08,9,79,-3.0759589507127942,-3.0199134908302416,-2.9956729435747973,-2.9775227416590027,-2.8799683951265465,-0.08028600713799694,-0.024240547255444334,0.0,0.01815020191579464,0.11570454844825084,0.0,False,39,25,25,30,40
G,20230310_08,10,78,-3.1073302419651547,-3.069401235966161,-3.0546165417352196,-3.037480314237874,-2.9783757244645437,-0.052713700229935156,-0.014784694230941309,0.0,0.01713622749734567,0.07624081727067589,2.220446049250313e-16,False,53,21,13,25,45
G,20230310_08,11,79,-3.0853268470953443,-3.016898454883871,-3.003732419456992,-2.9788711470846025,-2.901625911014297,-0.08159442763835223,-0.013166035426878775,0.0,0.024861272372389553,0.10210650844269509,0.0,False,57,29,14,23,31
G,20230310_08,12,80,-3.0715292813637998,-3.0141933858938668,-3.009610140673723,-2.996774258195017,-2.9363291080706166,-0.06191914069007698,-0.004583245220143972,0.0,0.012835882478705596,0.07328103260310614,2.220446049250313e-16,False,37,29,11,31,51
G,20230310_08,13,78,-3.1444519470663073,-3.044454346395531,-2.9888883138415,-2.974914776003184,-2.9092136055255184,-0.15556363322480715,-0.05556603255403081,0.0,0.013973537838316119,0.07967470831598167,0.0,False,44,36,18,20,36
G,20230310_08,14,79,-3.1655335598288676,-3.099033680931421,-3.089650531231266,-3.059512844089877,-2.9496773590195113,-0.07588302859760176,-0.00938314970015508,0.0,0.03013768714138898,0.13997317221175454,0.0,False,42,22,20,31,41
G,20230310_08,15,78,-3.126959859723039,-3.054656705142054,-3.027215047399581,-3.0046275924500407,-2.9068799271929278,-0.09974481232345767,-0.02744165774247298,0.0,0.022587454949540398,0.12033512020665338,2.220446049250313e-16,False,41,31,16,24,43
G,20230310_08,16,76,-3.1700075180816647,-3.0583525388882897,-3.0262733692931874,-3.016637917325818,-2.9451065465884856,-0.14373414878847734,-0.032079169595102375,0.0,0.009635451967369146,0.08116682270470177,0.0,False,34,38,15,27,38
G,20230310_08,17,73,-3.1349477168803954,-3.04420693711959,-3.017768867695758,-2.9974487470435025,-2.9367353351773398,-0.11717884918463728,-0.026438069423831756,0.0,0.020320120652255635,0.08103353251841838,0.0,False,44,27,14,19,48
G,20230310_08,18,67,-3.230044610033133,-3.0891978054070344,-3.0819503984290413,-3.073509001907855,-2.998299811095391,-0.14809421160409153,-0.007247406977993087,0.0,0.008441396521186473,0.08365058733365016,0.0,False,38,24,7,25,37
G,20230310_08,19,78,-3.1520357514390356,-3.1032723675085063,-3.0881123412693254,-3.08294240927414,-3.001893302853562,-0.06392341016971015,-0.01516002623918089,0.0,0.0051699319951854505,0.08621903841576328,0.0,False,44,23,9,31,45
G,20230310_08,20,74,-3.188891757768228,-3.0512448963373164,-3.013734499886215,-2.975179417878937,-2.8272849069368062,-0.17515725788201308,-0.037510396451101435,0.0,0.038555082007277974,0.18644959294940877,0.0,False,38,24,18,29,33
G,20230310_08,21,77,-3.160609648233839,-3.037258216012188,-3.024204440637861,-3.00584466665704,-2.8913801466178306,-0.13640520759597807,-0.01305377537432717,0.0,0.018359773980821004,0.13282429402003038,0.0,False,46,33,11,30,34
G,20230310_08,22,78,-3.137034694586723,-3.04036404762738,-3.024242684037109,-2.989785984027729,-2.8905325862653273,-0.1127920105496143,-0.016121363590271276,0.0,0.03445670000937984,0.13371009777178156,2.220446049250313e-16,False,46,23,12,27,45
G,20230310_08,23,77,-3.192135648630875,-3.1102849864371414,-3.0689192513984485,-3.0606531446673286,-2.973699481916434,-0.12321639723242672,-0.0413657350386929,0.0,0.008266106731119827,0.09521976948201427,0.0,False,34,24,17,21,56
G,20230310_08,24,79,-3.1217019493482967,-3.039791681234504,-3.012864401699531,-2.9530834753405073,-2.829466399360106,-0.10883754764876574,-0.026927279534973092,0.0,0.059780926359023656,0.18339800233942505,0.0,False,53,29,11,20,38
G,20230310_08,25,79,-3.0942467208915123,-2.9889918607836066,-2.9667734056691057,-2.9523581017640725,-2.809957775679528,-0.12747331522240657,-0.022218455114500824,0.0,0.014415303905033205,0.15681562998957777,0.0,False,47,28,14,32,33
G,20230310_08,26,76,-3.1329027052405545,-3.0204753862711256,-2.9846951913000836,-2.963085064067847,-2.789647312721574,-0.14820751394047083,-0.0357801949710419,0.0,0.021610127232236653,0.1950478785785097,0.0,False,47,31,15,19,31
G,20230310_08,27,74,-3.119779582136056,-2.931788100871734,-2.8878116731547507,-2.8766477892357387,-2.732846593192062,-0.23196790898130537,-0.0439764277169834,0.0,0.011163883919012019,0.1549650799626887,0.0,False,47,26,10,26,36
G,20230310_08,28,74,-3.1591063174305765,-3.041319926805302,-3.024585172623806,-2.9939413254704554,-2.8431493614324346,-0.13452114480677047,-0.016734754181495948,0.0,0.030643847153350556,0.18143581119137142,2.220446049250313e-16,False,39,25,13,26,34
G,20230310_08,29,72,-3.231615544851316,-3.036952701923766,-2.969665283271358,-2.956752034546416,-2.7542866370037107,-0.26195026157995827,-0.06728741865240817,0.0,0.012913248724941706,0.21537864626764724,0.0,False,32,26,15,28,33
G,20230310_08,30,79,-3.1730624755748833,-3.0723986317074874,-2.9994344053991826,-2.941391337053447,-2.7649661462961133,-0.1736280701757007,-0.07296422630830479,0.0,0.058043068345735804,0.23446825910306934,0.0,False,41,21,21,30,33
G,20230310_08,31,70,-3.1889490538560405,-3.033965583834532,-3.0067081365095025,-2.976512479578071,-2.774496327557591,-0.18224091734653802,-0.02725744732502955,0.0,0.030195656931431447,0.23221180895191162,0.0,False,37,33,17,28,32
G,20230310_08,32,70,-3.1497989634657477,-3.0118335625407964,-2.982808622630765,-2.9357201841268163,-2.8154754184678783,-0.16699034083498265,-0.0290249399100313,0.0,0.047088438503948726,0.16733320416288677,2.220446049250313e-16,False,40,30,15,23,33
G,20230310_08,33,72,-3.2011683498900503,-3.0644883473802427,-3.0182565033485873,-2.971157420701752,-2.81288397662512,-0.18291184654146297,-0.04623184403165537,0.0,0.04709908264683538,0.20537252672346717,0.0,False,39,36,12,28,31
G,20230310_08,34,77,-3.1560979985573563,-3.019418099520003,-2.994916108214276,-2.9736981804888414,-2.8554079488774216,-0.16118189034308017,-0.024501991305726722,0.0,0.021217927725434738,0.13950815933685456,0.0,False,46,36,10,26,35
G,20230310_08,35,75,-3.1372990879797458,-3.072701606745707,-3.0480316014299484,-2.995300426822108,-2.89916485750114,-0.08926748654979733,-0.02467000531575847,0.0,0.05273117460784027,0.14886674392880828,0.0,False,43,28,14,24,39
G,20230310_08,36,76,-3.1516336999177774,-3.0679899783223945,-3.0568238139534913,-3.043748290924305,-2.8965709451825847,-0.09480988596428608,-0.011166164368903164,0.0,0.013075523029186353,0.1602528687709066,0.0,False,41,25,12,35,34
G,20230310_08,37,79,-3.1206742528975724,-3.0426829888394202,-3.017417497823613,-3.0000760439652607,-2.924866390103414,-0.10325675507395937,-0.025265491015807218,0.0,0.017341453858352285,0.09255110772019881,0.0,False,48,25,15,26,37
G,20230310_08,38,78,-3.174437501929059,-3.069591905970571,-3.0536613634726333,-3.031366147783385,-2.935163216795489,-0.12077613845642565,-0.015930542497937683,0.0,0.022295215689248415,0.11849814667714442,0.0,False,38,31,12,27,39
G,20230310_08,39,79,-3.115658705164167,-3.0236314262098167,-3.0140732723575767,-3.000983470122723,-2.9046069273255766,-0.10158543280659016,-0.009558153852240014,0.0,0.013089802234853565,0.10946634503200015,0.0,False,51,21,13,38,34
G,20230310_08,40,78,-3.1483285164796846,-3.0548458022714806,-3.0290337570992367,-2.992254177417678,-2.8818587799962985,-0.11929475938044787,-0.02581204517224389,0.0,0.03677957968155887,0.14717497710293825,0.0,False,39,29,23,30,30
G,20230310_08,41,77,-3.143684959893577,-3.072136293770917,-3.053088164814153,-3.003006060292208,-2.9065701121867464,-0.0905967950794242,-0.01904812895676411,0.0,0.050082104521944615,0.14651805262740636,0.0,False,44,25,17,29,40
G,20230310_08,42,79,-3.1851880680583156,-3.066650950952493,-3.054760993038788,-3.0313941668465083,-2.947269791483155,-0.13042707501952755,-0.01188995791370484,0.0,0.0233668261922797,0.10749120155563308,0.0,False,39,32,18,26,41
G,20230310_08,43,78,-3.16656142965179,-3.066785143489957,-3.0574638408851973,-3.0253623740277407,-2.8946424308902565,-0.10909758876659259,-0.009321302604759829,0.0,0.03210146685745663,0.16282140999494077,2.220446049250313e-16,False,41,26,9,32,45
G,20230310_08,44,72,-3.2248349915561385,-3.1283309845321425,-3.1025587814458735,-3.063350309320124,-2.938596283768693,-0.12227621011026502,-0.02577220308626904,0.0,0.039208472125749516,0.16396249767718052,0.0,False,34,27,18,30,35
G,20230310_08,45,75,-3.125656035697909,-3.063857491732639,-3.0422220276287955,-3.0185251969251934,-2.938084488701615,-0.08343400806911339,-0.02163546410384365,0.0,0.023696830703602068,0.10413753892718036,0.0,False,53,24,15,27,31
G,20230310_08,46,77,-3.1943033238304266,-3.070587237473515,-3.036514089663876,-3.0247989619321114,-2.9339106898806437,-0.15778923416655077,-0.03407314780963899,0.0,0.011715127731764419,0.10260339978323207,0.0,False,40,36,21,28,30
G,20230310_08,47,79,-3.1320988880402707,-3.049968926766452,-3.0197270672506367,-2.996794869829103,-2.9200563086613007,-0.11237182078963404,-0.03024185951581515,0.0,0.02293219742153374,0.09967075858933594,0.0,False,49,37,9,26,30
G,20230310_08,48,78,-3.1472249632281213,-3.033928114461382,-3.019908339062814,-2.997812060305752,-2.9190246981285664,-0.12731662416530742,-0.014019775398568246,0.0,0.02209627875706177,0.10088364093424751,0.0,False,39,41,14,22,33
G,20230310_08,49,69,-3.192137992985299,-3.0959102729575023,-3.079116214863795,-3.025596891686396,-2.9001169158618043,-0.11302177812150394,-0.016794058093707154,0.0,0.05351932317739916,0.17899929900199085,0.0,False,29,28,20,32,32
G,20230310_08,50,76,-3.145954287712194,-3.076982015138297,-3.0620393193418582,-3.044890102651828,-2.947187389154953,-0.08391496837033596,-0.014942695796438699,0.0,0.017149216690030222,0.1148519301869051,2.220446049250313e-16,False,48,24,14,28,34
G,20230310_08,51,78,-3.1960375730925836,-3.1361163820138143,-3.0971661393134937,-3.0599990064859495,-2.9838323732015457,-0.09887143377908991,-0.03895024270032055,0.0,0.03716713282754425,0.11333376611194801,2.220446049250313e-16,False,41,25,18,25,41
G,20230310_08,52,74,-3.161410002798292,-3.0869135002570856,-3.0435329389387147,-3.0274401159213875,-2.937979465136406,-0.11787706385957719,-0.04338056131837087,0.0,0.016092823017327174,0.1055534738023085,0.0,False,45,20,17,22,32
G,20230310_08,53,78,-3.172757999719131,-3.07510846918099,-3.0657880439130776,-3.055424185833423,-2.925000861772631,-0.10696995580605329,-0.009320425267912213,0.0,0.010363858079654786,0.14078718214044672,0.0,False,44,35,13,34,30
G,20230310_08,54,76,-3.1759716129389766,-3.112601074158781,-3.0830143783482713,-3.062063387105399,-2.945747440061624,-0.09295723459070526,-0.029586695810509767,0.0,0.020950991242872252,0.13726693828664738,2.220446049250313e-16,False,43,22,15,27,47
G,20230310_08,55,80,-3.076827317156148,-2.994083455486358,-2.9680890934599136,-2.944780357529346,-2.8265789400953643,-0.10873822369623465,-0.02599436202644423,0.0,0.023308735930567703,0.1415101533645493,2.220446049250313e-16,False,48,43,13,23,32
G,20230310_08,56,78,-3.1409608091097674,-3.046326503953723,-3.0156293608034694,-2.999223201501804,-2.8804181504126904,-0.12533144830629794,-0.030697143150253403,0.0,0.016406159301665557,0.135211210390779,0.0,False,40,34,14,26,39
G,20230310_08,57,76,-3.179985013088575,-3.112691894965499,-3.0860441490331714,-3.061757095136423,-2.9476633960698595,-0.09394086405540358,-0.02664774593232755,0.0,0.024287053896748567,0.13838075296331187,0.0,False,36,29,19,33,36
G,20230310_08,58,79,-3.1406016832426866,-3.0782665794315207,-3.065798237656689,-3.050414998989294,-2.905626438564725,-0.07480344558599761,-0.012468341774831693,0.0,0.015383238667395105,0.16017179909196422,0.0,False,48,25,10,34,35
G,20230310_08,59,76,-3.1563297777128376,-3.0323737283412093,-3.016554532975465,-2.9971829775935563,-2.9061871054847335,-0.1397752447373728,-0.0158191953657445,0.0,0.01937155538190849,0.11036742749073136,0.0,False,39,44,12,29,27
G,20230310_08,60,74,-3.135918981282547,-3.054422944483873,-3.0390375068222815,-3.020182357724655,-2.882834481265226,-0.09688147446026552,-0.015385437661591617,0.0,0.018855149097626533,0.15620302555705567,0.0,False,42,30,13,31,35
G,20230310_08,61,78,-3.1221270431131583,-3.0663223119494263,-3.056727660076649,-3.0443885197432707,-2.942566670092246,-0.06539938303650938,-0.009594651872777415,0.0,0.012339140333378129,0.11416098998440294,2.220446049250313e-16,False,37,26,14,35,43
G,20230310_08,62,77,-3.105948684026591,-3.018280482581109,-2.9916694693222854,-2.9328790617679346,-2.8276732589473914,-0.11427921470430569,-0.026611013258823757,0.0,0.05879040755435083,0.16399621037489398,0.0,False,48,37,17,23,30
G,20230310_08,63,79,-3.16599600568804,-3.072542452449348,-3.0540882515777588,-3.0338758927934673,-2.9008119641124672,-0.11190775411028131,-0.018454200871589332,0.0,0.020212358784291506,0.15327628746529154,0.0,False,42,32,12,32,35
G,20230310_08,64,80,-3.1984135648701195,-3.10034094273134,-3.0852167987500096,-3.0540003779506306,-2.9294497046177357,-0.11319676612010987,-0.015124143981330551,0.0,0.03121642079937903,0.15576709413227396,0.0,False,38,28,14,37,41
G,20230310_08,65,79,-3.1623574550931783,-3.0748672707152656,-3.0580162505720137,-3.0358797570821783,-2.866087201610438,-0.10434120452116469,-0.016851020143251905,0.0,0.022136493489835374,0.1919290489615757,0.0,False,45,27,11,42,32
G,20230310_08,66,73,-3.1587138489274498,-3.0965720865228508,-3.0840404116167104,-3.068240604409481,-2.9993924102605813,-0.07467343731073939,-0.012531674906140378,0.0,0.0157998072072294,0.08464800135612904,0.0,False,43,30,11,25,39
G,20230310_08,67,78,-3.0916926870625847,-3.0265220437703886,-3.0164564779238114,-2.9939271044584768,-2.8845473823794734,-0.07523620913877327,-0.01006556584657714,0.0,0.02252937346533468,0.13190909554433805,0.0,False,49,27,13,33,35
G,20230310_08,68,80,-3.1207628782034664,-3.0574683909985825,-3.0476448058969132,-3.033736920389901,-2.930333072265382,-0.0731180723065532,-0.009823585101669252,0.0,0.013907885507012274,0.11731173363153102,0.0,False,53,26,15,30,34
G,20230310_08,69,77,-3.1402895322283886,-3.0822856188709067,-3.0710962886303896,-3.0653525092439082,-2.8888136931473767,-0.06919324359799894,-0.011189330240517048,0.0,0.005743779386481407,0.18228259548301295,0.0,False,32,26,17,40,40
G,20230310_08,70,73,-3.1819539831275416,-3.1003524291987747,-3.071794757605134,-3.0466645039832403,-2.928197093586572,-0.11015922552240776,-0.028557671593640865,0.0,0.025130253621893583,0.14359766401856167,0.0,False,32,31,16,32,41
G,20230310_08,71,78,-3.1075840628007465,-3.0221439530674163,-2.9963942938384704,-2.974688380889381,-2.916584657136398,-0.11118976896227606,-0.025749659228945898,0.0,0.021705912949089523,0.07980963670207242,0.0,False,44,37,9,21,43
G,20230310_08,72,72,-3.254383531664598,-3.1687665233916187,-3.1381359054082894,-3.1219149806474125,-3.047565773928947,-0.11624762625630858,-0.030630617983329333,0.0,0.016220924760876887,0.09057013147934256,0.0,False,33,25,12,22,50
G,20230310_08,73,72,-3.2021295577776616,-3.1375402419730962,-3.1155876509582985,-3.096717916915411,-2.9939587624820403,-0.08654190681936313,-0.02195259101479774,0.0,0.018869734042887387,0.12162888847625819,2.220446049250313e-16,False,48,22,15,21,38
G,20230310_08,74,74,-3.235870550859267,-3.135808183330861,-3.105223657815978,-3.0815030027437134,-2.9654938182475963,-0.1306468930432887,-0.030584525514882888,0.0,0.02372065507226484,0.13972983956838192,2.220446049250313e-16,False,34,30,17,29,42
G,20230310_08,75,75,-3.216017228121703,-3.131915206519262,-3.1082265173704986,-3.0732725376171213,-2.974955381089699,-0.10779071075120461,-0.02368868914876332,0.0,0.03495397975337733,0.13327113628079967,0.0,False,30,28,25,24,40
G,20230310_08,76,80,-3.033670343514323,-2.961352344438625,-2.9315720730635006,-2.9138668074012037,-2.791951947524297,-0.10209827045082243,-0.02978027137512429,0.0,0.01770526566229691,0.13962012553920378,0.0,False,54,31,13,24,35
G,20230310_08,77,79,-3.1376736920926427,-3.0348190313601315,-3.0171042899680383,-2.997172850397962,-2.8936762998656773,-0.12056940212460443,-0.01771474139209328,0.0,0.019931439570076037,0.12342799010236094,0.0,False,41,34,14,32,35
G,20230310_08,78,76,-3.1507085967769655,-3.0762791929530535,-3.0691032080900618,-3.048622761394095,-2.9302832009247366,-0.0816053886869037,-0.007175984862991758,0.0,0.020480446695966936,0.13882000716532517,0.0,False,44,31,12,25,38
G,20230310_08,79,79,-3.159719676665447,-3.044296073976933,-3.013337299701359,-3.0024671497756286,-2.891682998021822,-0.14638237696408796,-0.03095877427557392,0.0,0.010870149925730654,0.12165430167953728,0.0,False,36,37,17,36,29
G,20230310_08,80,80,-3.1482274476348486,-3.0902163321252965,-3.0767402518354636,-3.0688585715619676,-2.9813348425229904,-0.071487195799385,-0.013476080289832826,0.0,0.007881680273496006,0.09540540931247321,2.220446049250313e-16,False,44,30,14,34,33
G,20230310_08,81,79,-3.066256451261507,-2.9842368078127928,-2.9576875703776144,-2.942406138656841,-2.8700449926970046,-0.1085688808838925,-0.02654923743517834,0.0,0.01528143172077323,0.08764257768060979,0.0,False,42,32,20,24,40
G,20230310_08,82,79,-3.11304696238388,-3.062572650570423,-3.049355548734112,-3.02753018973086,-2.9691436634474155,-0.06369141364976771,-0.013217101836310974,0.0,0.02182535900325222,0.08021188528669665,0.0,False,54,25,15,24,39
G,20230310_08,83,80,-3.1142201121950706,-3.0518682675680395,-3.043039180225138,-3.0338149642600283,-2.9628746295422586,-0.07118093196993236,-0.008829087342901332,0.0,0.009224215965109916,0.08016455068287964,2.220446049250313e-16,False,37,32,15,31,45
G,20230310_08,84,75,-3.12934924111451,-3.0799432428407614,-3.0719975614293302,-3.0560072043071798,-3.0074621514481805,-0.057351679685179846,-0.00794568141143115,0.0,0.015990357122150467,0.0645354099811497,0.0,False,45,27,11,21,46
G,20230310_08,85,79,-3.1523311525571147,-3.0726066932873732,-3.0378859050262643,-3.026558522088058,-2.9678398504079464,-0.11444524753085039,-0.034720788261108915,0.0,0.01132738293820612,0.07004605461831792,0.0,False,42,29,10,30,44
G,20230310_08,86,80,-3.220785213864053,-3.1295999267390444,-3.0974010960942975,-3.0582533011751285,-2.939452565510368,-0.12338411776975544,-0.032198830644746934,0.0,0.03914779491916898,0.15794853058392944,0.0,False,33,34,23,37,29
G,20230310_08,87,76,-3.163187785638795,-3.101704319615691,-3.090044365747039,-3.0512841855582415,-2.9509312584452108,-0.07314341989175599,-0.011659953868651929,0.0,0.038760180188797566,0.13911310730182835,0.0,False,41,28,19,33,33
G,20230310_08,88,79,-3.1271141622828535,-3.011923625942762,-2.9809026220246286,-2.950545131262337,-2.848817142097496,-0.14621154025822491,-0.03102100391813334,0.0,0.03035749076229166,0.1320854799271327,0.0,False,39,31,12,28,45
G,20230310_08,89,79,-3.1955793211792294,-3.096785841848186,-3.0765506201194963,-3.0438923017982575,-2.94850324908331,-0.11902870105973307,-0.020235221728689634,0.0,0.03265831832123878,0.12804737103618624,0.0,False,45,29,13,21,43
G,20230310_08,90,76,-3.110773018601586,-3.0290188247650223,-3.0151848352639927,-2.994545146824297,-2.867164279823283,-0.09558818333759334,-0.013833989501029542,0.0,0.020639688439695547,0.1480205554407097,0.0,False,61,22,14,22,32
G,20230310_08,91,80,-3.1096188739243527,-3.0702816781899953,-3.052534471523879,-3.0248311924697564,-2.951785061091424,-0.05708440240047352,-0.017747206666116178,0.0,0.02770327905412273,0.10074941043245511,0.0,False,39,20,15,26,58
G,20230310_08,92,79,-3.069183200421997,-2.996924473824252,-2.9584639356775,-2.9523790687748197,-2.872371198143396,-0.110719264744497,-0.03846053814675221,0.0,0.006084866902680286,0.08609273753410385,0.0,False,45,29,18,31,35
G,20230310_08,93,75,-3.119230146914198,-3.0338456950844273,-3.0238076717599336,-2.999572784865803,-2.926708447186244,-0.0954224751542645,-0.010038023324493661,0.0,0.024234886894130447,0.09709922457368947,0.0,False,41,32,15,30,36
G,20230310_08,94,77,-3.118235590148014,-3.039836849938046,-3.0166561382061894,-3.0086329212540366,-2.9439098377940307,-0.1015794519418245,-0.02318071173185654,0.0,0.0080232169521528,0.07274630041215868,0.0,False,31,32,12,27,53
H,20221115_09,5,37,-3.136634364467596,-2.916027342552025,-2.8850355941948758,-2.8726014185271875,-2.801747243998124,-0.25159877027272026,-0.03099174835714935,0.0,0.01243417566768823,0.08328835019675163,0.0,False,12,15,9,13,18
H,20221115_09,6,21,-2.9177609186482854,-2.76573206937106,-2.7415315009450367,-2.7321015598598675,-2.460005213058888,-0.17622941770324863,-0.02420056842602314,0.0,0.009429941085169258,0.28152628788614864,0.0,False,10,5,3,9,14
H,20221115_09,7,35,-2.9030775388107606,-2.7896007348657905,-2.7395105238104285,-2.7243904987685363,-2.6506649868941077,-0.1635670150003321,-0.050090211055362044,0.0,0.015120025041892138,0.0888455369163208,0.0,False,14,8,6,12,23
H,20221115_09,8,32,-3.0111194524014255,-2.890206472245274,-2.885338713702152,-2.8808148339408457,-2.815393589198275,-0.12578073869927353,-0.004867758543122047,0.0,0.004523879761306304,0.06994512450387713,0.0,False,16,14,4,14,21
H,20221115_09,9,35,-3.0446411537526994,-2.9028679364285948,-2.89265175156409,-2.8833022554879117,-2.7841220276786567,-0.15198940218860946,-0.010216184864504818,0.0,0.009349496076178188,0.10852972388543325,0.0,False,19,10,4,16,17
H,20221115_09,10,24,-2.9508772728438846,-2.746676697382531,-2.7379771168005265,-2.7223682100539244,-2.6269647639357268,-0.2129001560433581,-0.008699580582004707,0.0,0.015608906746602091,0.11101235286479971,2.220446049250313e-16,False,9,14,2,10,12
H,20221115_09,11,25,-2.7924753463111336,-2.7061202878286954,-2.665343147135088,-2.618373923604634,-2.578693813233728,-0.12713219917604546,-0.04077714069360727,0.0,0.04696922353045396,0.08664933390136031,0.0,False,11,6,6,6,20
H,20221115_09,12,31,-3.0868820532786208,-2.967513176045806,-2.9386109558885414,-2.9273859357638297,-2.823666403444423,-0.14827109739007938,-0.028902220157264402,0.0,0.011225020124711715,0.11494455244411839,0.0,False,11,12,5,8,14
H,20221115_09,13,27,-2.936425053609688,-2.7466394045918836,-2.73678855851575,-2.693012600474369,-2.6051644699950054,-0.19963649509393822,-0.009850846076133735,0.0,0.04377595804138101,0.13162408852074448,0.0,False,11,14,6,12,12
H,20221115_09,14,22,-2.8867568630786575,-2.7375921845659006,-2.703348278791359,-2.660144772743267,-2.5589590074532405,-0.18340858428729856,-0.034243905774541616,0.0,0.04320350604809198,0.14438927133811852,2.220446049250313e-16,False,13,13,3,6,6
H,20221115_09,15,14,-2.648163666386492,-2.479935422825261,-2.4561626119116147,-2.431243349172179,-2.3401978731319755,-0.19200105447487736,-0.023772810913646136,0.0,0.024919262739435677,0.1159647387796392,0.0,False,31,5,2,2,4
H,20221115_09,16,15,-2.802234829710801,-2.6889917197289943,-2.6555762383535124,-2.592271977994931,-2.4845538915507452,-0.14665859135728843,-0.03341548137548189,0.0,0.06330426035858139,0.17102234680276718,0.0,False,18,12,4,5,4
H,20221115_09,17,35,-2.887025816450663,-2.755246381903407,-2.728229707171456,-2.710784208845113,-2.6590902337329414,-0.15879610927920718,-0.02701667473195135,0.0,0.01744549832634279,0.06913947343851445,0.0,False,20,13,6,12,21
H,20221115_09,18,43,-3.012984373177568,-2.7221499540791134,-2.700162791801917,-2.6626209454201564,-2.5930479823915062,-0.31282158137565075,-0.021987162277196326,0.0,0.037541846381760724,0.10711480941041085,0.0,False,18,17,9,12,17
H,20221115_09,19,12,-2.874926659692502,-2.6990319021842177,-2.6739039475838045,-2.6459245109515748,-2.54794515114924,-0.20102271210869738,-0.025127954600413283,0.0,0.02797943663222968,0.1259587964345643,0.0,False,12,9,4,9,15
H,20221115_09,20,40,-2.9225371953813273,-2.811194491519853,-2.7784610680177813,-2.7653252660789693,-2.6812189822440455,-0.14407612736354602,-0.032733423502071535,0.0,0.01313580193881192,0.09724208577373572,0.0,False,17,19,6,16,20
H,20221115_09,21,26,-2.9797764311907105,-2.794108986825062,-2.7851831073642597,-2.735419470219998,-2.632051610715887,-0.19459332382645078,-0.008925879460802477,0.0,0.049763637144261796,0.15313149664837278,0.0,False,11,8,4,8,16
H,20221115_09,22,31,-2.9344168045472054,-2.8565780972604244,-2.845275807908414,-2.820398643678347,-2.7378398689490124,-0.08914099663879149,-0.011302289352010497,0.0,0.024877164230066917,0.10743593895940151,0.0,False,15,10,9,11,16
H,20221115_09,23,17,-3.0228813482280343,-2.938586893984012,-2.931555818554185,-2.910099482211141,-2.8509609980947856,-0.09132552967384955,-0.007031075429827283,0.0,0.02145633634304378,0.08059482045939914,0.0,False,9,4,1,4,22
H,20221115_09,24,16,-2.9919274332317674,-2.870562809625031,-2.8464530035908773,-2.8326617867781,-2.77624349512348,-0.14547442964089008,-0.024109806034153802,0.0,0.013791216812777396,0.07020950846739726,2.220446049250313e-16,False,9,5,3,4,16
H,20221115_09,25,32,-2.8729415305067847,-2.7419307984821595,-2.7126745345892527,-2.6527224364206696,-2.5925172266230065,-0.16026699591753202,-0.02925626389290681,0.0,0.059952098168583046,0.12015730796624613,2.220446049250313e-16,False,15,9,7,10,14
H,20221115_09,26,22,-3.123580351755642,-2.751818966905536,-2.735493699888675,-2.70913990346622,-2.555319508171096,-0.388086651866967,-0.01632526701686121,0.0,0.026353796422454945,0.18017419171757876,2.220446049250313e-16,False,13,7,4,21,13
H,20221115_09,27,36,-2.9367937469793137,-2.704561850001777,-2.686736377415924,-2.6602507500672354,-2.6191884989427514,-0.25005736956338964,-0.017825472585852875,0.0,0.026485627348688645,0.06754787847317267,0.0,False,21,13,9,9,18
H,20221115_09,28,37,-2.7594153535430497,-2.714244680567839,-2.7104483944455007,-2.6992692697757623,-2.665966621482232,-0.048966959097549,-0.003796286122338177,0.0,0.01117912466973836,0.04448177296326872,0.0,False,21,10,4,8,16
H,20221115_09,29,34,-2.861944788268343,-2.7735905584205227,-2.762825616552108,-2.7396767039106944,-2.669975585541448,-0.09911917171623497,-0.010764941868414812,0.0,0.0231489126414135,0.0928500310106597,0.0,False,18,11,4,10,22
H,20221115_09,30,41,-2.9210561449632,-2.7501350179827546,-2.734151853035173,-2.69488672932646,-2.6338551543227653,-0.18690429192802727,-0.015983164947581674,0.0,0.039265123708712935,0.10029669871240765,0.0,False,19,19,6,14,27
H,20221115_09,31,38,-2.849156026163458,-2.684844105180606,-2.666858346984484,-2.652219979451833,-2.556522972517524,-0.18229767917897366,-0.017985758196121804,0.0,0.014638367532651131,0.11033537446696018,2.220446049250313e-16,False,14,8,4,11,15
H,20221115_09,32,31,-2.911983371800132,-2.747969845265489,-2.743750657446638,-2.7304293094928607,-2.65940886782035,-0.16823271435349385,-0.004219187818851111,0.0,0.013321347953777263,0.08434178962628813,0.0,False,14,13,3,10,22
H,20221115_09,33,43,-2.7762262674455362,-2.6498013485659224,-2.622984769382358,-2.5849920456451385,-2.495329131073081,-0.15324149806317822,-0.026816579183564393,0.0,0.037992723737219514,0.12765563830927684,0.0,False,25,14,9,19,18
H,20221115_09,34,41,-2.8202288842039933,-2.6342108847307704,-2.6230221806420047,-2.608237267729752,-2.543241872055721,-0.19720670356198866,-0.01118870408876571,0.0,0.01478491291225259,0.0797803085862836,0.0,False,22,21,5,17,21
H,20221115_09,35,31,-2.803303188847506,-2.7158375589639956,-2.7071135166829974,-2.6522814660587697,-2.5461790778110296,-0.0961896721645088,-0.008724042280998212,0.0,0.05483205062422769,0.1609344388719678,0.0,False,17,17,6,12,13
H,20221115_09,36,42,-2.925704334910864,-2.8485119130257486,-2.8271683721812435,-2.775517324707918,-2.679329341591347,-0.09853596272962051,-0.02134354084450507,0.0,0.051651047473325384,0.14783903058989667,0.0,False,21,11,10,18,25
H,20221115_09,37,36,-2.88814544997422,-2.7763354662988284,-2.751292823447279,-2.727707267702024,-2.660363145889457,-0.13685262652694075,-0.025042642851549335,0.0,0.023585555745254894,0.09092967755782189,0.0,False,22,10,6,11,11
H,20221115_09,38,22,-2.8971939806900493,-2.798218689344969,-2.7775912433512113,-2.752443491424859,-2.6798234242168633,-0.11960273733883797,-0.020627445993757654,0.0,0.025147751926352324,0.09776781913434807,2.220446049250313e-16,False,25,9,7,11,11
H,20221115_09,39,25,-2.762956552510224,-2.604315272106733,-2.594341142304176,-2.5891416845556665,-2.484128264183083,-0.1686154102060482,-0.009974129802556853,0.0,0.005199457748509495,0.11021287812109293,0.0,False,17,15,5,11,11
H,20221115_09,40,35,-2.9128442573247835,-2.636804741523365,-2.629825626700306,-2.620656867232969,-2.5290375203358977,-0.2830186306244773,-0.006979114823058907,0.0,0.009168759467337306,0.10078810636440849,0.0,False,18,25,3,16,13
H,20221115_09,41,37,-2.7864720766415347,-2.6485622654862064,-2.6300733389537787,-2.605526508871798,-2.5610037859567667,-0.15639873768775603,-0.01848892653242773,0.0,0.024546830081980886,0.06906955299701201,0.0,False,24,11,4,9,30
H,20221115_09,42,29,-2.70879122513381,-2.5751952245562895,-2.5603526361553803,-2.557704884545449,-2.475346765265372,-0.14843858897842965,-0.014842588400909129,0.0,0.002647751609931248,0.08500587089000833,0.0,False,16,20,4,12,22
H,20221115_09,43,40,-2.808536161833189,-2.603285126627654,-2.585140675841541,-2.5692104762986103,-2.475757974679926,-0.22339548599164827,-0.018144450786113264,0.0,0.015930199542930623,0.10938270116161508,0.0,False,17,19,9,20,15
H,20221115_09,44,22,-2.83619706749329,-2.6798624388733394,-2.667338247534898,-2.6642367934240396,-2.59427190783711,-0.16885881995839203,-0.012524191338441515,0.0,0.0031014541108582705,0.07306633969778797,0.0,False,16,18,3,11,11
H,20221115_09,45,42,-3.0061283029819568,-2.817873437132443,-2.764777184594458,-2.754494760825892,-2.658514347532189,-0.2413511183874988,-0.05309625253798522,0.0,0.01028242376856614,0.10626283706226891,0.0,False,16,17,6,18,27
H,20221115_09,46,46,-2.7721857980220697,-2.69441344574338,-2.6806621172949407,-2.673005414457403,-2.6284026581656468,-0.09152368072712891,-0.013751328448439182,0.0,0.007656702837537832,0.05225945912929397,0.0,False,35,15,10,13,18
H,20221115_09,47,46,-2.895283437477724,-2.7597885533542463,-2.7336006050847157,-2.6427446757750603,-2.571275753813971,-0.16168283239300818,-0.026187948269530636,0.0,0.09085592930965536,0.16232485127074447,0.0,False,23,17,16,12,15
H,20221115_09,48,47,-2.9691598789892355,-2.7833113697699874,-2.7745413093766613,-2.75600227632231,-2.698776651766858,-0.19461856961257418,-0.008770060393326062,0.0,0.01853903305435134,0.07576465760980344,0.0,False,16,12,5,11,21
H,20221115_09,49,37,-2.828457085713604,-2.731400903158638,-2.7184671121616213,-2.6948697434506634,-2.6210257294551944,-0.1099899735519827,-0.012933790997016636,0.0,0.023597368710957856,0.09744138270642688,0.0,False,25,14,5,18,23
H,20221115_09,50,23,-2.7320041529053434,-2.600528672899241,-2.575296731229965,-2.572952449822068,-2.4420388715053165,-0.15670742167537854,-0.025231941669276114,0.0,0.0023442814078968865,0.13325785972464832,0.0,False,18,11,4,22,8
H,20221115_09,51,41,-3.1051664979629963,-2.765865179372791,-2.740907910855781,-2.726756394680941,-2.574670479804653,-0.36425858710721526,-0.02495726851701008,0.0,0.014151516174839784,0.16623743105112787,0.0,False,13,16,7,26,24
H,20221115_09,52,34,-2.727279533930306,-2.6403165608088464,-2.63341427332538,-2.6257547286515406,-2.5657654643820846,-0.09386526060492617,-0.0069022874834665515,0.0,0.007659544673839225,0.06764880894329517,0.0,False,11,8,4,6,16
H,20221115_09,53,41,-2.7418780109721754,-2.6003743295571784,-2.5939250224567103,-2.5722496280644567,-2.5311487442965968,-0.14795298851546512,-0.0064493071004680935,0.0,0.021675394392253633,0.06277627816011355,0.0,False,15,22,5,16,18
H,20221115_09,54,41,-2.710134824721275,-2.651022991209271,-2.64028569651047,-2.6196613790900583,-2.5871715338600985,-0.06984912821080469,-0.010737294698800692,0.0,0.02062431742041193,0.05311416265037172,0.0,False,26,13,9,10,23
H,20221115_09,55,40,-2.8279774180327473,-2.747140670701216,-2.7206762339193276,-2.6902428550864723,-2.628831224392355,-0.10730118411341971,-0.026464436781888256,0.0,0.03043337883285524,0.09184500952697272,0.0,False,18,10,14,13,21
H,20221115_09,56,37,-2.907157091930885,-2.793880874221337,-2.785391484480291,-2.7519892647150224,-2.6638947133390967,-0.12176560745059373,-0.008489389741045628,0.0,0.033402219765268804,0.1214967711411945,0.0,False,16,10,5,9,20
H,20221115_09,57,27,-2.788474097836115,-2.6773319268563336,-2.645149980871889,-2.6425099471591578,-2.5511622473583246,-0.1433241169642261,-0.03218194598444457,0.0,0.002640033712731249,0.09398773351356438,0.0,False,13,6,4,9,15
H,20221115_09,58,44,-2.744794794184221,-2.5236598576806197,-2.5193643946896698,-2.4978124185279174,-2.4297132809695965,-0.22543039949455101,-0.004295462990949961,0.0,0.021551976161752417,0.08965111372007328,2.220446049250313e-16,False,20,26,6,20,12
H,20221115_09,59,32,-2.7530622510375924,-2.646241821656408,-2.619433179475517,-2.6098667951811105,-2.5780793266961446,-0.13362907156207537,-0.026808642180891074,0.0,0.009566384294406483,0.041353852779372424,0.0,False,27,16,5,10,15
H,20221115_09,60,32,-2.6425144128295566,-2.5693472537102693,-2.526321709472975,-2.5187806807066146,-2.4697780167429846,-0.11619270335658172,-0.04302554423729443,0.0,0.007541028766360203,0.05654369272999027,2.220446049250313e-16,False,33,15,12,8,11
H,20221115_09,61,38,-2.8095259809086075,-2.5529540163431426,-2.5140943608121757,-2.500837290453572,-2.4326634073914533,-0.29543162009643176,-0.03885965553096682,0.0,0.013257070358603684,0.08143095342072248,2.220446049250313e-16,False,20,21,7,13,12
H,20221115_09,62,32,-2.7923903000589414,-2.6442716974374676,-2.6327785469925473,-2.6283511087113576,-2.5542159110916245,-0.15961175306639408,-0.011493150444920275,0.0,0.004427438281189744,0.07856263590092283,2.220446049250313e-16,False,14,21,5,10,12
H,20221115_09,63,29,-2.882427028544388,-2.7831899897220396,-2.731607688064851,-2.6960267644466223,-2.583121043240502,-0.15081934047953682,-0.051582301657188356,0.0,0.035580923618228955,0.14848664482434915,0.0,False,13,7,5,9,22
H,20221115_09,64,16,-2.7935343625854534,-2.694395595105105,-2.577032981466137,-2.4609648252134275,-2.310603702039873,-0.2165013811193166,-0.11736261363896805,0.0,0.11606815625270928,0.26642927942626393,0.0,False,9,5,8,6,4
H,20221115_09,65,30,-2.7901720101537113,-2.7154416407521382,-2.7039679805540455,-2.6731796832157655,-2.633217536922978,-0.08620402959966578,-0.011473660198092706,0.0,0.030788297338280035,0.0707504436310673,2.220446049250313e-16,False,15,11,6,8,12
H,20221115_09,66,23,-2.8653003072757413,-2.775894400617565,-2.7627444691609915,-2.7537180860761135,-2.6872885973672602,-0.10255583811474978,-0.013149931456573505,0.0,0.00902638308487802,0.07545587179373126,0.0,False,20,11,4,11,14
H,20221115_09,67,35,-2.8905567508711214,-2.7171606566214113,-2.681385365875156,-2.650590653943384,-2.5999840985614675,-0.20917138499596533,-0.035775290746255184,0.0,0.030794711931771968,0.08140126731368857,0.0,False,19,21,6,8,9
H,20221115_09,68,19,-3.0704623445110286,-2.8791645549618576,-2.872519590817807,-2.870700964741482,-2.7666473675233716,-0.19794275369322145,-0.006644964144050469,0.0,0.0018186260763251028,0.10587222329443557,0.0,False,10,7,1,18,19
H,20221115_09,69,7,-3.0834701280550494,-2.908878815914023,-2.901749862417384,-2.874983201570191,-2.8061452720424347,-0.18172026563766552,-0.007128953496639223,0.0,0.026766660847192814,0.09560459037494917,0.0,False,2,1,1,2,3
H,20221115_09,70,6,-3.3182479505493996,-3.28581810014928,-3.2793797765286863,-3.2729414529080922,-3.1069993083568708,-0.0388681740207133,-0.0064383236205936,0.0,0.006438323620594044,0.17238046817181552,2.220446049250313e-16,False,4,2,0,1,5
H,20221115_09,71,15,-2.951972131035285,-2.834187718230278,-2.826381438672263,-2.8161350179754088,-2.7917362759636997,-0.1255906923630219,-0.007806279558014939,0.0,0.01024642069685422,0.034645162708563326,0.0,False,11,8,1,3,6
H,20221115_09,72,18,-3.1738116854673697,-2.992263970381915,-2.9805827223597148,-2.9694485336922365,-2.90679497091745,-0.19322896310765492,-0.011681248022200386,0.0,0.011134188667478284,0.07378775144226468,0.0,False,10,5,2,3,24
H,20221115_09,73,13,-3.0079508520874687,-2.891013352384668,-2.881517743227898,-2.8636391872902713,-2.835135847274618,-0.1264331088595707,-0.009495609156770168,0.0,0.01787855593762666,0.046381895953279795,0.0,False,11,12,2,4,11
H,20221115_09,74,36,-2.979979541126057,-2.8142007945863328,-2.808894302642464,-2.7837080737232855,-2.7280712809935963,-0.17108523848359303,-0.005306491943868785,0.0,0.025186228919178433,0.08082302164886768,0.0,False,15,30,4,12,11
H,20221115_09,75,29,-2.9981980233080514,-2.8808300890138314,-2.8651007173607885,-2.8468945498253904,-2.79128974489935,-0.13309730594726288,-0.01572937165304289,0.0,0.018206167535398166,0.07381097246143842,0.0,False,11,11,6,9,11
H,20221115_09,76,22,-2.9196996932123764,-2.810844318969566,-2.7949828928095006,-2.7706055883508633,-2.734401491438325,-0.1247168004028758,-0.015861426160065584,0.0,0.024377304458637283,0.06058140137117585,0.0,False,12,8,7,7,13
H,20221115_09,77,18,-2.9596286074871543,-2.8907851326617573,-2.8635307036631445,-2.855114409934654,-2.761649667756954,-0.09609790382400973,-0.027254428998612745,0.0,0.008416293728490398,0.10188103590619058,0.0,False,12,5,5,17,11
H,20221115_09,78,35,-2.952355533800029,-2.882956127695355,-2.8814237229683437,-2.859720523299961,-2.7567142725665317,-0.0709318108316852,-0.0015324047270111052,0.0,0.021703199668382744,0.12470945040181203,0.0,False,18,13,3,16,13
H,20221115_09,79,31,-3.1742377934068315,-2.973663671001642,-2.9622159169498685,-2.9561444481425854,-2.8548109603425997,-0.21202187645696302,-0.011447754051773451,0.0,0.0060714688072831535,0.10740495660726879,0.0,False,10,12,3,9,15
H,20221115_09,80,31,-3.0309218912727998,-2.905588623310962,-2.8713796165497074,-2.8373981282239042,-2.7970903421096507,-0.15954227472309235,-0.03420900676125438,0.0,0.033981488325803166,0.07428927444005673,0.0,False,14,13,11,9,15
H,20221115_09,81,22,-3.1065784448534557,-2.8936248484618057,-2.87818967994552,-2.8678935343730005,-2.7929654840858973,-0.22838876490793547,-0.015435168516285458,0.0,0.010296145572519677,0.08522419585962293,2.220446049250313e-16,False,9,12,3,8,14
H,20221115_09,82,26,-3.069674243793145,-2.9410583922999796,-2.9336698742574727,-2.9253194076701585,-2.8789526949361015,-0.13600436953567208,-0.007388518042506842,0.0,0.008350466587314198,0.05471717932137121,2.220446049250313e-16,False,11,12,2,6,24
H,20221115_09,83,30,-2.9100782581040603,-2.8473716740525505,-2.842549013243713,-2.8359015556120277,-2.7632251219173374,-0.0675292448603475,-0.004822660808837753,0.0,0.006647457631685061,0.0793238913263754,2.220446049250313e-16,False,19,9,4,17,15
H,20221115_09,84,33,-2.9938158521024145,-2.9032231775383823,-2.893098607443985,-2.8805562545490333,-2.764552773210303,-0.10071724465842946,-0.010124570094397267,0.0,0.012542352894951758,0.12854583423368204,0.0,False,13,12,5,12,17
H,20221115_09,85,26,-2.987647441719491,-2.8694244718395634,-2.8677948932492314,-2.8590000634327204,-2.7984129004231595,-0.11985254847025972,-0.0016295785903319704,0.0,0.00879482981651103,0.06938199282607194,0.0,False,14,8,4,12,14
H,20221115_09,86,20,-3.127483211088026,-2.9614048425357713,-2.9437951026913334,-2.919175796545779,-2.8392125015394933,-0.18368810839669258,-0.01760973984443792,0.0,0.024619306145554187,0.10458260115184004,2.220446049250313e-16,False,11,9,2,12,22
H,20221115_09,87,22,-3.0577077291991346,-2.9493998424494112,-2.9175617362415496,-2.88976167839667,-2.860471646448651,-0.140145992957585,-0.03183810620786165,0.0,0.0278000578448796,0.057090089792898535,2.220446049250313e-16,False,10,7,4,6,22
H,20221115_09,88,26,-2.9067933471553817,-2.803522416234182,-2.787780272003686,-2.7818921473502103,-2.7420728971997104,-0.11901307515169579,-0.015742144230495914,0.0,0.005888124653475657,0.045707374803975576,2.220446049250313e-16,False,17,11,3,15,11
H,20221115_09,89,30,-2.9570574467190833,-2.860997082565816,-2.854814777629371,-2.839553197578013,-2.7974835773788076,-0.10224266908971247,-0.0061823049364453375,0.0,0.015261580051357804,0.05733120025056326,2.220446049250313e-16,False,21,13,5,12,19
H,20221115_09,90,38,-2.898610379680805,-2.8084058957030003,-2.7991516695294214,-2.789207854612087,-2.692553384121861,-0.09945871015138374,-0.00925422617357885,0.0,0.009943814917334315,0.10659828540756022,2.220446049250313e-16,False,22,15,6,16,17
H,20221115_09,91,36,-2.9659691438452347,-2.881042477101898,-2.8550085038212387,-2.845476349711235,-2.792182951684133,-0.11096064002399597,-0.02603397328065915,0.0,0.009532154110003521,0.0628255521371055,2.220446049250313e-16,False,17,11,8,11,20
H,20221115_09,92,29,-2.94159952513298,-2.8264078824487653,-2.81586226148085,-2.8088243928737695,-2.7329863769638987,-0.1257372636521299,-0.010545620967915337,0.0,0.007037868607080444,0.08287588451695127,0.0,False,18,13,3,10,16
H,20221115_09,93,31,-3.0235339288531513,-2.876170274883349,-2.8618953286580107,-2.844861877633124,-2.8039208325806104,-0.16163860019514065,-0.014274946225338425,0.0,0.017033451024886848,0.05797449607740024,0.0,False,14,16,6,9,12
H,20221115_09,94,34,-3.0121291952691855,-2.9295967770544555,-2.893820623079998,-2.880327007317177,-2.7983493804754103,-0.11830857218918744,-0.035776153974457436,0.0,0.013493615762821154,0.09547124260458784,2.220446049250313e-16,False,12,9,10,17,16
