fish_id,condition_id,Selected block,Selected block order,Fish median response / baseline,Contributing trials,Eligible,Ineligible reason
20230227_03,control,PTr,0,1.0311273851211282,5,True,
20230227_03,control,ETe,1,1.024593792309699,5,True,
20230227_03,control,LTe,2,1.0274624699865849,5,True,
20230227_06,control,PTr,0,0.9891015446368,5,True,
20230227_06,control,ETe,1,1.0084916770169539,5,True,
20230227_06,control,LTe,2,1.0307769547493326,5,True,
20230228_02,control,PTr,0,1.0081307154609433,5,True,
20230228_02,control,ETe,1,1.0158687097934793,5,True,
20230228_02,control,LTe,2,0.9932557375021928,5,True,
20230228_05,control,PTr,0,1.0028546454061626,5,True,
20230228_05,control,ETe,1,1.0361489217319837,5,True,
20230228_05,control,LTe,2,0.9848056766929396,5,True,
20230228_08,control,PTr,0,1.0037225427299492,5,True,
20230228_08,control,ETe,1,1.0127752607691445,5,True,
20230228_08,control,LTe,2,1.0148533227477998,5,True,
20230228_11,control,PTr,0,1.0143195875213191,5,True,
20230228_11,control,ETe,1,1.0221463103718766,5,True,
20230228_11,control,LTe,2,1.0206220374619206,5,True,
20230301_01,control,PTr,0,1.0091503676580513,5,True,
20230301_01,control,ETe,1,1.016233411556643,5,True,
20230301_01,control,LTe,2,0.9717129914234565,5,True,
20230301_04,control,PTr,0,0.9904466864667028,5,True,
20230301_04,control,ETe,1,1.0516411798504828,5,True,
20230301_04,control,LTe,2,1.0226265351535393,5,True,
20230301_07,control,PTr,0,0.944162762415661,5,True,
20230301_07,control,ETe,1,1.0276468699609709,5,True,
20230301_07,control,LTe,2,0.9952681527367198,5,True,
20230301_10,control,PTr,0,1.0115917030666828,5,True,
20230301_10,control,ETe,1,1.0001154017027498,5,True,
20230301_10,control,LTe,2,1.0547098362959153,5,True,
20230302_08,control,PTr,0,1.0133627512381185,5,True,
20230302_08,control,ETe,1,1.050822546830649,5,True,
20230302_08,control,LTe,2,0.9985940830461745,5,True,
20230302_09,control,PTr,0,0.9788695127234673,5,True,
20230302_09,control,ETe,1,0.9938620235937081,5,True,
20230302_09,control,LTe,2,1.006905750347411,5,True,
20230315_05,control,PTr,0,1.054850583592822,5,True,
20230315_05,control,ETe,1,1.0059440123551766,5,True,
20230315_05,control,LTe,2,1.0053897333034858,5,True,
20230315_08,control,PTr,0,1.1410241975213131,5,True,
20230315_08,control,ETe,1,1.0141817282269852,5,True,
20230315_08,control,LTe,2,1.0544730487690546,5,True,
20230315_10,control,PTr,0,1.0686103700203147,5,True,
20230315_10,control,ETe,1,0.9989776257559667,5,True,
20230315_10,control,LTe,2,1.1642689507001134,5,True,
20230315_11,control,PTr,0,1.0100674577857,5,True,
20230315_11,control,ETe,1,1.0419553208079464,5,True,
20230315_11,control,LTe,2,0.9838572185009068,5,True,
20230316_02,control,PTr,0,1.009231643721321,5,True,
20230316_02,control,ETe,1,1.0000066238923577,5,True,
20230316_08,control,PTr,0,0.9316798204557347,5,True,
20230316_08,control,ETe,1,1.0169710991725673,5,True,
20230316_08,control,LTe,2,1.0318997500257274,5,True,
20230316_11,control,PTr,0,1.012817892396556,5,True,
20230316_11,control,ETe,1,0.9762488291865815,5,True,
20230316_11,control,LTe,2,0.9947753412190027,5,True,
20230306_01,trace,PTr,0,0.9954549559257789,5,True,
20230306_01,trace,ETe,1,0.9963148766377039,5,True,
20230306_01,trace,LTe,2,0.9798214086272705,5,True,
20230306_07,trace,PTr,0,0.9597256456667927,5,True,
20230306_07,trace,ETe,1,1.0187964327965695,5,True,
20230306_07,trace,LTe,2,1.0284080731945924,5,True,
20230306_10,trace,PTr,0,0.9972894765045265,5,True,
20230306_10,trace,ETe,1,0.7873043083965849,5,True,
20230306_10,trace,LTe,2,0.9440552060887152,5,True,
20230307_03,trace,PTr,0,1.0393779310981703,5,True,
20230307_03,trace,ETe,1,1.0201061905537667,5,True,
20230307_03,trace,LTe,2,0.9733213093721971,5,True,
20230307_06,trace,PTr,0,0.9997358269130842,5,True,
20230307_06,trace,ETe,1,0.9909535061804272,5,True,
20230307_06,trace,LTe,2,1.0171564753449127,5,True,
20230307_09,trace,PTr,0,0.9993314381675328,5,True,
20230307_09,trace,ETe,1,0.9227713890773358,5,True,
20230307_09,trace,LTe,2,1.0081756034372007,5,True,
20230307_12,trace,PTr,0,0.9938488016246967,5,True,
20230307_12,trace,ETe,1,1.0060681531039837,5,True,
20230307_12,trace,LTe,2,1.0438551309197106,5,True,
20230309_09,trace,PTr,0,1.178220609370869,5,True,
20230309_09,trace,ETe,1,1.0015341864410578,5,True,
20230309_09,trace,LTe,2,1.0147824635314195,5,True,
20230309_11,trace,PTr,0,1.0613989094834828,5,True,
20230309_11,trace,ETe,1,0.9903496710473235,5,True,
20230309_11,trace,LTe,2,0.9792186768333588,5,True,
20230310_02,trace,PTr,0,1.166161607472365,5,True,
20230310_02,trace,ETe,1,1.0056306639414845,5,True,
20230310_02,trace,LTe,2,1.033037640106571,5,True,
20230310_05,trace,PTr,0,1.029896484383153,5,True,
20230310_05,trace,ETe,1,0.9712028469179884,5,True,
20230310_05,trace,LTe,2,1.0049060036915571,5,True,
20230310_08,trace,PTr,0,1.0423866436987639,5,True,
20230310_08,trace,ETe,1,0.9025895948496838,5,True,
20230310_08,trace,LTe,2,1.0145453882902684,5,True,
20230310_11,trace,PTr,0,1.0078436017925718,5,True,
20230310_11,trace,ETe,1,0.8675951590181469,5,True,
20230310_11,trace,LTe,2,0.9658725252846183,5,True,
20230314_01,trace,PTr,0,1.0175579378096542,5,True,
20230314_01,trace,ETe,1,1.037077198651633,5,True,
20230314_01,trace,LTe,2,1.0080672906472372,5,True,
20230314_04,trace,PTr,0,0.9807372265544276,5,True,
20230314_04,trace,ETe,1,0.9574494156066231,5,True,
20230314_04,trace,LTe,2,1.006797799208335,5,True,
20230314_06,trace,PTr,0,0.9639412367045028,5,True,
20230314_06,trace,ETe,1,0.9882691359365537,5,True,
20230314_06,trace,LTe,2,0.9919335145900425,5,True,
20230314_11,trace,PTr,0,1.0171219271285497,5,True,
20230314_11,trace,ETe,1,1.005171645319334,5,True,
20230314_11,trace,LTe,2,0.9933005782910332,5,True,
20230315_02,trace,PTr,0,0.9981033254416009,5,True,
20230315_02,trace,ETe,1,1.0104143691086478,5,True,
20230315_02,trace,LTe,2,1.0464514342906166,5,True,
20230315_06,trace,PTr,0,1.4901389753494452,5,True,
20230315_06,trace,ETe,1,1.263981131900716,5,True,
20230315_06,trace,LTe,2,1.012396217929379,5,True,
20230316_03,trace,PTr,0,1.1080832435065775,5,True,
20230316_03,trace,ETe,1,1.0176430915832044,5,True,
20230316_03,trace,LTe,2,0.9726479170191301,5,True,
20230316_06,trace,PTr,0,1.0596721723408784,5,True,
20230316_06,trace,ETe,1,0.9843142136353199,5,True,
20230316_06,trace,LTe,2,0.9843386595695345,5,True,
20230316_09,trace,PTr,0,1.0388322365694902,5,True,
20230316_09,trace,ETe,1,0.9854973754744034,5,True,
20230316_09,trace,LTe,2,0.9696976871158641,5,True,
20230316_12,trace,PTr,0,0.9620391352243393,5,True,
20230316_12,trace,ETe,1,0.9667212270226859,5,True,
20230316_12,trace,LTe,2,1.018640903170486,5,True,
20230516_01,trace,PTr,0,1.046869538803961,5,True,
20230516_01,trace,ETe,1,1.000969797144099,5,True,
20230516_01,trace,LTe,2,0.955196882098317,5,True,
20230516_08,trace,PTr,0,0.9990276363338308,5,True,
20230516_08,trace,ETe,1,0.9029946224634013,5,True,
20230516_08,trace,LTe,2,0.9527801327392197,5,True,
20230516_10,trace,PTr,0,1.011127094444143,5,True,
20230516_10,trace,ETe,1,1.0264408310162498,5,True,
20230516_10,trace,LTe,2,1.0692025660113842,5,True,
20230517_03,trace,PTr,0,0.9374626863095608,5,True,
20230517_03,trace,ETe,1,0.9992251925644177,5,True,
20230517_03,trace,LTe,2,0.9529582216856389,5,True,
20230517_05,trace,PTr,0,1.1112467123272054,5,True,
20230517_05,trace,ETe,1,1.2356744834699072,5,True,
20230517_05,trace,LTe,2,0.9957336756955961,5,True,
20230517_12,trace,PTr,0,1.1197443092960075,5,True,
20230517_12,trace,ETe,1,0.9482577074183042,5,True,
20230517_12,trace,LTe,2,0.9866829005452693,5,True,
20230518_02,trace,PTr,0,1.0587548558859627,5,True,
20230518_02,trace,ETe,1,1.0347952094231925,5,True,
20230518_02,trace,LTe,2,1.0162028014206232,5,True,
20230518_05,trace,PTr,0,1.1752234421725218,5,True,
20230518_05,trace,ETe,1,1.0772144039588682,5,True,
20230518_05,trace,LTe,2,1.211579117804276,5,True,
20230518_12,trace,PTr,0,1.334459159100345,5,True,
20230518_12,trace,ETe,1,1.022536683259379,5,True,
20230518_12,trace,LTe,2,1.1594780785034517,5,True,
20230519_04,trace,PTr,0,1.0920596661719804,5,True,
20230519_04,trace,ETe,1,0.9713633735138778,5,True,
20230519_04,trace,LTe,2,1.0540147682577985,5,True,
20230519_11,trace,PTr,0,1.0402449227686084,5,True,
20230519_11,trace,ETe,1,0.8495082730236172,5,True,
20230519_11,trace,LTe,2,0.9585821560037292,5,True,
