panel,fish,trial,baseline_finite_bin_count,p10,p50,p90,C_scale,defined
F,20221115_07,5,21,-3.362804447594681,-2.5370174040631945,-2.352771364538141,0.5050165415282699,True
F,20221115_07,6,24,-3.3962021457300153,-2.3601592048607283,-2.2501583832005374,0.573021881264739,True
F,20221115_07,7,21,-3.536466867692164,-2.486101963933917,-2.227139930910396,0.6546634683908839,True
F,20221115_07,8,20,-3.145860446895596,-2.445224907399635,-2.2103682728546716,0.46774608702046216,True
F,20221115_07,9,22,-3.292055273064831,-2.6157648632873274,-2.3570411589019504,0.46750705708144036,True
F,20221115_07,10,22,-3.300853218835473,-2.460817809935163,-2.2789554077381027,0.5109489055486851,True
F,20221115_07,11,20,-3.3151073921406646,-2.692589725048699,-2.4714701393486926,0.421818626395986,True
F,20221115_07,12,25,-3.4147445976311297,-2.52837045711206,-2.186808070428259,0.6139682636014354,True
F,20221115_07,13,19,-3.359236435619015,-2.5200770923636804,-2.2765987012902786,0.5413188671643683,True
F,20221115_07,14,28,-3.246722355717773,-2.571813126501259,-2.3125684180945347,0.4670769688116192,True
F,20221115_07,15,28,-3.2492086257861725,-2.985562022408593,-2.474081288772427,0.38756366850687285,True
F,20221115_07,16,26,-3.43264804241032,-2.4937478514459865,-2.3412251234719172,0.5457114594692014,True
F,20221115_07,17,26,-3.3022823966939807,-2.563217006936395,-2.382635111180678,0.45982364275665133,True
F,20221115_07,18,22,-3.336071268143321,-2.5268474686771194,-2.370978480254495,0.482546393944413,True
F,20221115_07,19,27,-3.383808878280267,-2.5828286615838865,-2.465173215227405,0.459317831526431,True
F,20221115_07,20,22,-2.985686473931693,-2.5083296147334186,-2.323522728881773,0.33108187252496,True
F,20221115_07,21,24,-3.3623015806863594,-2.6989158232869066,-2.4832572229526404,0.4395221788668595,True
F,20221115_07,22,26,-3.394955097937431,-2.5473060311272344,-2.3923180134815056,0.5013185422279627,True
F,20221115_07,23,25,-2.9741640854823124,-2.7137338768013817,-2.5613402880780556,0.2064118987021284,True
F,20221115_07,24,28,-2.8668593920668397,-2.716599174333136,-2.4055540474928754,0.23065267228698216,True
F,20221115_07,25,28,-2.888054215233621,-2.6652548450060936,-2.45242623674244,0.2178139892455906,True
F,20221115_07,26,27,-3.2796157928707976,-2.5799186897210484,-2.4345483013334044,0.4225337457686966,True
F,20221115_07,27,30,-3.4512826813154596,-2.7366696532511208,-2.447010139533905,0.5021362708907773,True
F,20221115_07,28,24,-3.0875921410075415,-2.6161077137450537,-2.4251133088560555,0.33123941607574303,True
F,20221115_07,29,27,-3.1954624202387194,-2.7813692372505296,-2.5423673368184745,0.32654754171012246,True
F,20221115_07,30,29,-3.3381314984389414,-2.761052052695552,-2.5014831257633157,0.4183241863378129,True
F,20221115_07,31,27,-3.0334836055670347,-2.614630914823375,-2.451275137514542,0.2911042340262464,True
F,20221115_07,32,27,-3.2011019886856658,-2.76273400694606,-2.5607267484854357,0.32018762010011503,True
F,20221115_07,33,29,-2.9761097817971036,-2.728181807468968,-2.562204685301879,0.20695254824761222,True
F,20221115_07,34,29,-3.2334163762034844,-2.731140618314402,-2.5316174803886025,0.350899447907441,True
F,20221115_07,35,27,-3.2784934965370107,-2.6468495067789384,-2.3960220724265513,0.4412357120552297,True
F,20221115_07,36,28,-3.1081797696576903,-2.75345639391608,-2.4624420197034667,0.3228688749771118,True
F,20221115_07,37,30,-3.0067709053646716,-2.823492650108302,-2.572374323872883,0.21719829074589425,True
F,20221115_07,38,29,-3.208896848785304,-2.69727756810123,-2.4937131767282437,0.3575918360285302,True
F,20221115_07,39,29,-3.2433644844969236,-2.803515707492213,-2.645707560740212,0.2988284618783559,True
F,20221115_07,40,30,-3.0315502141775323,-2.7531285166794683,-2.4979485994614734,0.26680080735802947,True
F,20221115_07,41,30,-3.2599616796454,-2.8659602529411585,-2.597488364725037,0.3312366574601815,True
F,20221115_07,42,28,-3.168990443496298,-2.7623042609457764,-2.4719444512971642,0.34852299609956683,True
F,20221115_07,43,27,-2.976422510627909,-2.626848916338346,-2.514381442787009,0.23102053392045008,True
F,20221115_07,44,30,-3.327925424966142,-2.8539425233266096,-2.671357197626057,0.3282841136700425,True
F,20221115_07,45,30,-3.3514273963701426,-2.7547228333902547,-2.4925166832410914,0.4294553565645256,True
F,20221115_07,46,30,-3.174109721661557,-2.714121380532921,-2.5211497760116477,0.32647997282495456,True
F,20221115_07,47,28,-3.129531144763913,-2.8488277964682363,-2.6817125591157103,0.22390929282410132,True
F,20221115_07,48,30,-3.2917513537605116,-2.89212578759166,-2.699924586681595,0.2959133835394583,True
F,20221115_07,49,29,-3.150111828328152,-2.7647577329169084,-2.537894548715667,0.3061086398062425,True
F,20221115_07,50,29,-3.023016087397195,-2.736949195488699,-2.5780430966409904,0.22248649537810228,True
F,20221115_07,51,30,-3.1938086510816035,-2.8897799992643844,-2.6627818009905075,0.265513425045548,True
F,20221115_07,52,30,-2.980781622185156,-2.75499510434197,-2.532599814234015,0.22409090397557052,True
F,20221115_07,53,30,-3.206663675650708,-2.811551145288888,-2.6150099493376646,0.29582686315652174,True
F,20221115_07,54,21,-3.2961670056823342,-2.943377240966259,-2.4943056098576126,0.4009306979123608,True
F,20221115_07,55,30,-3.2149556855266668,-2.779947667090288,-2.4971174777944647,0.35891910386610104,True
F,20221115_07,56,30,-3.2051021988615,-2.749860102446889,-2.583168054276695,0.3109670722924025,True
F,20221115_07,57,29,-3.4010787430548057,-2.7890114276470435,-2.596717160470768,0.4021807912920188,True
F,20221115_07,58,28,-3.2672834297035256,-2.844897532447374,-2.650602863277666,0.30834028321292983,True
F,20221115_07,59,29,-3.183448013924459,-2.766173378753652,-2.545310013159976,0.3190690003822416,True
F,20221115_07,60,29,-3.299655101725069,-2.833983833401463,-2.6070616608587023,0.34629672043318327,True
F,20221115_07,61,30,-3.2277458644806774,-2.7662153482004452,-2.5050046780991457,0.3613705931907658,True
F,20221115_07,62,27,-3.113714465232552,-2.8080296504721165,-2.594617789656242,0.2595483377881549,True
F,20221115_07,63,25,-3.355605748131974,-2.721010158315943,-2.5036598203225653,0.4259729639047043,True
F,20221115_07,64,27,-3.1047989450620563,-2.792836962112321,-2.6056988137493304,0.24955006565636295,True
F,20221115_07,65,25,-3.275536863085062,-2.739683841703888,-2.4818213987995175,0.3968577321427722,True
F,20221115_07,66,28,-3.1351614456440555,-2.7354493976351684,-2.509388204946379,0.3128866203488383,True
F,20221115_07,67,30,-3.2346702226298873,-2.8481827174863428,-2.512937618186171,0.3608663022218581,True
F,20221115_07,68,30,-3.228751845164763,-2.8361711044123106,-2.4944590248845193,0.36714641014012184,True
F,20221115_07,69,30,-3.3052709280174497,-2.8140953114117195,-2.382953183190406,0.4611588724135218,True
F,20221115_07,70,27,-3.382151712751272,-2.798246226708806,-2.458797372302009,0.4616771702246316,True
F,20221115_07,71,28,-3.2130262169106554,-2.85302623544186,-2.553235840960821,0.32989518797491724,True
F,20221115_07,72,27,-3.302093978669294,-2.902125858590984,-2.6004840345865015,0.3508049720413964,True
F,20221115_07,73,30,-3.2675970408160673,-3.0207698605725786,-2.7215675721122263,0.2730147343519205,True
F,20221115_07,74,30,-3.2604092407682117,-3.028689240506443,-2.697618317230024,0.2813954617690939,True
F,20221115_07,75,29,-3.2303731893578176,-3.017363092558962,-2.532304540718234,0.34903432431979176,True
F,20221115_07,76,30,-3.3087195785136463,-3.0500745045642184,-2.588711038859244,0.36000426982720124,True
F,20221115_07,77,29,-3.250987439361606,-3.0092060005194714,-2.7169607309673043,0.2670133541971509,True
F,20221115_07,78,30,-3.2496483716380857,-3.0161711317614404,-2.660735192342076,0.2944565896480049,True
F,20221115_07,79,30,-3.238324274432448,-3.0747572021460368,-2.674872108005535,0.2817260832134565,True
F,20221115_07,80,29,-3.253693847958187,-3.030018539283672,-2.6112071970946262,0.32124332543178036,True
F,20221115_07,81,30,-3.3187762105292697,-3.1253277891672138,-2.506336983013666,0.4062196137578018,True
F,20221115_07,82,30,-3.175410022678892,-2.985533777518652,-2.6928558239681104,0.24127709935539077,True
F,20221115_07,83,30,-3.223182600291285,-3.0844883926701927,-2.753154387134065,0.23501410657861,True
F,20221115_07,84,28,-3.1872548742879387,-3.000859658560527,-2.765077030495856,0.21108892189604145,True
F,20221115_07,85,30,-3.1929005138937554,-3.074448248354389,-2.5677429468859776,0.3125787835038889,True
F,20221115_07,86,30,-3.1423815529458445,-2.8712379899498934,-2.597899531119871,0.2722410109129867,True
F,20221115_07,87,30,-3.1744237058517735,-2.961999130381079,-2.7514712896755733,0.21147620808810008,True
F,20221115_07,88,29,-3.17491050244859,-3.0715074360552483,-2.5518147649446927,0.3115478687519486,True
F,20221115_07,89,30,-3.218661001626321,-3.076986654767034,-2.7253702511665616,0.24664537522987962,True
F,20221115_07,90,30,-3.213632487300123,-3.0571575952297287,-2.7919580578009953,0.21083721474956385,True
F,20221115_07,91,30,-3.199637569390081,-3.0251763990455656,-2.897722029751054,0.15095776981951348,True
F,20221115_07,92,29,-3.2363612528334005,-3.115007904011061,-2.7196854351402995,0.2583379088465505,True
F,20221115_07,93,30,-3.1493962987286794,-2.9762260904304254,-2.6417104623532266,0.2538429181877264,True
F,20221115_07,94,30,-3.1844529609052037,-2.9988584550745907,-2.7382502493564664,0.22310135577436863,True
G,20230310_08,5,30,-3.2287607769818214,-2.972014522356159,-2.734155939895016,0.24730241854340274,True
G,20230310_08,6,30,-3.1824169921650727,-3.0334468057088726,-2.865707974028197,0.15835450906843773,True
G,20230310_08,7,30,-3.143476065748108,-2.8897162972115242,-2.6119009626405654,0.2657875515537713,True
G,20230310_08,8,30,-3.1735267674758654,-2.993353054556395,-2.783468108696531,0.19502932938966722,True
G,20230310_08,9,30,-3.1054171450392256,-2.968825962999994,-2.747679655899527,0.17886874456984936,True
G,20230310_08,10,30,-3.1153672654612232,-3.0294451842924524,-2.8691720469584525,0.12309760925138535,True
G,20230310_08,11,30,-3.0829943649072327,-2.985401299421949,-2.763756448921583,0.15961895799282488,True
G,20230310_08,12,30,-3.078780402516749,-3.0121671847684697,-2.8642577935839677,0.1072613044663906,True
G,20230310_08,13,30,-3.128423347251228,-3.0077127986313688,-2.8756413240423777,0.12639101160442512,True
G,20230310_08,14,30,-3.1852633248351125,-3.074240346643526,-2.9210557781207585,0.13210377335717705,True
G,20230310_08,15,30,-3.150880946635992,-3.036968501990106,-2.827023040333121,0.16192895315143563,True
G,20230310_08,16,30,-3.1757472208795696,-3.074375114843721,-2.8726261671829882,0.1515605268482907,True
G,20230310_08,17,29,-3.1816984543320945,-3.0269996370130987,-2.8919330160246703,0.1448827191537121,True
G,20230310_08,18,30,-3.234352742725174,-3.1034685727139615,-2.9611773314840613,0.13658770562055644,True
G,20230310_08,19,30,-3.1713329639108316,-3.0636136317680807,-2.976773161058364,0.09727990142623377,True
G,20230310_08,20,29,-3.2803591455057832,-2.9589920157380383,-2.7783850319824275,0.2509870567616779,True
G,20230310_08,21,30,-3.211152022216858,-2.991273302580562,-2.8211234643937573,0.19501427891155032,True
G,20230310_08,22,30,-3.187717912545589,-2.933410456968505,-2.846231551682676,0.17074318043145653,True
G,20230310_08,23,30,-3.2486592174341746,-3.009706804443389,-2.9195260220724664,0.16456659768085413,True
G,20230310_08,24,30,-3.1940402304590676,-2.964157927456043,-2.775219233456249,0.20941049850140936,True
G,20230310_08,25,30,-3.1417264839996313,-2.918121582794127,-2.754747769759888,0.1934893571198717,True
G,20230310_08,26,30,-3.1239708159128274,-2.9273019498772386,-2.804373354486577,0.15979873071312523,True
G,20230310_08,27,30,-3.0735920475607776,-2.9110478819353096,-2.668904276376659,0.2023438855920594,True
G,20230310_08,28,30,-3.1881599290932723,-2.959151501636535,-2.8030325052288916,0.19256371193219035,True
G,20230310_08,29,30,-3.3272363147057913,-2.9185863388833377,-2.7610319772531753,0.283102168726308,True
G,20230310_08,30,30,-3.1902822411090117,-2.9517660412029807,-2.840592048863927,0.1748450961225423,True
G,20230310_08,31,30,-3.1885281757813844,-3.007796042815706,-2.7070148233624454,0.2407566762094695,True
G,20230310_08,32,30,-3.1443866697982568,-2.964382359020589,-2.7710680068143616,0.18665933149194758,True
G,20230310_08,33,30,-3.2786992967901,-2.925813854336154,-2.7747354295118023,0.2519819336391489,True
G,20230310_08,34,30,-3.1708458039821235,-2.9425721957291824,-2.8138114405610724,0.17851718171052555,True
G,20230310_08,35,30,-3.185263187658543,-3.00380539702516,-2.8730605085575363,0.15610133955050332,True
G,20230310_08,36,30,-3.1639781751433804,-3.005562581132838,-2.79960417103273,0.18218700205532512,True
G,20230310_08,37,30,-3.139791608456605,-3.0118798954423793,-2.877735997771251,0.131027805342677,True
G,20230310_08,38,30,-3.1998167693994883,-3.037473122939227,-2.9687452099201987,0.1155357797396448,True
G,20230310_08,39,30,-3.1378323694823185,-3.0317787226777204,-2.86872517743417,0.13455359602407424,True
G,20230310_08,40,30,-3.1933759888003697,-3.035288145229121,-2.784641952907051,0.20436701794665924,True
G,20230310_08,41,30,-3.1652180134219225,-2.9902501359771736,-2.7760716948333384,0.1945731592942921,True
G,20230310_08,42,30,-3.233236224976242,-3.0626715847004267,-2.9104841505293,0.16137603722347094,True
G,20230310_08,43,30,-3.1890093572769427,-3.018814236171865,-2.9241863879179326,0.13241148467950503,True
G,20230310_08,44,30,-3.2170588173003356,-3.099690747567056,-2.9328772696171406,0.14209077384159752,True
G,20230310_08,45,29,-3.200695765980396,-3.063924554021518,-2.9180222282449324,0.14133676886773183,True
G,20230310_08,46,30,-3.181364265544809,-3.0607817385214107,-2.913268816237677,0.13404772465356607,True
G,20230310_08,47,30,-3.1508197233087962,-2.9897089554569964,-2.8709000842192802,0.139959819544758,True
G,20230310_08,48,30,-3.1133609776286053,-2.9882751827625063,-2.880319338865644,0.11652081938148062,True
G,20230310_08,49,30,-3.210321264116982,-3.0366426730228993,-2.9071638818112544,0.15157869115286382,True
G,20230310_08,50,30,-3.2239274480095026,-3.0346513064583207,-2.8443200618466418,0.1898036930814304,True
G,20230310_08,51,30,-3.249861521661071,-3.0633626099404787,-2.9296217684147354,0.16011987662316773,True
G,20230310_08,52,30,-3.166019683818716,-3.020409240604943,-2.879747675411418,0.14313600420364891,True
G,20230310_08,53,30,-3.272455970870097,-3.003969156596583,-2.9086120886212585,0.18192194112441928,True
G,20230310_08,54,30,-3.1965232237620684,-3.0575304866258106,-2.884122587385306,0.15620031818838132,True
G,20230310_08,55,30,-3.0599592146201293,-2.9448842811222775,-2.8406265407676843,0.10966633692622252,True
G,20230310_08,56,30,-3.265382023558093,-3.02672785197554,-2.739825456380629,0.262778283588732,True
G,20230310_08,57,29,-3.234155134981161,-3.0083116198652085,-2.877142426239423,0.17850635437086892,True
G,20230310_08,58,30,-3.119076055598623,-2.999255955250516,-2.7990199300624834,0.1600280627680699,True
G,20230310_08,59,29,-3.198741588955004,-2.9923982406757834,-2.7911361336514102,0.20380272765179686,True
G,20230310_08,60,30,-3.1344488267259334,-2.991239914334736,-2.793517220249698,0.17046580323811766,True
G,20230310_08,61,30,-3.137583012499753,-3.0110979392368984,-2.7987151106360084,0.1694339509318723,True
G,20230310_08,62,30,-3.149825747353637,-2.930058016515712,-2.668691566380086,0.2405670904867756,True
G,20230310_08,63,30,-3.2232545462686932,-3.009355284878996,-2.722382061339707,0.25043624246449303,True
G,20230310_08,64,30,-3.1798399188860746,-3.0404983750296903,-2.8942101621356398,0.14281487837521745,True
G,20230310_08,65,30,-3.1801479405474518,-2.993925876276987,-2.793315397590093,0.19341627147867935,True
G,20230310_08,66,29,-3.2138785452000542,-3.044117444033431,-2.917751249627286,0.14806364778638414,True
G,20230310_08,67,30,-3.206696817970323,-2.9441229166977045,-2.8448830101511127,0.18090690390960518,True
G,20230310_08,68,30,-3.1389602188696104,-3.05229429700797,-2.978072886522573,0.08044366617351861,True
G,20230310_08,69,30,-3.1753256199385502,-3.011118826944845,-2.7517717428985,0.21177693852002522,True
G,20230310_08,70,29,-3.241501774572421,-3.0382590548317365,-2.847271735168915,0.19711501970175282,True
G,20230310_08,71,30,-3.1593424211984438,-3.0086466127486906,-2.9253315197339074,0.1170054507322682,True
G,20230310_08,72,29,-3.294267735717657,-3.128407414540204,-3.015659603168016,0.13930406627482061,True
G,20230310_08,73,30,-3.25092499940641,-3.094453740073697,-2.81151278542718,0.2197061069896149,True
G,20230310_08,74,29,-3.283573373482017,-3.065774803991944,-2.7161290095788564,0.2837221819515803,True
G,20230310_08,75,30,-3.337044476041382,-3.044937590654862,-2.8540679489007497,0.24148826357031616,True
G,20230310_08,76,30,-3.0794981664320185,-2.9712221246002866,-2.7432749290624647,0.16811161868477686,True
G,20230310_08,77,30,-3.1965848782985278,-2.991480460494115,-2.8947989015014746,0.1508929883985266,True
G,20230310_08,78,30,-3.1305347712080684,-3.0159008242069865,-2.7199840400654054,0.20527536557133153,True
G,20230310_08,79,30,-3.182615976291041,-3.054485641507111,-2.6954988326498976,0.24355857182057172,True
G,20230310_08,80,30,-3.206413228577323,-3.068564738437985,-2.9503734542103626,0.12801988718348012,True
G,20230310_08,81,30,-3.098836909586932,-2.962317420363026,-2.800200301879041,0.1493183038539454,True
G,20230310_08,82,30,-3.147251621551702,-3.0664117478031354,-2.9534424732886824,0.09690457413150977,True
G,20230310_08,83,30,-3.140254060314621,-3.0590540459821347,-2.9323914834132534,0.10393128845068378,True
G,20230310_08,84,30,-3.139104761374206,-3.053227490532288,-2.944416828565728,0.09734396640423904,True
G,20230310_08,85,30,-3.196606181677569,-3.0586150661805327,-2.9072378643910257,0.14468415864327167,True
G,20230310_08,86,30,-3.2579483793951707,-3.1330993687164876,-2.9593857116471978,0.14928133387398645,True
G,20230310_08,87,30,-3.228101421619404,-3.0876709175115917,-2.943561719510198,0.142269851054603,True
G,20230310_08,88,30,-3.186312054492254,-2.9704917338301255,-2.694900168324424,0.24570594308391502,True
G,20230310_08,89,30,-3.1820734490542426,-3.0390347979600705,-2.890490797402763,0.14579132582573973,True
G,20230310_08,90,30,-3.113260329660796,-2.9969043149388446,-2.6827467333220656,0.21525679816936516,True
G,20230310_08,91,30,-3.123260466811897,-3.006517067677353,-2.9047654782917305,0.10924749426008318,True
G,20230310_08,92,30,-3.106134006651303,-2.986959444012257,-2.8535102574394973,0.12631187460590287,True
G,20230310_08,93,29,-3.208191823830952,-3.0330882021086785,-2.892784613118306,0.157703605356323,True
G,20230310_08,94,30,-3.1464016338578986,-3.0360195019140033,-2.867491247827411,0.1394551930152439,True
H,20221115_09,5,21,-3.250630042756675,-2.884760129762472,-2.81224500472694,0.21919251901486758,True
H,20221115_09,6,11,-2.9177609186482854,-2.508402939566793,-2.1904208396187674,0.36367003951475896,True
H,20221115_09,7,18,-2.915412620589381,-2.751146218309198,-2.5480170255199295,0.18369779753472582,True
H,20221115_09,8,17,-3.0524977515216563,-2.9286803290483725,-2.823930275829247,0.11428373784620471,True
H,20221115_09,9,17,-3.075963445988136,-2.9498791920433023,-2.7660322606698706,0.15496559265913268,True
H,20221115_09,10,15,-3.040580025713309,-2.7310535438184376,-2.586003618757603,0.22728820347785295,True
H,20221115_09,11,14,-2.9303886298361825,-2.7069616950709143,-2.5515118818517837,0.18943837399219943,True
H,20221115_09,12,17,-3.22125921293924,-2.9413334437431757,-2.7359081305227484,0.24267554120824575,True
H,20221115_09,13,16,-3.153087078530176,-2.680274977553548,-2.512938210624635,0.32007443395277035,True
H,20221115_09,14,13,-2.783030818512718,-2.612559550350657,-2.4380291613191165,0.17250082859680083,True
H,20221115_09,15,3,-2.915743180575536,-2.70213799464199,-2.5107070774417455,0.20251805156689517,True
H,20221115_09,16,1,-2.759446872162451,-2.759446872162451,-2.759446872162451,0.0,False
H,20221115_09,17,13,-2.7965950752225583,-2.6851196850568284,-2.6025902290286544,0.09700242309695195,True
H,20221115_09,18,21,-3.0939045602292072,-2.661554977710721,-2.5029188513556635,0.29549285443677187,True
H,20221115_09,19,9,-3.0596861480748583,-2.7041649924434856,-2.492999915297532,0.28334311638866305,True
H,20221115_09,20,25,-2.9443503024649664,-2.7812008786262954,-2.597848345872498,0.17325097829623415,True
H,20221115_09,21,12,-3.2762184323101264,-2.785141475900491,-2.5851729091056757,0.3455227616022254,True
H,20221115_09,22,15,-3.0591992727255923,-2.845275807908414,-2.733882731322514,0.16265827070153915,True
H,20221115_09,23,9,-3.0297696152076643,-2.935810735232951,-2.815307810074895,0.10723090256638468,True
H,20221115_09,24,12,-3.0169049604706952,-2.8809754436935853,-2.76273602316505,0.12708446865282252,True
H,20221115_09,25,16,-2.996397373062451,-2.6330616158096283,-2.4768338186552317,0.25978177720360973,True
H,20221115_09,26,7,-3.600453789154077,-3.186705020905936,-2.6949349311609714,0.45275942899655286,True
H,20221115_09,27,20,-3.2217774433142448,-2.6548815292354195,-2.5749930332470625,0.3233922050335911,True
H,20221115_09,28,23,-2.81854239686309,-2.7134346394784155,-2.5916079719680285,0.11346721244753066,True
H,20221115_09,29,20,-3.1254986041799837,-2.7092995517724217,-2.6086728688398844,0.2584128676700497,True
H,20221115_09,30,23,-2.890668848217951,-2.692334485276961,-2.595552044311235,0.1475584019533578,True
H,20221115_09,31,18,-2.930194294987014,-2.6715461049736877,-2.528682617537726,0.20075583872464398,True
H,20221115_09,32,23,-3.0270235854112575,-2.743750657446638,-2.540527664662264,0.2432479603744968,True
H,20221115_09,33,22,-2.972885966445226,-2.5836045189419563,-2.4378539543393876,0.26751600605291914,True
H,20221115_09,34,22,-2.891254534732285,-2.6020408479264105,-2.527755163206428,0.1817496857629286,True
H,20221115_09,35,14,-2.9693495890722326,-2.674844837890552,-2.464662442402239,0.2523435733349968,True
H,20221115_09,36,20,-2.947013259399844,-2.7625406714266005,-2.593488168337251,0.17676254553129644,True
H,20221115_09,37,21,-3.0663197999249485,-2.740445438802422,-2.658894464532116,0.20371266769641627,True
H,20221115_09,38,16,-3.0649433029410247,-2.8142366581365694,-2.6484865631377623,0.20822836990163118,True
H,20221115_09,39,13,-2.9299487247200586,-2.5991246224506845,-2.471523600815843,0.2292125619521077,True
H,20221115_09,40,21,-2.936504068354276,-2.6536428779807344,-2.5057744555276664,0.2153648064133047,True
H,20221115_09,41,18,-2.8033148947318174,-2.612340039084989,-2.4373308730226664,0.1829920108545755,True
H,20221115_09,42,17,-2.798118928233487,-2.5123974429859386,-2.4448511605426666,0.17663388384541023,True
H,20221115_09,43,24,-3.2001271319285354,-2.553361890275776,-2.4419788694952285,0.37907413121665345,True
H,20221115_09,44,10,-2.7723803238973943,-2.658006219049512,-2.5738910572013336,0.09924463334803035,True
H,20221115_09,45,21,-2.9675022501695336,-2.754807005312819,-2.6322902368996224,0.16760600663495562,True
H,20221115_09,46,24,-2.765009990759542,-2.6806621172949407,-2.6131371125667537,0.07593643909639414,True
H,20221115_09,47,25,-2.8971079699852993,-2.7160092446170245,-2.573464324631765,0.16182182267676715,True
H,20221115_09,48,23,-2.8927228901107522,-2.7232778223236918,-2.669406102977356,0.11165839356669816,True
H,20221115_09,49,22,-2.850254590627164,-2.6896042454082485,-2.600630043438518,0.12481227359432312,True
H,20221115_09,50,10,-2.7026056244182093,-2.5854106058111297,-2.4560855653960805,0.1232600295110644,True
H,20221115_09,51,22,-3.296157841465648,-2.6383463065475556,-2.5196016836944555,0.3882780788855962,True
H,20221115_09,52,16,-2.837696985346147,-2.639867428691372,-2.5407137597656546,0.14849161279024625,True
H,20221115_09,53,23,-2.9161000640861077,-2.598845706573723,-2.4902913725958715,0.21290434574511807,True
H,20221115_09,54,16,-2.7016441650028873,-2.6290020961512397,-2.5405013366706686,0.08057141416610936,True
H,20221115_09,55,25,-3.0211882964969896,-2.706227781576005,-2.6125936937776384,0.2042973013596756,True
H,20221115_09,56,19,-3.176664808038752,-2.8047767234614334,-2.509926171534146,0.333369318252303,True
H,20221115_09,57,14,-2.818321430741756,-2.6449680584712936,-2.5068400089604155,0.15574071089067032,True
H,20221115_09,58,18,-3.2234522974768383,-2.5159260570410087,-2.418206149542657,0.40262307396709063,True
H,20221115_09,59,16,-2.760431797083575,-2.6158880453982443,-2.5523898150245863,0.10402099102949425,True
H,20221115_09,60,14,-2.700323322475759,-2.538639082474403,-2.4615404147985065,0.11939145383862626,True
H,20221115_09,61,17,-3.6247782212291813,-2.5263301285985915,-2.3571013258371885,0.6338384476959964,True
H,20221115_09,62,15,-2.824623311249343,-2.648675426612006,-2.4876623493062375,0.16848048097155277,True
H,20221115_09,63,12,-3.116135910071961,-2.7142406605695144,-2.2817239304494903,0.41720598981123524,True
H,20221115_09,64,6,-3.0953700513318907,-2.4809019378511623,-2.2294125521710093,0.4329787495804407,True
H,20221115_09,65,12,-2.9828255920143527,-2.7465019230053285,-2.6219770896041443,0.1804242512051042,True
H,20221115_09,66,14,-3.0846539414966987,-2.7435830366750755,-2.6706566092887525,0.2069986661039731,True
H,20221115_09,67,16,-2.8975296791672216,-2.6823441588511763,-2.574348150467674,0.16159076434977382,True
H,20221115_09,68,8,-3.04509853817819,-2.879560884790368,-2.6948614204414625,0.1751185588683637,True
H,20221115_09,69,4,-3.3128963965394496,-3.040486559140769,-2.767618095348125,0.27263915059566224,True
H,20221115_09,70,4,-3.3165151820974312,-3.207742972742299,-3.1177475528158354,0.09938381464079793,True
H,20221115_09,71,10,-3.0632366076129705,-2.80915865160818,-2.7493155053101734,0.1569605511513985,True
H,20221115_09,72,9,-3.216160629127759,-2.981485203156977,-2.8787315230090496,0.1687145530593548,True
H,20221115_09,73,9,-3.019848847640132,-2.881517743227898,-2.8048672751343937,0.10749078625286912,True
H,20221115_09,74,18,-3.2033020060083808,-2.8086950467515313,-2.7247580265236566,0.23927198974236208,True
H,20221115_09,75,16,-3.165352054845477,-2.900167808869858,-2.765097915044662,0.2001270699004074,True
H,20221115_09,76,14,-3.0654823755499208,-2.787227217315972,-2.623377272391565,0.2210525515791779,True
H,20221115_09,77,8,-2.9993415028922645,-2.8926285542176764,-2.739406719097982,0.12996739189714135,True
H,20221115_09,78,18,-3.1154641007463084,-2.8362969667773896,-2.711069224838826,0.20219743795374123,True
H,20221115_09,79,14,-3.2274011224580113,-2.950702273709128,-2.82899633671353,0.19920239287224062,True
H,20221115_09,80,23,-3.086565081714303,-2.8713796165497074,-2.7750255226446745,0.1557697795348143,True
H,20221115_09,81,13,-3.156206265510094,-2.982854576335572,-2.775769484075791,0.19021839071715152,True
H,20221115_09,82,13,-2.9647623657956554,-2.9273041202551666,-2.8857156527202252,0.039523356537715104,True
H,20221115_09,83,16,-3.0329987837961845,-2.823083102078659,-2.7503615786352533,0.14131860258046558,True
H,20221115_09,84,17,-3.1991004198678965,-2.9234408405000614,-2.722496809905976,0.2383018049809602,True
H,20221115_09,85,13,-2.990485412595658,-2.8975808596695694,-2.778835745517078,0.10582483353929018,True
H,20221115_09,86,12,-3.016092661402293,-2.8726153160938033,-2.8393181841655224,0.08838723861838527,True
H,20221115_09,87,17,-3.2438929928507343,-2.9106623566591594,-2.8433951273287654,0.20024893276098443,True
H,20221115_09,88,9,-2.883119867822936,-2.797482933505117,-2.7068875152573457,0.08811617628279511,True
H,20221115_09,89,16,-3.0634667031746794,-2.8683558325777456,-2.7339891352949195,0.16473878393987995,True
H,20221115_09,90,17,-3.2300096018919064,-2.777593197480772,-2.6917559980984382,0.2691268018967341,True
H,20221115_09,91,20,-3.124946472511815,-2.8394745255551594,-2.7321234148221274,0.1964115288448438,True
H,20221115_09,92,19,-2.931529955773172,-2.7991016392565813,-2.725007482347021,0.10326123671307541,True
H,20221115_09,93,16,-3.053908360861747,-2.857425755918354,-2.777037836926633,0.13843526196755707,True
H,20221115_09,94,19,-3.073286788994556,-2.8658148558627925,-2.735766717348924,0.16876003582281585,True
