bin_index,bout_id,eligible_frames,bout_log_median,panel,trial
0,200,175,-2.030160721335023,F,9
2,201,181,-2.1215084524676078,F,9
3,201,27,-2.1215084524676078,F,9
3,202,53,-3.271316666503635,F,9
4,203,124,-2.4554856777901666,F,9
5,203,88,-2.4554856777901666,F,9
6,204,149,-2.3508556392471043,F,9
6,205,28,-3.4388976639292204,F,9
7,205,32,-3.4388976639292204,F,9
8,206,153,-2.4281153704640723,F,9
10,207,127,-1.9652836876726214,F,9
12,208,136,-2.139013739616037,F,9
13,209,54,-3.011895819703417,F,9
14,210,148,-2.043380248813668,F,9
16,211,137,-2.370256257063663,F,9
17,212,60,-2.93975333640981,F,9
17,213,59,-3.148834380899788,F,9
18,214,135,-2.2126533557638615,F,9
20,215,103,-2.149685476176843,F,9
21,215,21,-2.149685476176843,F,9
23,216,116,-2.038750893823318,F,9
24,217,120,-2.013258297163106,F,9
26,218,154,-2.2261057289070605,F,9
27,219,41,-2.9525323534761587,F,9
28,220,75,-3.007658236540342,F,9
28,221,125,-2.170461261850563,F,9
30,222,145,-2.169489436501726,F,9
32,223,173,-2.381782042512271,F,9
34,224,163,-2.1132323519318343,F,9
34,225,15,-3.154007354732692,F,9
35,225,36,-3.154007354732692,F,9
35,226,46,-2.922322050244348,F,9
36,227,43,-3.1550550491228044,F,9
36,228,42,-2.198676479066396,F,9
37,228,61,-2.198676479066396,F,9
38,229,47,-3.572343966982634,F,9
38,230,52,-2.1469722349882066,F,9
39,230,44,-2.1469722349882066,F,9
39,231,42,-3.073239840128813,F,9
40,232,113,-2.0883850746512223,F,9
42,233,118,-2.124668420902939,F,9
43,234,47,-3.0090341866237016,F,9
44,234,14,-3.0090341866237016,F,9
44,235,48,-3.005638550881052,F,9
44,236,126,-2.1785867977309836,F,9
45,237,49,-3.3771800142002175,F,9
46,238,146,-2.1415311687442125,F,9
48,239,236,-2.354778916204486,F,9
50,240,44,-3.0990452288104566,F,9
50,241,105,-2.0865980271872537,F,9
51,241,61,-2.0865980271872537,F,9
53,242,208,-2.0799833236824066,F,9
55,243,143,-1.9565744512548173,F,9
56,243,43,-1.9565744512548173,F,9
58,244,159,-1.9991042881061463,F,9
60,245,164,-2.236853210620973,F,9
62,246,112,-2.1230882027513127,F,9
63,246,18,-2.1230882027513127,F,9
64,247,71,-2.2370052543394183,F,9
65,247,107,-2.2370052543394183,F,9
65,248,35,-3.063895999907512,F,9
66,248,22,-3.063895999907512,F,9
66,249,10,-2.0494917035906366,F,9
67,249,121,-2.0494917035906366,F,9
67,250,45,-3.4232605215665255,F,9
69,251,59,-3.6403948720120134,F,9
69,252,116,-2.0171564433331097,F,9
70,253,9,-3.0170392728060844,F,9
71,253,36,-3.0170392728060844,F,9
71,254,108,-2.355910628358373,F,9
72,254,96,-2.355910628358373,F,9
74,255,217,-2.1247500278002014,F,9
75,256,75,-3.2403109959366643,F,9
76,257,3,-2.1402818294625487,F,9
77,257,156,-2.1402818294625487,F,9
78,258,57,-2.9570167417079385,F,9
79,259,131,-2.0906268691253933,F,9
0,698,179,-2.084264963287536,F,16
1,698,349,-2.084264963287536,F,16
4,699,237,-2.204672696482163,F,16
5,699,57,-2.204672696482163,F,16
7,700,222,-2.1690145081630448,F,16
11,701,221,-2.215932656030623,F,16
13,702,52,-3.155966586620904,F,16
14,703,178,-2.0948917082202203,F,16
16,704,84,-3.385368854147446,F,16
17,705,234,-2.2049922590849835,F,16
18,706,64,-3.0761384774879836,F,16
19,707,234,-2.03952220448056,F,16
20,708,48,-3.173304265076816,F,16
21,709,214,-2.0936111075085257,F,16
22,709,75,-2.0936111075085257,F,16
23,710,149,-2.0890315965946122,F,16
24,710,179,-2.0890315965946122,F,16
25,711,6,-2.1154104061393615,F,16
26,711,326,-2.1154104061393615,F,16
27,712,54,-3.3362557314582997,F,16
28,713,52,-3.346051277098538,F,16
28,714,43,-3.210643629266648,F,16
28,715,56,-2.8941986905017,F,16
29,715,31,-2.8941986905017,F,16
29,716,184,-2.08505702478234,F,16
30,716,103,-2.08505702478234,F,16
31,717,70,-3.049391024922432,F,16
32,718,72,-3.2035463461334674,F,16
32,719,77,-3.2483727667196662,F,16
32,720,40,-2.2543582056070903,F,16
33,720,239,-2.2543582056070903,F,16
33,721,43,-3.5324903331542026,F,16
34,722,195,-2.1514749352306195,F,16
35,722,307,-2.1514749352306195,F,16
36,723,94,-3.0166048591642127,F,16
37,724,41,-2.9225583954305456,F,16
37,725,10,-2.12433729245733,F,16
38,725,276,-2.12433729245733,F,16
40,726,114,-2.3716148040311062,F,16
41,727,59,-3.077270264211356,F,16
42,728,42,-2.9700984024894552,F,16
42,729,45,-3.346833379302761,F,16
43,730,165,-2.1954834071578455,F,16
44,730,25,-2.1954834071578455,F,16
45,731,50,-3.215889004824814,F,16
47,732,219,-2.160876986442434,F,16
48,733,40,-3.084756024067828,F,16
48,734,58,-3.029932118421005,F,16
49,735,43,-3.1621210516432794,F,16
49,736,122,-2.1295173821734568,F,16
50,736,114,-2.1295173821734568,F,16
50,737,48,-2.7593830853002492,F,16
51,738,94,-2.105985935746985,F,16
52,738,204,-2.105985935746985,F,16
53,739,138,-2.0833006363133855,F,16
54,739,243,-2.0833006363133855,F,16
55,740,57,-3.073404913779495,F,16
56,741,71,-2.3025661890598705,F,16
57,741,162,-2.3025661890598705,F,16
58,742,311,-1.8777439825215336,F,16
59,742,350,-1.8777439825215336,F,16
60,742,351,-1.8777439825215336,F,16
61,742,167,-1.8777439825215336,F,16
61,743,134,-2.534519926791828,F,16
62,743,7,-2.534519926791828,F,16
62,744,76,-2.338888948344028,F,16
62,745,61,-3.0732323312785015,F,16
63,746,48,-2.808832683612987,F,16
64,747,55,-3.1594204156719954,F,16
65,748,43,-2.773934778047737,F,16
67,749,45,-3.1285380417335213,F,16
68,750,47,-2.9685107520113645,F,16
70,751,55,-3.1398908513501107,F,16
72,752,54,-3.1535024409042194,F,16
73,753,49,-3.2635978230638494,F,16
74,754,58,-2.9125190582503695,F,16
74,755,58,-3.0069213935232817,F,16
75,756,77,-3.037599777471758,F,16
75,757,31,-2.8240338548351573,F,16
76,757,12,-2.8240338548351573,F,16
76,758,93,-2.753825876098933,F,16
77,759,92,-2.849531371563846,F,16
77,760,51,-3.207531360627963,F,16
78,761,48,-3.000451714438264,F,16
78,762,69,-2.8658463941319536,F,16
79,763,32,-2.8558022348215433,F,16
0,771,55,-2.4171575500961513,F,17
0,772,58,-3.1257127784459917,F,17
1,773,238,-2.2707348046584013,F,17
2,773,8,-2.2707348046584013,F,17
3,774,178,-2.1271497113408007,F,17
4,774,126,-2.1271497113408007,F,17
5,775,59,-2.851996082533673,F,17
5,776,24,-2.130445663262932,F,17
6,776,148,-2.130445663262932,F,17
8,777,231,-2.0992639633724255,F,17
9,778,44,-2.939120040801679,F,17
10,779,277,-2.1671598654696465,F,17
11,779,43,-2.1671598654696465,F,17
12,780,146,-2.1572757458011904,F,17
13,780,171,-2.1572757458011904,F,17
15,781,167,-2.2023852427892625,F,17
16,781,15,-2.2023852427892625,F,17
17,782,230,-2.242997542563499,F,17
18,782,80,-2.242997542563499,F,17
19,783,129,-2.207171492517251,F,17
20,783,82,-2.207171492517251,F,17
20,784,51,-3.267980303387776,F,17
21,785,126,-2.134626985350778,F,17
22,785,95,-2.134626985350778,F,17
23,786,50,-3.3249316390433368,F,17
23,787,3,-2.24954344878252,F,17
24,787,198,-2.24954344878252,F,17
26,788,39,-2.3020076426684057,F,17
27,788,142,-2.3020076426684057,F,17
28,789,99,-2.2081966762828538,F,17
29,789,94,-2.2081966762828538,F,17
31,790,187,-2.1990672614924525,F,17
32,791,42,-3.378248389396741,F,17
33,792,207,-2.139079304352492,F,17
34,793,44,-3.004930211770091,F,17
35,794,182,-2.4017911509196237,F,17
37,795,68,-3.1158654979564706,F,17
38,796,192,-2.37271173776941,F,17
39,796,44,-2.37271173776941,F,17
40,797,266,-2.2374011643124456,F,17
42,798,172,-2.247033157381203,F,17
43,798,103,-2.247033157381203,F,17
44,799,114,-2.2154607094670116,F,17
45,799,49,-2.2154607094670116,F,17
45,800,49,-3.20261646637482,F,17
46,801,192,-2.2160134334196395,F,17
47,801,61,-2.2160134334196395,F,17
47,802,56,-3.0437464916105834,F,17
48,803,119,-2.165397899171897,F,17
49,803,154,-2.165397899171897,F,17
49,804,54,-3.3814357714723715,F,17
50,805,48,-3.0071316082456105,F,17
51,806,250,-2.1288563429203506,F,17
52,806,31,-2.1288563429203506,F,17
53,807,194,-2.2082599690064066,F,17
54,807,294,-2.2082599690064066,F,17
55,808,62,-2.9558203534370624,F,17
55,809,44,-3.2292401370106463,F,17
56,810,301,-2.1439886315730874,F,17
57,810,24,-2.1439886315730874,F,17
57,811,8,-2.2495513038249237,F,17
58,811,351,-2.2495513038249237,F,17
59,811,163,-2.2495513038249237,F,17
59,812,99,-2.4073590536161333,F,17
59,813,31,-2.3018760303262784,F,17
60,813,44,-2.3018760303262784,F,17
60,814,59,-2.828978106980675,F,17
60,815,114,-2.0404828606828858,F,17
60,816,47,-2.4918652755758552,F,17
61,816,9,-2.4918652755758552,F,17
61,817,76,-2.524906370042866,F,17
62,818,60,-2.4738782528639374,F,17
62,819,39,-2.3629718724731306,F,17
63,819,20,-2.3629718724731306,F,17
63,820,56,-3.2547722693723165,F,17
63,821,87,-3.064760753082,F,17
63,822,12,-3.100952116826221,F,17
64,822,34,-3.100952116826221,F,17
67,823,48,-3.1810136835681044,F,17
68,824,111,-3.241944970125501,F,17
68,825,69,-3.2967298057636802,F,17
69,826,56,-3.0182876004620836,F,17
70,827,95,-3.16610410258841,F,17
71,828,81,-3.1105382794531744,F,17
73,829,74,-2.850763586607068,F,17
75,830,32,-3.2196850980566927,F,17
76,830,16,-3.2196850980566927,F,17
78,831,47,-3.0637197760280044,F,17
78,832,47,-2.973398020991852,F,17
79,833,17,-3.772951991137654,F,17
0,4490,266,-2.439468379609904,F,63
0,4491,35,-2.9988919760686334,F,63
1,4491,83,-2.9988919760686334,F,63
2,4492,210,-2.3107256099228937,F,63
3,4493,23,-2.4127018021902145,F,63
4,4493,156,-2.4127018021902145,F,63
5,4494,153,-2.335204906068871,F,63
6,4494,54,-2.335204906068871,F,63
7,4495,216,-2.57041434717671,F,63
8,4495,78,-2.57041434717671,F,63
9,4496,282,-2.36685387202344,F,63
10,4497,14,-2.4755106272064067,F,63
11,4497,173,-2.4755106272064067,F,63
12,4498,47,-3.161567821458292,F,63
12,4499,64,-2.4327804026847404,F,63
13,4499,121,-2.4327804026847404,F,63
14,4500,183,-2.447397862215912,F,63
15,4500,56,-2.447397862215912,F,63
16,4501,69,-2.3460302143030294,F,63
17,4501,171,-2.3460302143030294,F,63
18,4502,42,-2.4536193337217886,F,63
19,4502,184,-2.4536193337217886,F,63
21,4503,170,-2.448394745813209,F,63
22,4504,130,-2.29483740726672,F,63
23,4504,92,-2.29483740726672,F,63
24,4505,19,-2.5194897035680706,F,63
25,4505,166,-2.5194897035680706,F,63
25,4506,63,-2.996997734228111,F,63
26,4507,47,-3.3048397300034447,F,63
26,4508,209,-2.2893790088009007,F,63
28,4509,43,-3.2759905252709816,F,63
28,4510,43,-3.0446340221196824,F,63
28,4511,54,-3.0325508568648467,F,63
28,4512,62,-2.383611510679443,F,63
29,4512,139,-2.383611510679443,F,63
30,4513,201,-2.447202697304962,F,63
31,4513,2,-2.447202697304962,F,63
32,4514,144,-2.278202418315103,F,63
34,4515,41,-2.938572739248057,F,63
34,4516,212,-2.3673251870954704,F,63
35,4517,21,-2.265388584172306,F,63
36,4517,295,-2.265388584172306,F,63
38,4518,219,-2.2670855058889345,F,63
40,4519,57,-3.0341589893877785,F,63
40,4520,48,-3.226300293271502,F,63
40,4521,29,-3.0792239698489583,F,63
41,4521,32,-3.0792239698489583,F,63
41,4522,181,-2.4499830601727655,F,63
43,4523,109,-2.4732232403421777,F,63
44,4524,130,-2.5017179295996765,F,63
46,4525,104,-2.5655117485920425,F,63
46,4526,41,-3.1436549925073507,F,63
47,4527,46,-2.496297162308776,F,63
48,4527,99,-2.496297162308776,F,63
48,4528,47,-3.2026628548737475,F,63
49,4529,113,-2.5296170169348904,F,63
50,4530,108,-2.583462738305332,F,63
51,4530,34,-2.583462738305332,F,63
51,4531,62,-3.0253813651873087,F,63
52,4532,95,-2.6240379731403496,F,63
52,4533,9,-3.270260158416604,F,63
53,4533,44,-3.270260158416604,F,63
53,4534,13,-2.539504904271833,F,63
54,4534,120,-2.539504904271833,F,63
55,4535,50,-3.293638721744568,F,63
55,4536,156,-2.4869614645558893,F,63
56,4537,22,-2.8010312791192664,F,63
57,4537,217,-2.8010312791192664,F,63
58,4538,166,-2.6305874137100327,F,63
58,4539,42,-2.5511546578538185,F,63
58,4540,22,-2.9129494677405026,F,63
59,4540,130,-2.9129494677405026,F,63
59,4541,165,-2.3929962495925072,F,63
59,4542,3,-2.5674205934401306,F,63
60,4542,62,-2.5674205934401306,F,63
60,4543,140,-2.2615036183161026,F,63
60,4544,45,-2.420781668150751,F,63
61,4544,162,-2.420781668150751,F,63
61,4545,57,-2.8922105803621725,F,63
61,4546,8,-2.893373997134536,F,63
62,4546,67,-2.893373997134536,F,63
62,4547,205,-2.1652939682987395,F,63
63,4547,128,-2.1652939682987395,F,63
67,4548,48,-3.0077798333614356,F,63
68,4549,58,-3.192084177010222,F,63
69,4550,9,-3.2263987348220917,F,63
70,4550,56,-3.2263987348220917,F,63
70,4551,53,-3.363003983399017,F,63
70,4552,48,-3.1816183114386316,F,63
73,4553,68,-3.1178294357108003,F,63
76,4554,46,-2.811175086528784,F,63
77,4555,341,-2.1614765240788634,F,63
78,4555,351,-2.1614765240788634,F,63
79,4555,232,-2.1614765240788634,F,63
0,4719,150,-2.3419532372062823,F,66
1,4720,62,-3.432752280096489,F,66
2,4721,235,-2.1980418212756643,F,66
3,4722,120,-2.3017337789620194,F,66
4,4722,96,-2.3017337789620194,F,66
4,4723,48,-3.1841367895975266,F,66
5,4724,116,-2.48167660625817,F,66
6,4724,220,-2.48167660625817,F,66
7,4725,91,-3.063967585814731,F,66
7,4726,115,-2.1800232289326518,F,66
8,4726,99,-2.1800232289326518,F,66
8,4727,41,-3.253838645283397,F,66
9,4728,267,-2.418820559122136,F,66
11,4729,245,-2.4112445325210974,F,66
12,4729,11,-2.4112445325210974,F,66
12,4730,76,-3.039922250425551,F,66
12,4731,42,-2.8472219559065084,F,66
13,4732,44,-2.8716971945372167,F,66
13,4733,55,-2.8486342897621797,F,66
13,4734,43,-2.9669977790261313,F,66
13,4735,56,-3.0382890354999392,F,66
14,4735,20,-3.0382890354999392,F,66
14,4736,174,-2.4289140978731814,F,66
15,4737,96,-2.3161182324738214,F,66
16,4737,146,-2.3161182324738214,F,66
17,4738,139,-2.4186970299693717,F,66
18,4738,66,-2.4186970299693717,F,66
18,4739,57,-3.312759601232949,F,66
18,4740,60,-2.912715906159786,F,66
19,4741,6,-2.422013038274252,F,66
20,4741,176,-2.422013038274252,F,66
21,4742,214,-2.3045410555534316,F,66
22,4742,36,-2.3045410555534316,F,66
22,4743,55,-2.8853531660269227,F,66
23,4744,161,-2.3446788234333136,F,66
23,4745,99,-2.8794743475857643,F,66
24,4746,72,-2.325343574469651,F,66
25,4746,148,-2.325343574469651,F,66
25,4747,89,-3.007550170301264,F,66
26,4748,48,-3.119826409656943,F,66
26,4749,127,-2.4394023568222507,F,66
27,4749,145,-2.4394023568222507,F,66
27,4750,75,-2.945889626251584,F,66
28,4751,94,-2.427923584274445,F,66
29,4751,146,-2.427923584274445,F,66
29,4752,59,-3.027331203950208,F,66
30,4753,84,-2.259536323661738,F,66
31,4753,129,-2.259536323661738,F,66
31,4754,29,-3.053390792435046,F,66
32,4754,33,-3.053390792435046,F,66
32,4755,131,-2.401752215130471,F,66
33,4755,235,-2.401752215130471,F,66
35,4756,183,-2.1957990086040198,F,66
35,4757,81,-3.0595350111817434,F,66
36,4758,47,-2.9476959017751967,F,66
36,4759,4,-2.154041071976761,F,66
37,4759,299,-2.154041071976761,F,66
38,4760,80,-3.15980736918566,F,66
38,4761,46,-3.1612480544118737,F,66
38,4762,75,-3.156911969882341,F,66
38,4763,18,-2.9685252603241317,F,66
39,4763,47,-2.9685252603241317,F,66
39,4764,255,-2.127274227912128,F,66
40,4765,47,-3.1611253216253727,F,66
40,4766,84,-2.9598700063754952,F,66
42,4767,47,-2.721882351933097,F,66
42,4768,160,-2.54292274630684,F,66
43,4768,23,-2.54292274630684,F,66
43,4769,42,-2.89490320457276,F,66
44,4770,173,-2.4854683679926155,F,66
45,4771,109,-3.037353005970293,F,66
45,4772,55,-2.461808699518051,F,66
46,4772,151,-2.461808699518051,F,66
47,4773,49,-2.985437685925689,F,66
47,4774,25,-2.4407435538386286,F,66
48,4774,101,-2.4407435538386286,F,66
48,4775,35,-3.04437247262279,F,66
49,4775,32,-3.04437247262279,F,66
49,4776,39,-2.4366503194279847,F,66
50,4776,100,-2.4366503194279847,F,66
50,4777,51,-3.0363197997715385,F,66
51,4778,53,-3.119995914874118,F,66
51,4779,148,-2.3552037509864405,F,66
52,4780,54,-3.0634126882736066,F,66
53,4781,176,-2.7421437388449657,F,66
54,4781,95,-2.7421437388449657,F,66
55,4782,185,-2.5298820100682713,F,66
57,4783,139,-2.435307480558098,F,66
58,4784,120,-2.4610548398431744,F,66
59,4784,62,-2.4610548398431744,F,66
59,4785,49,-2.90953238902111,F,66
59,4786,42,-2.944447618704468,F,66
60,4786,31,-2.944447618704468,F,66
60,4787,168,-2.7118036532345298,F,66
61,4788,58,-3.106869192426627,F,66
61,4789,54,-2.8623355447889667,F,66
61,4790,57,-2.5053265646967735,F,66
62,4790,70,-2.5053265646967735,F,66
62,4791,53,-2.8617408694849025,F,66
62,4792,63,-2.8218919717217505,F,66
62,4793,28,-3.1364565178114523,F,66
63,4793,14,-3.1364565178114523,F,66
63,4794,101,-2.513035973402581,F,66
64,4794,122,-2.513035973402581,F,66
64,4795,112,-2.625311111128883,F,66
64,4796,43,-3.0248096981802215,F,66
65,4797,96,-2.999011323231699,F,66
65,4798,120,-2.158286512223681,F,66
66,4798,61,-2.158286512223681,F,66
66,4799,52,-3.0632183288007244,F,66
66,4800,45,-3.247156988638367,F,66
66,4801,11,-2.855728071662635,F,66
67,4801,38,-2.855728071662635,F,66
67,4802,221,-2.245928860231217,F,66
68,4803,103,-3.048536144223043,F,66
68,4804,57,-2.9954750200195916,F,66
69,4805,195,-2.446459428546921,F,66
70,4806,43,-2.9344947798333387,F,66
71,4807,190,-2.292548394084898,F,66
71,4808,95,-3.111503341652157,F,66
72,4809,42,-2.9471583091237266,F,66
72,4810,23,-2.170698893226658,F,66
73,4810,256,-2.170698893226658,F,66
74,4811,43,-3.119213242924016,F,66
74,4812,56,-2.958737931270436,F,66
75,4812,2,-2.958737931270436,F,66
75,4813,51,-3.1536903381028507,F,66
75,4814,95,-3.14918453654498,F,66
75,4815,51,-3.006776856449873,F,66
76,4816,79,-2.9952401203657906,F,66
76,4817,89,-2.2145732594730996,F,66
77,4817,65,-2.2145732594730996,F,66
78,4818,312,-2.3121775251001315,F,66
79,4818,132,-2.3121775251001315,F,66
79,4819,50,-2.6955606061491637,F,66
0,8421,37,-2.902822621693211,F,93
0,8422,46,-2.9837352997790445,F,93
0,8423,61,-3.013411262086364,F,93
0,8424,65,-2.988808360887374,F,93
1,8425,255,-2.3901505578380693,F,93
1,8426,41,-2.81833492420655,F,93
2,8427,82,-2.796232006034359,F,93
2,8428,101,-3.1654042012808636,F,93
2,8429,35,-3.10339862261726,F,93
3,8429,26,-3.10339862261726,F,93
3,8430,54,-2.6960700427981434,F,93
3,8431,97,-2.853625519329102,F,93
4,8431,31,-2.853625519329102,F,93
4,8432,63,-2.962195119673723,F,93
4,8433,65,-2.7468296877808203,F,93
4,8434,92,-2.912066246438548,F,93
5,8434,84,-2.912066246438548,F,93
5,8435,50,-2.8813837298406084,F,93
5,8436,49,-2.839770569086244,F,93
5,8437,44,-2.6929691701991554,F,93
6,8437,167,-2.6929691701991554,F,93
6,8438,71,-3.025259084411253,F,93
6,8439,54,-2.045791016992886,F,93
7,8439,202,-2.045791016992886,F,93
7,8440,60,-2.825029812461742,F,93
8,8441,102,-2.846320530411699,F,93
8,8442,163,-2.698893722841425,F,93
9,8442,13,-2.698893722841425,F,93
9,8443,122,-2.943944897742995,F,93
9,8444,41,-2.537007061754802,F,93
9,8445,19,-2.425699423039015,F,93
10,8445,219,-2.425699423039015,F,93
10,8446,43,-2.8931183775107674,F,93
10,8447,46,-2.9504612600724363,F,93
11,8447,84,-2.9504612600724363,F,93
11,8448,44,-2.9008287695860555,F,93
11,8449,65,-2.9466018973169117,F,93
12,8449,91,-2.9466018973169117,F,93
12,8450,234,-2.457920310833364,F,93
13,8450,41,-2.457920310833364,F,93
13,8451,125,-2.6532394614673867,F,93
14,8452,45,-2.9879996953745325,F,93
14,8453,94,-2.374152320264116,F,93
15,8453,139,-2.374152320264116,F,93
15,8454,86,-3.1253994642547536,F,93
16,8455,224,-3.0132734064277757,F,93
16,8456,98,-2.959749354336646,F,93
17,8456,11,-2.959749354336646,F,93
17,8457,47,-3.054421691408843,F,93
17,8458,58,-2.869959323249157,F,93
17,8459,43,-2.369047671230842,F,93
18,8459,201,-2.369047671230842,F,93
18,8460,48,-2.642030134568227,F,93
18,8461,31,-2.615438661892069,F,93
19,8461,10,-2.615438661892069,F,93
19,8462,86,-2.8686084451849476,F,93
19,8463,44,-2.9049051429830044,F,93
20,8464,56,-3.178078938634176,F,93
20,8465,151,-2.372986972283732,F,93
21,8466,140,-2.8136337448292164,F,93
21,8467,47,-2.9006234571362954,F,93
22,8468,240,-2.3687692299295673,F,93
23,8468,33,-2.3687692299295673,F,93
23,8469,66,-3.0164793986032654,F,93
23,8470,61,-3.1081620821222278,F,93
24,8471,49,-3.120675864276149,F,93
24,8472,60,-3.044961691520386,F,93
24,8473,64,-2.655309358517548,F,93
25,8474,287,-2.5821283441576286,F,93
26,8474,41,-2.5821283441576286,F,93
26,8475,123,-2.618468921789372,F,93
27,8476,49,-2.863018770005503,F,93
27,8477,109,-2.469214928692058,F,93
28,8477,204,-2.469214928692058,F,93
28,8478,48,-2.816921746293608,F,93
29,8479,68,-2.7663703233146286,F,93
29,8480,88,-2.6576495593103644,F,93
29,8481,43,-2.9463539175861624,F,93
30,8481,15,-2.9463539175861624,F,93
30,8482,47,-3.012882211751524,F,93
30,8483,188,-2.2506829584456605,F,93
31,8483,7,-2.2506829584456605,F,93
31,8484,72,-3.234846895643393,F,93
31,8485,98,-3.1219452981486864,F,93
31,8486,79,-2.856468065606713,F,93
32,8486,44,-2.856468065606713,F,93
32,8487,56,-3.0183907543704165,F,93
32,8488,80,-2.399294336989313,F,93
33,8488,160,-2.399294336989313,F,93
34,8489,84,-2.80093660679316,F,93
34,8490,61,-3.0177412592735977,F,93
35,8491,69,-2.8073710015807865,F,93
35,8492,70,-2.9753260210174703,F,93
35,8493,61,-3.0182259068271846,F,93
36,8493,33,-3.0182259068271846,F,93
36,8494,300,-2.4112732970839343,F,93
37,8494,4,-2.4112732970839343,F,93
37,8495,63,-2.6569463143735086,F,93
37,8496,118,-3.0026114060201494,F,93
37,8497,49,-2.9348401069604098,F,93
38,8497,155,-2.9348401069604098,F,93
38,8498,84,-2.877946759991981,F,93
38,8499,68,-2.249319205077947,F,93
39,8499,89,-2.249319205077947,F,93
39,8500,129,-2.9103075221735195,F,93
39,8501,66,-3.003741110337461,F,93
40,8501,57,-3.003741110337461,F,93
40,8502,62,-3.2701452262382347,F,93
40,8503,80,-2.8248710318414707,F,93
40,8504,66,-2.7645281312049343,F,93
41,8504,109,-2.7645281312049343,F,93
41,8505,124,-2.763532649568349,F,93
42,8506,171,-2.2406042207064676,F,93
42,8507,54,-2.88448277716835,F,93
43,8508,73,-2.9965295553800355,F,93
43,8509,34,-3.1837587473301414,F,93
44,8509,34,-3.1837587473301414,F,93
44,8510,223,-2.4239511862563243,F,93
45,8511,77,-2.8760455301439403,F,93
45,8512,88,-2.9074267289515725,F,93
46,8512,12,-2.9074267289515725,F,93
46,8513,43,-3.0610423975334395,F,93
46,8514,101,-2.348622588355114,F,93
47,8514,93,-2.348622588355114,F,93
47,8515,29,-2.98000585334158,F,93
48,8515,119,-2.98000585334158,F,93
48,8516,53,-2.834370934780919,F,93
48,8517,48,-2.7028161818262317,F,93
49,8518,324,-2.5680182761201134,F,93
50,8518,179,-2.5680182761201134,F,93
50,8519,35,-2.9475753418116497,F,93
51,8519,7,-2.9475753418116497,F,93
51,8520,143,-2.837640502098564,F,93
51,8521,92,-2.8105731231804825,F,93
52,8522,145,-2.261122109857614,F,93
53,8522,177,-2.261122109857614,F,93
54,8523,130,-2.925805350521981,F,93
54,8524,40,-2.773359511480706,F,93
54,8525,55,-3.0318377219729213,F,93
55,8525,16,-3.0318377219729213,F,93
55,8526,230,-2.082216468660237,F,93
56,8526,49,-2.082216468660237,F,93
56,8527,99,-3.0574716640373336,F,93
57,8528,110,-2.8905181741164734,F,93
57,8529,41,-3.107130289129595,F,93
58,8530,44,-2.981585189926422,F,93
58,8531,50,-2.732550102920357,F,93
58,8532,70,-2.9027084860844043,F,93
58,8533,52,-2.2923471050051254,F,93
59,8533,201,-2.2923471050051254,F,93
59,8534,50,-2.9765191478791153,F,93
60,8535,95,-2.7984775463724465,F,93
61,8536,134,-2.907218326152277,F,93
62,8537,57,-3.068379487106571,F,93
62,8538,47,-2.945698929214494,F,93
63,8538,91,-2.945698929214494,F,93
64,8539,239,-2.8994721014544615,F,93
64,8540,79,-3.039600532929912,F,93
65,8540,67,-3.039600532929912,F,93
65,8541,63,-2.856253520370344,F,93
65,8542,70,-2.886945621822895,F,93
66,8542,20,-2.886945621822895,F,93
66,8543,57,-3.1020095246539325,F,93
66,8544,55,-3.0417638480401585,F,93
66,8545,81,-2.828367907229856,F,93
67,8545,28,-2.828367907229856,F,93
67,8546,92,-2.9594918386714695,F,93
67,8547,8,-2.9332188297080704,F,93
68,8547,84,-2.9332188297080704,F,93
68,8548,71,-2.791086002843552,F,93
68,8549,80,-2.8545760196171592,F,93
69,8550,110,-2.848198160545695,F,93
69,8551,185,-2.296708209267998,F,93
70,8552,83,-3.009917701929056,F,93
70,8553,69,-2.8118556039573575,F,93
70,8554,149,-2.937673635442538,F,93
71,8554,19,-2.937673635442538,F,93
71,8555,184,-2.544713203922249,F,93
72,8555,203,-2.544713203922249,F,93
73,8556,84,-2.863247893156212,F,93
73,8557,98,-2.8274784337190106,F,93
74,8558,197,-2.3878651716095045,F,93
74,8559,40,-2.738899515769419,F,93
74,8560,31,-3.082355727910159,F,93
75,8560,64,-3.082355727910159,F,93
75,8561,83,-2.824567961867505,F,93
75,8562,49,-2.9002387228479183,F,93
76,8562,59,-2.9002387228479183,F,93
76,8563,42,-3.0521521694963125,F,93
76,8564,121,-2.5865645537845947,F,93
77,8564,214,-2.5865645537845947,F,93
77,8565,121,-2.9757032138310766,F,93
78,8565,48,-2.9757032138310766,F,93
78,8566,119,-2.83830053050208,F,93
78,8567,29,-2.4309968238306436,F,93
79,8567,161,-2.4309968238306436,F,93
79,8568,60,-3.2315928905628457,F,93
79,8569,78,-2.8563659262210717,F,93
0,282,172,-2.74646448301886,G,9
1,283,52,-2.949787479621147,G,9
1,284,117,-2.4963783053796895,G,9
2,284,53,-2.4963783053796895,G,9
3,285,51,-3.5085231959067515,G,9
3,286,56,-3.022281709465899,G,9
3,287,5,-3.290499555259595,G,9
4,287,39,-3.290499555259595,G,9
4,288,44,-2.9289152252420685,G,9
5,288,5,-2.9289152252420685,G,9
9,289,88,-2.5959695064383244,G,9
10,289,352,-2.5959695064383244,G,9
11,289,16,-2.5959695064383244,G,9
11,290,321,-2.5784921947997796,G,9
12,290,98,-2.5784921947997796,G,9
12,291,23,-3.0376554033180345,G,9
13,291,47,-3.0376554033180345,G,9
15,292,126,-3.033315796906792,G,9
16,293,48,-2.9695755715806595,G,9
16,294,42,-3.2563384903247874,G,9
17,295,56,-3.362438751939967,G,9
17,296,46,-3.2077800910414007,G,9
18,297,80,-2.997154094488173,G,9
18,298,21,-2.4401963815291294,G,9
19,298,233,-2.4401963815291294,G,9
19,299,41,-2.8787714579655717,G,9
19,300,4,-2.5635987824882838,G,9
20,300,108,-2.5635987824882838,G,9
20,301,232,-2.55473398631223,G,9
21,301,58,-2.55473398631223,G,9
21,302,161,-2.6645188571064136,G,9
21,303,45,-2.6782159516971347,G,9
22,303,29,-2.6782159516971347,G,9
22,304,294,-2.6760819347393268,G,9
23,304,143,-2.6760819347393268,G,9
26,305,52,-3.092314603335117,G,9
26,306,64,-2.943866423059339,G,9
27,306,13,-2.943866423059339,G,9
28,307,45,-3.426137732386398,G,9
29,308,49,-2.9951561371999245,G,9
29,309,49,-2.9706433225570605,G,9
30,310,85,-2.708028710661331,G,9
30,311,169,-2.6055181448935305,G,9
31,311,201,-2.6055181448935305,G,9
31,312,76,-2.5049653650376795,G,9
31,313,36,-2.632537616005422,G,9
32,313,85,-2.632537616005422,G,9
32,314,237,-2.595859371493895,G,9
33,314,250,-2.595859371493895,G,9
34,315,48,-3.4382281319147134,G,9
37,316,67,-3.0984897729152237,G,9
38,317,63,-3.148345361864358,G,9
38,318,43,-3.285696300031145,G,9
40,319,17,-2.6569719354976895,G,9
41,319,300,-2.6569719354976895,G,9
41,320,24,-2.6957247379849214,G,9
42,320,119,-2.6957247379849214,G,9
42,321,84,-2.7029714119798807,G,9
42,322,56,-2.5760450225327833,G,9
43,322,172,-2.5760450225327833,G,9
43,323,142,-2.7052700921703847,G,9
44,323,101,-2.7052700921703847,G,9
44,324,229,-2.659187062928156,G,9
45,324,351,-2.659187062928156,G,9
46,324,147,-2.659187062928156,G,9
48,325,52,-3.1383444864944154,G,9
50,326,71,-3.1196696643156634,G,9
52,327,48,-3.3098609843240707,G,9
53,328,290,-2.671771870991222,G,9
54,328,343,-2.671771870991222,G,9
55,328,107,-2.671771870991222,G,9
55,329,231,-2.655419807368976,G,9
56,329,16,-2.655419807368976,G,9
56,330,94,-2.712166375271332,G,9
56,331,191,-2.7715480574561706,G,9
57,331,311,-2.7715480574561706,G,9
58,332,62,-2.781055242272338,G,9
59,333,63,-2.9318521423457127,G,9
59,334,57,-3.0218539026542497,G,9
60,335,47,-3.108890752079296,G,9
60,336,62,-3.007223148163215,G,9
62,337,49,-2.9986255366869337,G,9
62,338,40,-3.0480163157300737,G,9
62,339,44,-3.2846196289705483,G,9
63,340,47,-2.9583364265825804,G,9
64,341,51,-2.9633214011349045,G,9
67,342,243,-2.4801380132573563,G,9
71,343,192,-2.4010174138241327,G,9
72,344,123,-2.62502543578461,G,9
72,345,72,-2.661291664033212,G,9
72,346,71,-2.656172707479324,G,9
73,346,351,-2.656172707479324,G,9
74,346,147,-2.656172707479324,G,9
74,347,96,-2.788951278307132,G,9
74,348,22,-2.693101446332357,G,9
75,348,281,-2.693101446332357,G,9
75,349,55,-2.7912495746336177,G,9
76,349,6,-2.7912495746336177,G,9
76,350,320,-2.6177746795446435,G,9
77,350,86,-2.6177746795446435,G,9
77,351,213,-2.638279790432257,G,9
78,351,14,-2.638279790432257,G,9
78,352,56,-3.0307648633320015,G,9
79,352,5,-3.0307648633320015,G,9
79,353,59,-3.4151599935037367,G,9
79,354,56,-3.0129439301464416,G,9
0,771,161,-2.730694211400313,G,16
0,772,110,-2.7024891372023196,G,16
1,772,68,-2.7024891372023196,G,16
2,773,1,-3.0689280235557406,G,16
3,773,60,-3.0689280235557406,G,16
5,774,281,-2.4380108672113385,G,16
6,774,64,-2.4380108672113385,G,16
7,775,72,-3.142548139767004,G,16
9,776,68,-3.031852863025825,G,16
9,777,255,-2.498786800153847,G,16
10,777,177,-2.498786800153847,G,16
10,778,126,-2.8228803664276247,G,16
11,778,9,-2.8228803664276247,G,16
11,779,226,-2.64551803525599,G,16
11,780,26,-3.02817265822636,G,16
12,780,30,-3.02817265822636,G,16
12,781,51,-3.309770667651784,G,16
13,782,303,-2.307734453732443,G,16
14,782,98,-2.307734453732443,G,16
17,783,57,-3.0588640107939757,G,16
19,784,180,-2.377490197659748,G,16
20,784,308,-2.377490197659748,G,16
21,785,123,-2.9796619667468542,G,16
22,785,9,-2.9796619667468542,G,16
22,786,53,-3.1967476150536447,G,16
24,787,42,-3.041046828398178,G,16
24,788,85,-2.2134316545246366,G,16
25,788,338,-2.2134316545246366,G,16
26,789,45,-3.2281792319017115,G,16
27,790,50,-3.188857951963543,G,16
27,791,55,-3.0969882683981207,G,16
28,792,314,-2.190557441369197,G,16
29,792,267,-2.190557441369197,G,16
30,793,51,-3.3172378509547307,G,16
32,794,64,-3.1523918262066055,G,16
35,795,77,-3.0763965420102313,G,16
35,796,53,-2.2775320935807057,G,16
36,796,331,-2.2775320935807057,G,16
39,797,42,-3.0328601524442886,G,16
42,798,87,-3.0267402358211988,G,16
43,799,7,-2.521059692591676,G,16
44,799,279,-2.521059692591676,G,16
45,800,54,-3.139840983736857,G,16
48,801,278,-2.4984664188638623,G,16
49,802,133,-2.5378833141291186,G,16
50,803,41,-3.047998454642365,G,16
50,804,20,-2.9468301583523218,G,16
51,804,42,-2.9468301583523218,G,16
51,805,136,-2.530693561487281,G,16
52,805,215,-2.530693561487281,G,16
53,806,41,-2.918996289593382,G,16
53,807,59,-3.0030145784613884,G,16
53,808,43,-2.3999508277984973,G,16
54,808,280,-2.3999508277984973,G,16
58,809,79,-2.3286603826479704,G,16
59,809,251,-2.3286603826479704,G,16
59,810,82,-2.985506582151995,G,16
60,810,86,-2.985506582151995,G,16
60,811,254,-2.710060795714267,G,16
61,811,128,-2.710060795714267,G,16
62,812,182,-2.3203263357845216,G,16
63,812,188,-2.3203263357845216,G,16
64,813,51,-3.342639977848148,G,16
64,814,55,-3.287186689166748,G,16
66,815,51,-2.669866195324084,G,16
66,816,42,-2.60705298992864,G,16
66,817,169,-2.5441383841222063,G,16
67,817,110,-2.5441383841222063,G,16
67,818,76,-2.682191474847985,G,16
67,819,31,-2.5512737641321364,G,16
68,819,59,-2.5512737641321364,G,16
68,820,53,-2.3749635473166175,G,16
68,821,48,-2.3635946242954295,G,16
69,821,30,-2.3635946242954295,G,16
70,822,49,-2.374010461641248,G,16
73,823,56,-3.071284452797318,G,16
76,824,66,-3.028310107893534,G,16
77,825,56,-3.336885485748214,G,16
77,826,59,-3.063025393288191,G,16
78,827,56,-3.0075373410361292,G,16
78,828,52,-3.1273301520989745,G,16
79,829,60,-2.9090770793651775,G,16
0,834,91,-2.538005751652924,G,17
1,834,159,-2.538005751652924,G,17
1,835,52,-3.171948555832386,G,17
4,836,48,-3.0345282598610988,G,17
4,837,72,-2.688671072355298,G,17
5,837,226,-2.688671072355298,G,17
5,838,70,-2.845416751602305,G,17
6,838,214,-2.845416751602305,G,17
6,839,91,-2.812937316610292,G,17
7,839,195,-2.812937316610292,G,17
7,840,11,-2.949530709024471,G,17
8,840,80,-2.949530709024471,G,17
9,841,274,-2.5822274527806717,G,17
9,842,11,-2.7564067690211367,G,17
10,842,30,-2.7564067690211367,G,17
12,843,295,-2.451842695023952,G,17
13,844,190,-2.7523719379413363,G,17
14,845,54,-3.2454992695474476,G,17
15,846,208,-2.471111109605332,G,17
16,846,167,-2.471111109605332,G,17
18,847,247,-2.5919662826231677,G,17
19,847,103,-2.5919662826231677,G,17
19,848,47,-3.0561288094466823,G,17
20,849,51,-3.5406689434998264,G,17
21,850,296,-2.4952835800540054,G,17
22,851,54,-2.9712623783334013,G,17
22,852,206,-2.433336173863114,G,17
23,852,151,-2.433336173863114,G,17
25,853,305,-2.398526392118773,G,17
26,853,64,-2.398526392118773,G,17
26,854,66,-3.1349339519833155,G,17
27,855,56,-3.2471217661244793,G,17
29,856,50,-2.7859789751319193,G,17
29,857,155,-2.461802719004264,G,17
30,857,126,-2.461802719004264,G,17
30,858,79,-3.002057467881671,G,17
33,859,58,-2.9960453596136425,G,17
33,860,40,-2.584008765048176,G,17
34,860,238,-2.584008765048176,G,17
34,861,46,-2.844095985367412,G,17
35,861,62,-2.844095985367412,G,17
35,862,272,-2.645413316191897,G,17
36,863,311,-2.64338616504023,G,17
37,863,130,-2.64338616504023,G,17
37,864,51,-3.114263684016402,G,17
38,865,75,-3.3138284564490816,G,17
38,866,138,-2.391848099701043,G,17
39,866,350,-2.391848099701043,G,17
40,866,5,-2.391848099701043,G,17
40,867,51,-3.366391833439954,G,17
41,868,43,-3.1023812200365892,G,17
41,869,17,-2.9769461400845025,G,17
42,869,33,-2.9769461400845025,G,17
42,870,239,-2.3031399994667945,G,17
43,870,109,-2.3031399994667945,G,17
44,871,52,-3.109717457859482,G,17
44,872,89,-3.2048820024433637,G,17
45,873,45,-2.3524608545191117,G,17
45,874,99,-2.4973829015624665,G,17
46,874,176,-2.4973829015624665,G,17
46,875,16,-3.058689711615103,G,17
47,875,28,-3.058689711615103,G,17
48,876,46,-3.197865812369911,G,17
48,877,185,-2.364669514433856,G,17
49,877,176,-2.364669514433856,G,17
50,878,6,-2.4389573490658214,G,17
51,878,351,-2.4389573490658214,G,17
52,878,22,-2.4389573490658214,G,17
52,879,42,-2.9852387641050715,G,17
53,880,51,-3.3945084364270377,G,17
54,881,273,-2.3449004996678253,G,17
55,881,36,-2.3449004996678253,G,17
57,882,260,-2.481366132415542,G,17
59,883,162,-2.495897637429557,G,17
60,883,142,-2.495897637429557,G,17
61,884,41,-2.771660458664525,G,17
63,885,262,-2.393876029679393,G,17
64,885,98,-2.393876029679393,G,17
66,886,131,-2.571797745276059,G,17
66,887,88,-2.82789032826431,G,17
67,888,59,-2.8573179171342926,G,17
67,889,71,-2.340636259004306,G,17
67,890,40,-2.297527315232221,G,17
68,890,16,-2.297527315232221,G,17
68,891,61,-2.07643707996475,G,17
69,892,90,-2.819362021164013,G,17
70,893,86,-2.4071742789600803,G,17
71,894,92,-3.143670572076208,G,17
72,895,54,-3.225069123689041,G,17
72,896,45,-3.082696259690568,G,17
72,897,64,-3.17053318339615,G,17
72,898,20,-3.1653037198591485,G,17
73,898,51,-3.1653037198591485,G,17
73,899,102,-3.229925946732307,G,17
76,900,14,-3.3118042979683104,G,17
77,900,35,-3.3118042979683104,G,17
77,901,55,-2.9898695975416953,G,17
77,902,53,-3.3085507906057057,G,17
78,903,90,-3.064448946643159,G,17
78,904,59,-3.058120659192833,G,17
79,905,58,-3.0951014616224652,G,17
79,906,16,-2.805802947786782,G,17
0,5028,25,-3.095542965797499,G,63
1,5029,48,-2.5032750379918234,G,63
2,5029,351,-2.5032750379918234,G,63
3,5029,59,-2.5032750379918234,G,63
3,5030,117,-2.581845323895043,G,63
3,5031,123,-2.676889107307478,G,63
4,5031,46,-2.676889107307478,G,63
4,5032,292,-2.385928675814098,G,63
5,5032,343,-2.385928675814098,G,63
6,5033,105,-3.08379323213836,G,63
6,5034,46,-3.0737024518193197,G,63
7,5034,16,-3.0737024518193197,G,63
7,5035,73,-2.9214674287809976,G,63
7,5036,75,-3.108172669480836,G,63
9,5037,42,-3.017413349744785,G,63
9,5038,41,-3.0799386830786655,G,63
10,5039,48,-2.999583768782741,G,63
10,5040,157,-2.526171050256154,G,63
11,5040,247,-2.526171050256154,G,63
11,5041,68,-3.0307523370725495,G,63
12,5041,29,-3.0307523370725495,G,63
12,5042,24,-2.873684644815978,G,63
13,5042,27,-2.873684644815978,G,63
13,5043,310,-2.4885765447973185,G,63
14,5043,152,-2.4885765447973185,G,63
14,5044,9,-2.8275535892618695,G,63
15,5044,46,-2.8275535892618695,G,63
15,5045,53,-2.8614416049042197,G,63
16,5045,90,-2.8614416049042197,G,63
16,5046,233,-2.4553276239437505,G,63
17,5046,131,-2.4553276239437505,G,63
17,5047,129,-2.430153108303509,G,63
18,5047,352,-2.430153108303509,G,63
19,5047,126,-2.430153108303509,G,63
20,5048,59,-3.0845282151746227,G,63
21,5048,8,-3.0845282151746227,G,63
21,5049,44,-2.990377061273508,G,63
21,5050,245,-2.414568647009058,G,63
22,5050,140,-2.414568647009058,G,63
24,5051,42,-3.313647621595891,G,63
24,5052,150,-2.4457151689528507,G,63
25,5052,352,-2.4457151689528507,G,63
26,5052,33,-2.4457151689528507,G,63
26,5053,83,-2.8995961778175015,G,63
28,5054,53,-2.925716869553798,G,63
28,5055,252,-2.487769275177801,G,63
29,5055,179,-2.487769275177801,G,63
29,5056,21,-3.1107316338484026,G,63
30,5056,73,-3.1107316338484026,G,63
31,5057,338,-2.417106311186586,G,63
32,5057,352,-2.417106311186586,G,63
33,5057,351,-2.417106311186586,G,63
34,5057,335,-2.417106311186586,G,63
35,5058,41,-3.052898363787518,G,63
35,5059,43,-2.7677038057817023,G,63
36,5060,182,-3.1170231333867386,G,63
37,5061,233,-2.521353237189548,G,63
38,5061,287,-2.521353237189548,G,63
38,5062,6,-3.1108202395479547,G,63
39,5062,101,-3.1108202395479547,G,63
39,5063,44,-2.8930753425379017,G,63
40,5064,42,-2.866443196559884,G,63
40,5065,41,-3.224092175242647,G,63
41,5065,5,-3.224092175242647,G,63
41,5066,185,-2.3694496961956832,G,63
42,5066,182,-2.3694496961956832,G,63
42,5067,72,-3.0327722831845536,G,63
43,5067,6,-3.0327722831845536,G,63
44,5068,322,-2.602553427305195,G,63
45,5068,144,-2.602553427305195,G,63
45,5069,143,-2.503634129799094,G,63
46,5069,351,-2.503634129799094,G,63
47,5069,2,-2.503634129799094,G,63
47,5070,46,-3.22473932362711,G,63
49,5071,301,-2.5490583774808515,G,63
50,5071,73,-2.5490583774808515,G,63
50,5072,251,-2.6721618480576907,G,63
51,5072,117,-2.6721618480576907,G,63
51,5073,85,-2.9819387428551525,G,63
52,5074,85,-3.0259756455151487,G,63
52,5075,186,-2.933405961412005,G,63
53,5075,33,-2.933405961412005,G,63
53,5076,44,-3.1052333351263846,G,63
53,5077,45,-3.0491847722555905,G,63
53,5078,56,-2.7498989171569543,G,63
53,5079,71,-2.5741380729762247,G,63
54,5079,302,-2.5741380729762247,G,63
55,5080,342,-2.611665871274917,G,63
56,5080,351,-2.611665871274917,G,63
57,5080,351,-2.611665871274917,G,63
58,5080,100,-2.611665871274917,G,63
58,5081,14,-2.96062505411664,G,63
59,5081,31,-2.96062505411664,G,63
60,5082,52,-3.1117617197573626,G,63
60,5083,205,-2.522952767093198,G,63
61,5083,205,-2.522952767093198,G,63
62,5084,46,-2.9900672604653478,G,63
63,5085,103,-2.986513373164884,G,63
64,5086,296,-2.6054062801146505,G,63
65,5086,41,-2.6054062801146505,G,63
65,5087,71,-2.834228292421655,G,63
65,5088,74,-2.9256160081940408,G,63
66,5089,103,-3.061895580339238,G,63
66,5090,45,-2.6661107369528088,G,63
67,5090,66,-2.6661107369528088,G,63
67,5091,226,-2.1163665481379104,G,63
68,5091,27,-2.1163665481379104,G,63
70,5092,156,-2.103535914036751,G,63
70,5093,177,-2.7774542837650813,G,63
71,5093,12,-2.7774542837650813,G,63
71,5094,43,-3.205688926411163,G,63
71,5095,43,-3.10535826000003,G,63
72,5096,47,-2.868551145019033,G,63
72,5097,45,-2.928644413011441,G,63
74,5098,87,-2.748811570215404,G,63
74,5099,46,-3.087187441464894,G,63
75,5100,222,-2.9980539819813408,G,63
75,5101,42,-3.0434517312004212,G,63
76,5101,79,-3.0434517312004212,G,63
76,5102,63,-3.0793678036349292,G,63
77,5103,86,-2.9660289008399126,G,63
78,5104,178,-2.962766179353928,G,63
79,5104,28,-2.962766179353928,G,63
79,5105,52,-2.8842699125674116,G,63
79,5106,114,-2.8606930935572237,G,63
0,5295,16,-2.770040381186778,G,66
0,5296,65,-2.928425470905578,G,66
0,5297,16,-2.6025048958775674,G,66
1,5297,351,-2.6025048958775674,G,66
2,5297,311,-2.6025048958775674,G,66
3,5298,80,-2.8946406332595958,G,66
3,5299,1,-3.0803011073033586,G,66
4,5299,43,-3.0803011073033586,G,66
4,5300,83,-2.382675999638878,G,66
5,5300,277,-2.382675999638878,G,66
6,5301,51,-2.8056816608770907,G,66
6,5302,21,-2.9678754805217173,G,66
7,5302,71,-2.9678754805217173,G,66
7,5303,111,-2.371113305414422,G,66
8,5303,197,-2.371113305414422,G,66
8,5304,109,-3.123122517458755,G,66
9,5304,11,-3.123122517458755,G,66
9,5305,55,-3.22941066570526,G,66
10,5306,49,-3.0887361115082133,G,66
10,5307,47,-2.7830360598472987,G,66
10,5308,59,-2.7007094794351807,G,66
10,5309,5,-2.868832559629184,G,66
11,5309,63,-2.868832559629184,G,66
11,5310,174,-2.3955746131164464,G,66
12,5310,185,-2.3955746131164464,G,66
12,5311,151,-2.4886170516250523,G,66
13,5311,351,-2.4886170516250523,G,66
14,5311,90,-2.4886170516250523,G,66
14,5312,62,-3.161642578635681,G,66
14,5313,53,-2.9923305968618856,G,66
15,5314,57,-3.01395801277195,G,66
16,5315,44,-3.2905076538302787,G,66
16,5316,59,-2.9257608802711355,G,66
17,5317,321,-2.6767065871758504,G,66
18,5317,130,-2.6767065871758504,G,66
18,5318,44,-2.8510307115964366,G,66
18,5319,43,-2.8641636090518894,G,66
19,5320,42,-3.1388105038954865,G,66
20,5321,299,-2.5839368788018993,G,66
21,5321,135,-2.5839368788018993,G,66
21,5322,49,-2.65519374595861,G,66
22,5323,70,-2.9603973196654367,G,66
22,5324,59,-2.443307422439436,G,66
23,5324,316,-2.443307422439436,G,66
23,5325,2,-3.0629039823056328,G,66
24,5325,76,-3.0629039823056328,G,66
25,5326,54,-3.0144353191912288,G,66
26,5327,331,-2.581794410612021,G,66
27,5327,44,-2.581794410612021,G,66
27,5328,69,-2.8444118366580198,G,66
28,5329,69,-2.522732248923351,G,66
29,5329,332,-2.522732248923351,G,66
30,5330,82,-3.002841723566047,G,66
31,5331,129,-2.309177199417988,G,66
32,5331,352,-2.309177199417988,G,66
33,5331,160,-2.309177199417988,G,66
33,5332,84,-3.016675570869655,G,66
34,5333,63,-2.8958404070737114,G,66
34,5334,1,-3.1081880533449695,G,66
35,5334,81,-3.1081880533449695,G,66
35,5335,98,-2.9277142662526248,G,66
36,5336,235,-2.434237559183771,G,66
37,5336,82,-2.434237559183771,G,66
37,5337,68,-2.896732643858088,G,66
38,5338,48,-2.9827560255892926,G,66
39,5338,35,-2.9827560255892926,G,66
39,5339,206,-2.4576469844077105,G,66
40,5339,190,-2.4576469844077105,G,66
40,5340,107,-2.601647075816156,G,66
41,5340,117,-2.601647075816156,G,66
41,5341,37,-2.9668003629355653,G,66
42,5341,49,-2.9668003629355653,G,66
42,5342,71,-3.005339207400519,G,66
42,5343,50,-2.98490298184341,G,66
43,5344,169,-2.5000325871702076,G,66
44,5344,230,-2.5000325871702076,G,66
44,5345,40,-2.9386918538988587,G,66
45,5345,2,-2.9386918538988587,G,66
45,5346,66,-2.686871193817746,G,66
45,5347,28,-2.487755229364483,G,66
46,5347,297,-2.487755229364483,G,66
47,5348,294,-2.4567330650689727,G,66
48,5348,17,-2.4567330650689727,G,66
48,5349,81,-2.9109109072746415,G,66
48,5350,9,-3.100656300805515,G,66
49,5350,62,-3.100656300805515,G,66
49,5351,86,-3.334812045515152,G,66
49,5352,111,-2.688684741083781,G,66
50,5352,344,-2.688684741083781,G,66
51,5352,35,-2.688684741083781,G,66
51,5353,52,-2.93504532736154,G,66
52,5354,57,-2.9565003470755076,G,66
52,5355,189,-2.5274004479896153,G,66
53,5355,157,-2.5274004479896153,G,66
53,5356,11,-2.999504251188222,G,66
54,5356,33,-2.999504251188222,G,66
54,5357,57,-2.6217401624664705,G,66
55,5357,304,-2.6217401624664705,G,66
57,5358,188,-2.538949311755172,G,66
58,5358,60,-2.538949311755172,G,66
58,5359,188,-2.7933087945917583,G,66
59,5360,54,-3.051431130434124,G,66
59,5361,52,-3.01030510199334,G,66
59,5362,87,-2.8876322639110827,G,66
60,5363,264,-2.425956259652467,G,66
61,5363,10,-2.425956259652467,G,66
61,5364,77,-3.065736982152563,G,66
62,5365,37,-2.6651447213638084,G,66
63,5365,351,-2.6651447213638084,G,66
64,5365,92,-2.6651447213638084,G,66
64,5366,247,-2.6075916442714764,G,66
65,5366,308,-2.6075916442714764,G,66
66,5367,127,-2.885186713057412,G,66
67,5368,194,-2.615095928729845,G,66
68,5368,326,-2.615095928729845,G,66
69,5369,49,-2.964383456422432,G,66
70,5370,54,-3.2273156206258053,G,66
70,5371,47,-2.5837833824097025,G,66
71,5371,351,-2.5837833824097025,G,66
72,5371,65,-2.5837833824097025,G,66
72,5372,155,-2.5535252088485128,G,66
73,5372,253,-2.5535252088485128,G,66
74,5373,51,-3.1375352419676097,G,66
74,5374,37,-3.077207668073061,G,66
75,5374,38,-3.077207668073061,G,66
75,5375,41,-3.060691568542972,G,66
75,5376,98,-3.067054013913444,G,66
76,5377,99,-3.2434078961668518,G,66
77,5377,49,-3.2434078961668518,G,66
77,5378,264,-2.5896569030753875,G,66
78,5378,351,-2.5896569030753875,G,66
79,5378,19,-2.5896569030753875,G,66
79,5379,233,-2.6497069414895087,G,66
1,7879,339,-2.4779041366409484,G,93
2,7879,186,-2.4779041366409484,G,93
3,7880,72,-2.9421839065959157,G,93
3,7881,150,-2.8931573933100747,G,93
4,7882,57,-3.2138115341689337,G,93
4,7883,44,-2.997571505389062,G,93
5,7884,251,-2.417940805400986,G,93
6,7884,254,-2.417940805400986,G,93
6,7885,61,-2.273462204437981,G,93
7,7885,305,-2.273462204437981,G,93
8,7886,62,-3.0456395385611765,G,93
8,7887,2,-3.0026835004637604,G,93
9,7887,93,-3.0026835004637604,G,93
9,7888,43,-3.101573238026997,G,93
10,7889,56,-2.866195581855661,G,93
10,7890,64,-3.037478594474976,G,93
10,7891,51,-3.1310395772976762,G,93
11,7892,110,-2.876587088666483,G,93
11,7893,42,-3.139386984657599,G,93
11,7894,105,-3.155595434342189,G,93
12,7894,5,-3.155595434342189,G,93
12,7895,134,-2.8443541439171662,G,93
12,7896,47,-3.015244271260716,G,93
13,7897,92,-2.872008092628459,G,93
13,7898,20,-3.106018830626788,G,93
14,7898,129,-3.106018830626788,G,93
14,7899,47,-2.789928965140559,G,93
16,7900,81,-2.8348451966800554,G,93
16,7901,46,-3.0563408157026335,G,93
17,7901,2,-3.0563408157026335,G,93
17,7902,55,-3.0476144885180836,G,93
17,7903,44,-2.7640397327537736,G,93
18,7904,99,-3.150471290374396,G,93
20,7905,125,-2.8144051985330574,G,93
20,7906,51,-2.8741532176426547,G,93
22,7907,242,-3.0082908961128467,G,93
23,7908,51,-2.661926740978107,G,93
23,7909,69,-2.782739126633675,G,93
23,7910,20,-2.7206824152088926,G,93
24,7910,67,-2.7206824152088926,G,93
24,7911,46,-2.68397925818796,G,93
25,7912,82,-2.827056532993887,G,93
26,7913,63,-2.7745768782406133,G,93
26,7914,60,-2.932963363038153,G,93
27,7915,328,-2.2445182336433183,G,93
28,7915,350,-2.2445182336433183,G,93
29,7915,351,-2.2445182336433183,G,93
30,7915,351,-2.2445182336433183,G,93
31,7915,137,-2.2445182336433183,G,93
31,7916,65,-3.082621555547828,G,93
31,7917,10,-2.8356280918561367,G,93
32,7917,97,-2.8356280918561367,G,93
32,7918,87,-3.0178763774872017,G,93
33,7918,21,-3.0178763774872017,G,93
33,7919,41,-3.2682408104727316,G,93
33,7920,54,-2.915024619247042,G,93
34,7921,60,-3.0155280525551538,G,93
34,7922,102,-3.0340966782239516,G,93
35,7923,49,-3.202151910397595,G,93
35,7924,12,-2.9369524225609296,G,93
36,7924,71,-2.9369524225609296,G,93
37,7925,265,-2.2599438882901346,G,93
38,7925,352,-2.2599438882901346,G,93
39,7925,351,-2.2599438882901346,G,93
40,7925,7,-2.2599438882901346,G,93
40,7926,73,-2.900394153865053,G,93
40,7927,51,-2.8889441452885998,G,93
40,7928,11,-2.9549345659043285,G,93
41,7928,63,-2.9549345659043285,G,93
41,7929,88,-3.274503279666413,G,93
41,7930,76,-3.0779054110405504,G,93
42,7931,65,-3.019605482762563,G,93
42,7932,52,-2.753271226841248,G,93
42,7933,63,-2.9678768307024663,G,93
43,7934,132,-2.940660285504616,G,93
43,7935,49,-3.2138036704346553,G,93
43,7936,13,-3.065897255733707,G,93
44,7936,32,-3.065897255733707,G,93
44,7937,42,-2.699382467913864,G,93
45,7938,82,-2.8061836781793943,G,93
49,7939,55,-2.844058102653714,G,93
49,7940,58,-2.982383690092229,G,93
49,7941,51,-3.1361510887751574,G,93
50,7941,2,-3.1361510887751574,G,93
50,7942,86,-2.948474193748976,G,93
50,7943,53,-2.9866294620887963,G,93
51,7944,98,-2.9413374566459316,G,93
51,7945,88,-3.1339696793324654,G,93
52,7946,42,-3.052682788654449,G,93
55,7947,105,-3.034058547122322,G,93
56,7948,117,-3.001449606091223,G,93
57,7948,59,-3.001449606091223,G,93
57,7949,47,-2.8819784168375175,G,93
58,7949,23,-2.8819784168375175,G,93
58,7950,142,-2.882059673244365,G,93
58,7951,27,-2.975018737175396,G,93
59,7951,40,-2.975018737175396,G,93
59,7952,88,-2.9307010693217213,G,93
59,7953,91,-3.0701072828519167,G,93
60,7954,70,-2.8878053828028136,G,93
60,7955,45,-3.068023581571892,G,93
61,7955,127,-3.068023581571892,G,93
63,7956,102,-3.054735279155129,G,93
63,7957,103,-2.8637133098197434,G,93
64,7958,100,-2.974187799182846,G,93
65,7959,79,-3.0625309445512605,G,93
66,7960,43,-3.082784504826198,G,93
66,7961,118,-2.975191474402292,G,93
67,7961,47,-2.975191474402292,G,93
67,7962,71,-3.0244190677327305,G,93
67,7963,50,-3.016178571405531,G,93
68,7964,58,-3.0896665293111623,G,93
69,7965,104,-3.005536407970399,G,93
70,7966,68,-2.9353595793181837,G,93
71,7966,20,-2.9353595793181837,G,93
71,7967,87,-3.000918668327623,G,93
71,7968,80,-2.993732138158031,G,93
72,7969,60,-2.848028515520115,G,93
73,7970,88,-3.0302591181318053,G,93
73,7971,65,-2.9591386691196964,G,93
74,7972,65,-2.71512656253572,G,93
74,7973,108,-3.0080226109890216,G,93
75,7973,40,-3.0080226109890216,G,93
76,7974,49,-2.83573929371406,G,93
76,7975,47,-3.038425628954176,G,93
76,7976,43,-2.966269663674418,G,93
77,7976,25,-2.966269663674418,G,93
77,7977,88,-3.0111833924932103,G,93
78,7978,123,-2.9307044071345767,G,93
79,7979,74,-2.3265258446122887,G,93
0,162,138,-2.602291170265089,H,9
2,163,83,-2.621849149727269,H,9
2,164,66,-2.687615853432328,H,9
3,164,9,-2.687615853432328,H,9
4,165,115,-2.5358795322572028,H,9
6,166,121,-2.5132702791285584,H,9
8,167,101,-2.487324107789085,H,9
10,168,113,-2.68299831863452,H,9
12,169,100,-2.532249773298711,H,9
14,170,86,-2.520715747723589,H,9
16,171,106,-2.6894048482620425,H,9
18,172,112,-2.509813001641435,H,9
19,173,60,-2.4301366563789433,H,9
20,173,36,-2.4301366563789433,H,9
20,174,102,-2.7794150512394182,H,9
22,175,83,-2.5698162502494117,H,9
23,175,38,-2.5698162502494117,H,9
24,176,85,-2.71785957161386,H,9
25,177,69,-2.775738594204426,H,9
27,178,63,-2.652407666635446,H,9
27,179,63,-2.9496451937289803,H,9
31,180,89,-2.610704915408705,H,9
31,181,13,-2.7632997834269974,H,9
32,181,60,-2.7632997834269974,H,9
34,182,72,-2.6328366754375647,H,9
34,183,61,-3.056152820118456,H,9
37,184,98,-2.906347891363392,H,9
37,185,47,-2.6433345226712155,H,9
38,185,13,-2.6433345226712155,H,9
40,186,97,-2.548994813890999,H,9
42,187,98,-2.540622391414738,H,9
45,188,85,-2.610213828718624,H,9
45,189,79,-3.0627130705637464,H,9
47,190,78,-2.6038933484212254,H,9
50,191,77,-2.5101012633623414,H,9
50,192,59,-2.731824310395864,H,9
53,193,89,-2.651014866421804,H,9
55,194,89,-2.5222116802859174,H,9
55,195,72,-2.891723621139354,H,9
57,196,88,-2.422926018639889,H,9
58,197,50,-2.727247597292615,H,9
59,198,74,-2.485120150663197,H,9
60,198,50,-2.485120150663197,H,9
62,199,86,-2.58943851623771,H,9
62,200,51,-2.6431361556813924,H,9
64,201,36,-2.4459594245631684,H,9
65,201,62,-2.4459594245631684,H,9
65,202,84,-2.7650977300819477,H,9
67,203,14,-2.377487540899342,H,9
68,203,143,-2.377487540899342,H,9
70,204,107,-2.4872288836457206,H,9
72,205,88,-2.544012052927001,H,9
73,206,51,-2.6026105078484054,H,9
75,207,87,-2.5833089307254533,H,9
77,208,72,-2.5991763080158665,H,9
78,209,52,-2.9075190647531164,H,9
79,210,3,-3.733441194575365,H,9
0,398,115,-2.7034805238458843,H,16
1,399,68,-2.58565838049536,H,16
4,400,152,-2.5182997830317735,H,16
4,401,106,-2.368600974635669,H,16
5,401,256,-2.368600974635669,H,16
5,402,66,-2.1759296099166914,H,16
6,403,81,-2.1891715755113417,H,16
6,404,72,-2.093213788823591,H,16
6,405,69,-2.0267808045104294,H,16
7,405,7,-2.0267808045104294,H,16
7,406,64,-2.4046159572950625,H,16
7,407,97,-2.3967073094104183,H,16
7,408,63,-2.5324565450857803,H,16
8,408,26,-2.5324565450857803,H,16
8,409,46,-2.531268767704497,H,16
8,410,53,-2.224131972119526,H,16
9,411,70,-2.4238183388900834,H,16
37,412,82,-2.626115928050357,H,16
45,413,67,-2.582418619080564,H,16
50,414,134,-2.4130441752148633,H,16
54,415,116,-2.724649579723417,H,16
57,416,26,-2.6231048569397486,H,16
58,416,69,-2.6231048569397486,H,16
58,417,129,-2.4227724285126344,H,16
59,417,24,-2.4227724285126344,H,16
60,418,140,-2.4304603975724586,H,16
61,418,12,-2.4304603975724586,H,16
62,419,169,-2.3814966099309314,H,16
64,420,178,-2.3426715197898247,H,16
66,421,171,-2.37557497687973,H,16
68,422,149,-2.3851899141409154,H,16
70,423,29,-2.481160769276247,H,16
71,423,85,-2.481160769276247,H,16
73,424,128,-2.484802560936985,H,16
75,425,137,-2.468139217463419,H,16
76,426,58,-2.3468380446450023,H,16
77,426,130,-2.3468380446450023,H,16
79,427,184,-2.52908185136509,H,16
0,431,132,-2.351888835779671,H,17
2,432,162,-2.442348494136829,H,17
6,433,104,-2.6710191768353995,H,17
7,434,180,-2.508471741124602,H,17
7,435,104,-2.5491993268199415,H,17
8,436,178,-2.411413880667223,H,17
10,437,172,-2.3503748831716638,H,17
13,438,163,-2.529107611961222,H,17
15,439,169,-2.3995371245725736,H,17
16,440,152,-2.2698275085608497,H,17
18,441,151,-2.253528770408967,H,17
20,442,165,-2.3559740775846456,H,17
26,443,180,-2.7088791673103065,H,17
26,444,103,-2.6651707239344833,H,17
27,445,153,-2.45987880743781,H,17
29,446,190,-2.3420424218943356,H,17
31,447,169,-2.346756770870197,H,17
35,448,168,-2.568255767361139,H,17
36,449,288,-2.3774456782686633,H,17
39,450,174,-2.3553003146139804,H,17
42,451,130,-2.357962915615514,H,17
43,451,40,-2.357962915615514,H,17
44,452,151,-2.283850499102836,H,17
46,453,135,-2.4128553491031295,H,17
47,453,31,-2.4128553491031295,H,17
49,454,193,-2.431877455343302,H,17
50,455,160,-2.2536526530500334,H,17
52,456,154,-2.358434542079295,H,17
53,457,14,-2.6241067176412454,H,17
54,457,198,-2.6241067176412454,H,17
55,458,92,-2.5030031373589186,H,17
56,458,90,-2.5030031373589186,H,17
57,459,70,-2.412218137068905,H,17
58,459,80,-2.412218137068905,H,17
59,460,12,-2.2935029534783524,H,17
60,460,162,-2.2935029534783524,H,17
62,461,129,-2.329346217984799,H,17
64,462,146,-2.373216976033225,H,17
65,462,22,-2.373216976033225,H,17
67,463,115,-2.588745058385105,H,17
69,464,150,-2.325210827614616,H,17
71,465,163,-2.3449751710128948,H,17
73,466,191,-2.3673080549099597,H,17
75,467,138,-2.4232627255366994,H,17
77,468,141,-2.337969672095767,H,17
79,469,145,-2.2667435474550364,H,17
0,2048,87,-2.4205585658243365,H,63
1,2048,81,-2.4205585658243365,H,63
3,2049,199,-2.5748943021193695,H,63
5,2050,145,-2.4220209095056777,H,63
7,2051,153,-2.4928052091039667,H,63
8,2052,52,-2.4324437273823194,H,63
9,2052,104,-2.4324437273823194,H,63
10,2053,130,-2.4183878787426396,H,63
11,2053,69,-2.4183878787426396,H,63
16,2054,29,-2.6963471941686663,H,63
17,2054,181,-2.6963471941686663,H,63
18,2055,89,-2.8865244880903873,H,63
19,2055,73,-2.8865244880903873,H,63
19,2056,171,-2.4902907598028703,H,63
19,2057,41,-2.7314053998208268,H,63
20,2057,5,-2.7314053998208268,H,63
20,2058,152,-2.4594902003879695,H,63
20,2059,87,-2.2350630825518394,H,63
21,2060,174,-1.8964784093902902,H,63
21,2061,49,-2.4065681772985434,H,63
22,2061,124,-2.4065681772985434,H,63
22,2062,104,-2.506614405839845,H,63
23,2063,63,-2.3203433586054323,H,63
24,2064,266,-2.0748850664632643,H,63
25,2064,9,-2.0748850664632643,H,63
47,2065,113,-2.6154222677922077,H,63
50,2066,205,-2.4355093342308654,H,63
52,2067,66,-2.68004647707955,H,63
52,2068,128,-2.1468969680557395,H,63
53,2068,351,-2.1468969680557395,H,63
54,2068,322,-2.1468969680557395,H,63
57,2069,41,-3.320272203574729,H,63
57,2070,23,-2.2223437891486486,H,63
58,2070,351,-2.2223437891486486,H,63
59,2070,155,-2.2223437891486486,H,63
64,2071,229,-2.2587227446292975,H,63
65,2071,350,-2.2587227446292975,H,63
66,2071,293,-2.2587227446292975,H,63
69,2072,33,-2.2685964324218464,H,63
70,2072,218,-2.2685964324218464,H,63
75,2073,251,-2.510491669788028,H,63
78,2074,279,-2.33052104333979,H,63
79,2074,36,-2.33052104333979,H,63
2,2119,90,-2.528293435036293,H,66
3,2119,160,-2.528293435036293,H,66
7,2120,131,-2.448572454944449,H,66
8,2120,56,-2.448572454944449,H,66
9,2121,95,-2.4401753422375605,H,66
10,2121,160,-2.4401753422375605,H,66
11,2122,50,-3.5491586392665075,H,66
17,2123,213,-2.4301494780112276,H,66
25,2124,108,-2.6363461217909503,H,66
26,2124,34,-2.6363461217909503,H,66
27,2125,57,-2.5901825046325695,H,66
29,2126,200,-2.444859735467177,H,66
31,2127,203,-2.5043835748613663,H,66
33,2128,60,-2.484023857702819,H,66
34,2128,142,-2.484023857702819,H,66
35,2129,67,-2.471550150729833,H,66
36,2129,176,-2.471550150729833,H,66
38,2130,8,-2.4969747196084175,H,66
39,2130,289,-2.4969747196084175,H,66
41,2131,124,-2.586794743016048,H,66
42,2132,21,-2.3947422602996475,H,66
43,2132,177,-2.3947422602996475,H,66
45,2133,40,-2.3971012925678106,H,66
46,2133,249,-2.3971012925678106,H,66
48,2134,214,-2.3899784707081997,H,66
49,2134,106,-2.3899784707081997,H,66
51,2135,228,-2.3834981877079944,H,66
53,2136,5,-2.4291466532211636,H,66
54,2136,162,-2.4291466532211636,H,66
55,2137,47,-2.387359457513406,H,66
56,2137,144,-2.387359457513406,H,66
58,2138,172,-2.573852275362932,H,66
59,2138,5,-2.573852275362932,H,66
60,2139,100,-2.547930919375565,H,66
61,2139,114,-2.547930919375565,H,66
63,2140,160,-2.6420908652599833,H,66
64,2141,69,-2.4667583615047715,H,66
65,2141,227,-2.4667583615047715,H,66
69,2142,8,-2.5314421362805235,H,66
70,2142,233,-2.5314421362805235,H,66
71,2143,133,-2.508545382305816,H,66
72,2143,251,-2.508545382305816,H,66
74,2144,10,-2.480000466435873,H,66
75,2144,195,-2.480000466435873,H,66
76,2145,55,-2.5052390215103824,H,66
77,2145,147,-2.5052390215103824,H,66
2,2843,210,-2.6921448771471725,H,93
4,2844,175,-2.6350238840611366,H,93
5,2844,76,-2.6350238840611366,H,93
7,2845,224,-2.6086435965783696,H,93
9,2846,48,-2.6600397053674847,H,93
10,2846,139,-2.6600397053674847,H,93
12,2847,228,-2.7049987020122064,H,93
13,2847,10,-2.7049987020122064,H,93
14,2848,20,-2.5658249601537504,H,93
15,2848,182,-2.5658249601537504,H,93
17,2849,109,-2.57141501609735,H,93
18,2849,150,-2.57141501609735,H,93
24,2850,172,-2.6660714365430653,H,93
26,2851,143,-2.5463136763199943,H,93
27,2851,137,-2.5463136763199943,H,93
29,2852,121,-2.5519757440277298,H,93
30,2852,90,-2.5519757440277298,H,93
33,2853,244,-2.4834296156958464,H,93
34,2853,351,-2.4834296156958464,H,93
35,2853,351,-2.4834296156958464,H,93
36,2853,301,-2.4834296156958464,H,93
42,2854,132,-2.5664203904203133,H,93
43,2854,115,-2.5664203904203133,H,93
52,2855,184,-2.6341051824939203,H,93
53,2855,46,-2.6341051824939203,H,93
55,2856,326,-2.576152793544962,H,93
56,2856,106,-2.576152793544962,H,93
57,2857,162,-2.5433930394906756,H,93
58,2857,22,-2.5433930394906756,H,93
59,2858,184,-2.52030342650872,H,93
62,2859,153,-2.5991546753615093,H,93
64,2860,175,-2.635984682604038,H,93
65,2860,47,-2.635984682604038,H,93
66,2861,189,-2.6145817392939845,H,93
70,2862,139,-2.583783971633073,H,93
71,2862,4,-2.583783971633073,H,93
73,2863,202,-2.6973228104527704,H,93
75,2864,184,-2.6148390685347085,H,93
77,2865,157,-2.635175426119432,H,93
78,2865,54,-2.635175426119432,H,93
