version,panel,family,condition,left,right,test,n_control,n_conditioned,n_pairs,statistic,p_raw,method,rank_biserial,median_change,zero_differences,absolute_difference_ties,median_change_conditioned,median_change_control,descriptive_difference_of_median_changes,p_holm24,stars
ratio,D,between,delay vs control,0,0,Mann-Whitney U,28.0,29.0,,375.0,0.6263620309924234,asymptotic; tie/continuity corrected,-0.07635467980295563,,,,,,,1.0,ns
ratio,D,between,delay vs control,1,1,Mann-Whitney U,24.0,29.0,,90.0,4.201654524902445e-06,asymptotic; tie/continuity corrected,-0.7413793103448276,,,,,,,9.663805407275623e-05,****
ratio,D,between,delay vs control,2,2,Mann-Whitney U,26.0,29.0,,277.0,0.09346626789483338,asymptotic; tie/continuity corrected,-0.26525198938992045,,,,,,,1.0,ns
ratio,D,within,delay,0,1,paired Wilcoxon signed-rank,,,29.0,12.0,2.60770320892334e-07,exact; zero_method=wilcox,,-0.09433450262353404,0.0,False,,,,6.258487701416016e-06,****
ratio,D,within,control,0,1,paired Wilcoxon signed-rank,,,24.0,137.0,0.7257407903671265,exact; zero_method=wilcox,,0.009044918113256417,0.0,False,,,,1.0,ns
ratio,D,change,delay vs control,0,1,Mann-Whitney U on within-fish changes,24.0,29.0,,143.0,0.0002580686860566367,asymptotic; tie/continuity corrected,-0.5890804597701149,,,,-0.09433450262353404,0.009044918113256417,-0.10337942073679046,0.005161373721132734,**
ratio,D,within,delay,1,2,paired Wilcoxon signed-rank,,,29.0,44.0,5.336105823516846e-05,exact; zero_method=wilcox,,0.06730684123850939,0.0,False,,,,0.0011205822229385376,**
ratio,D,within,control,1,2,paired Wilcoxon signed-rank,,,24.0,128.0,0.5456695556640625,exact; zero_method=wilcox,,0.0004820407057136711,0.0,False,,,,1.0,ns
ratio,D,change,delay vs control,1,2,Mann-Whitney U on within-fish changes,24.0,29.0,,510.0,0.003904579159457298,asymptotic; tie/continuity corrected,0.4655172413793103,,,,0.06730684123850939,0.0004820407057136711,0.06682480053279571,0.07028242487023137,ns
ratio,D,within,delay,0,2,paired Wilcoxon signed-rank,,,29.0,169.0,0.30419324710965157,exact; zero_method=wilcox,,-0.021589626551288377,0.0,False,,,,1.0,ns
ratio,D,within,control,0,2,paired Wilcoxon signed-rank,,,26.0,171.0,0.9204553663730621,exact; zero_method=wilcox,,0.002966676677473079,0.0,False,,,,1.0,ns
ratio,D,change,delay vs control,0,2,Mann-Whitney U on within-fish changes,26.0,29.0,,355.0,0.7170149752790381,asymptotic; tie/continuity corrected,-0.05835543766578244,,,,-0.021589626551288377,0.002966676677473079,-0.024556303228761456,1.0,ns
ratio,E,between,trace vs control,0,0,Mann-Whitney U,19.0,40.0,,371.0,0.8903287700663095,asymptotic; tie/continuity corrected,-0.023684210526315752,,,,,,,1.0,ns
ratio,E,between,trace vs control,1,1,Mann-Whitney U,19.0,40.0,,192.0,0.0023528401504731887,asymptotic; tie/continuity corrected,-0.49473684210526314,,,,,,,0.04470396285899059,*
ratio,E,between,trace vs control,2,2,Mann-Whitney U,18.0,40.0,,281.0,0.1870440037002411,asymptotic; tie/continuity corrected,-0.21944444444444444,,,,,,,1.0,ns
ratio,E,within,trace,0,1,paired Wilcoxon signed-rank,,,40.0,122.0,4.404162064020056e-05,exact; zero_method=wilcox,,-0.057072909099907976,0.0,False,,,,0.0009689156540844124,***
ratio,E,within,control,0,1,paired Wilcoxon signed-rank,,,19.0,90.0,0.8595733642578125,exact; zero_method=wilcox,,-0.0021930289616196585,0.0,False,,,,1.0,ns
ratio,E,change,trace vs control,0,1,Mann-Whitney U on within-fish changes,19.0,40.0,,212.0,0.006583505920071913,asymptotic; tie/continuity corrected,-0.4421052631578948,,,,-0.057072909099907976,-0.0021930289616196585,-0.05487988013828832,0.11191960064122251,ns
ratio,E,within,trace,1,2,paired Wilcoxon signed-rank,,,40.0,270.0,0.060269491961662425,exact; zero_method=wilcox,,0.016111560681765613,0.0,False,,,,0.9040423794249364,ns
ratio,E,within,control,1,2,paired Wilcoxon signed-rank,,,18.0,81.0,0.8650436401367188,exact; zero_method=wilcox,,-0.004489139320717095,0.0,False,,,,1.0,ns
ratio,E,change,trace vs control,1,2,Mann-Whitney U on within-fish changes,18.0,40.0,,413.0,0.3775691325985896,asymptotic; tie/continuity corrected,0.14722222222222214,,,,0.016111560681765613,-0.004489139320717095,0.020600700002482708,1.0,ns
ratio,E,within,trace,0,2,paired Wilcoxon signed-rank,,,40.0,227.0,0.01302583178403438,exact; zero_method=wilcox,,-0.03162383397006485,0.0,False,,,,0.2084133085445501,ns
ratio,E,within,control,0,2,paired Wilcoxon signed-rank,,,18.0,71.0,0.550872802734375,exact; zero_method=wilcox,,-0.009516575519842196,0.0,False,,,,1.0,ns
ratio,E,change,trace vs control,0,2,Mann-Whitney U on within-fish changes,18.0,40.0,,285.0,0.21051701388370347,asymptotic; tie/continuity corrected,-0.20833333333333337,,,,-0.03162383397006485,-0.009516575519842196,-0.022107258450222655,1.0,ns
log,D,between,delay vs control,0,0,Mann-Whitney U,28.0,29.0,,416.0,0.8794685579870943,asymptotic; tie/continuity corrected,0.024630541871921263,,,,,,,1.0,ns
log,D,between,delay vs control,1,1,Mann-Whitney U,24.0,29.0,,98.0,8.265027097707395e-06,asymptotic; tie/continuity corrected,-0.7183908045977012,,,,,,,0.0001818305961495627,***
log,D,between,delay vs control,2,2,Mann-Whitney U,26.0,29.0,,358.0,0.7551343754302562,asymptotic; tie/continuity corrected,-0.050397877984084904,,,,,,,1.0,ns
log,D,within,delay,0,1,paired Wilcoxon signed-rank,,,29.0,19.0,1.1436641216278076e-06,exact; zero_method=wilcox,,-0.09644430578943641,0.0,False,,,,2.7447938919067383e-05,****
log,D,within,control,0,1,paired Wilcoxon signed-rank,,,24.0,148.0,0.9664472341537476,exact; zero_method=wilcox,,0.005319383558749058,0.0,False,,,,1.0,ns
log,D,change,delay vs control,0,1,Mann-Whitney U on within-fish changes,24.0,29.0,,127.0,8.147700169207902e-05,asymptotic; tie/continuity corrected,-0.6350574712643677,,,,-0.09644430578943641,0.005319383558749058,-0.10176368934818547,0.0016295400338415804,**
log,D,within,delay,1,2,paired Wilcoxon signed-rank,,,29.0,26.0,3.982335329055786e-06,exact; zero_method=wilcox,,0.07775063509475277,0.0,False,,,,9.159371256828308e-05,****
log,D,within,control,1,2,paired Wilcoxon signed-rank,,,24.0,145.0,0.899570107460022,exact; zero_method=wilcox,,-0.007475457989732259,0.0,False,,,,1.0,ns
log,D,change,delay vs control,1,2,Mann-Whitney U on within-fish changes,24.0,29.0,,580.0,3.525396378510318e-05,asymptotic; tie/continuity corrected,0.6666666666666667,,,,0.07775063509475277,-0.007475457989732259,0.08522609308448503,0.0007403332394871668,***
log,D,within,delay,0,2,paired Wilcoxon signed-rank,,,29.0,172.0,0.33573371544480324,exact; zero_method=wilcox,,-0.017523271212397606,0.0,False,,,,1.0,ns
log,D,within,control,0,2,paired Wilcoxon signed-rank,,,26.0,150.0,0.5316631495952606,exact; zero_method=wilcox,,-0.011265493585384756,0.0,False,,,,1.0,ns
log,D,change,delay vs control,0,2,Mann-Whitney U on within-fish changes,26.0,29.0,,368.0,0.8860575105470356,asymptotic; tie/continuity corrected,-0.023872679045092826,,,,-0.017523271212397606,-0.011265493585384756,-0.0062577776270128505,1.0,ns
log,E,between,trace vs control,0,0,Mann-Whitney U,19.0,40.0,,325.0,0.3766385923709983,asymptotic; tie/continuity corrected,-0.14473684210526316,,,,,,,1.0,ns
log,E,between,trace vs control,1,1,Mann-Whitney U,19.0,40.0,,234.0,0.018259094427028336,asymptotic; tie/continuity corrected,-0.38421052631578945,,,,,,,0.32866369968651005,ns
log,E,between,trace vs control,2,2,Mann-Whitney U,18.0,40.0,,268.0,0.12408054406591129,asymptotic; tie/continuity corrected,-0.25555555555555554,,,,,,,1.0,ns
log,E,within,trace,0,1,paired Wilcoxon signed-rank,,,40.0,166.0,0.000714401952791377,exact; zero_method=wilcox,,-0.06315870267453838,0.0,False,,,,0.013573637103036162,*
log,E,within,control,0,1,paired Wilcoxon signed-rank,,,19.0,70.0,0.3320655822753906,exact; zero_method=wilcox,,-0.005685918555215608,0.0,False,,,,1.0,ns
log,E,change,trace vs control,0,1,Mann-Whitney U on within-fish changes,19.0,40.0,,258.0,0.04872498913628485,asymptotic; tie/continuity corrected,-0.32105263157894737,,,,-0.06315870267453838,-0.005685918555215608,-0.05747278411932277,0.8283248153168424,ns
log,E,within,trace,1,2,paired Wilcoxon signed-rank,,,40.0,309.0,0.17869641572360706,exact; zero_method=wilcox,,0.008430728329898995,0.0,False,,,,1.0,ns
log,E,within,control,1,2,paired Wilcoxon signed-rank,,,18.0,72.0,0.5798416137695312,exact; zero_method=wilcox,,-0.001303481757261249,0.0,False,,,,1.0,ns
log,E,change,trace vs control,1,2,Mann-Whitney U on within-fish changes,18.0,40.0,,380.0,0.7431062417510046,asymptotic; tie/continuity corrected,0.05555555555555558,,,,0.008430728329898995,-0.001303481757261249,0.009734210087160244,1.0,ns
log,E,within,trace,0,2,paired Wilcoxon signed-rank,,,40.0,270.0,0.060269491961662425,exact; zero_method=wilcox,,-0.014755725155137567,0.0,False,,,,0.9643118713865988,ns
log,E,within,control,0,2,paired Wilcoxon signed-rank,,,18.0,78.0,0.7660293579101562,exact; zero_method=wilcox,,-0.013526042659534943,0.0,False,,,,1.0,ns
log,E,change,trace vs control,0,2,Mann-Whitney U on within-fish changes,18.0,40.0,,311.0,0.4149836883022243,asymptotic; tie/continuity corrected,-0.13611111111111107,,,,-0.014755725155137567,-0.013526042659534943,-0.0012296824956026242,1.0,ns
