panel,condition,block,n_fish,n_below_zero,median_B,median_multiplicative_factor,wilcoxon_p_raw,sign_p_raw,skewness,wilcoxon_method,wilcoxon_p_holm12,sign_p_holm12,wilcoxon_p_holm36_sensitivity
D,control,PT,28,11,0.004655779319293618,1.0046666342994213,0.3052256628870964,0.34492845088243484,3.1618899748979215,exact,1.0,1.0,1.0
D,control,ET,24,10,0.004162070236583881,1.0041707436798963,0.6634435653686523,0.5412561893463135,0.4523229878719622,exact,1.0,1.0,1.0
D,control,LT,26,11,0.00834743197735932,1.00838236893129,0.2798910140991211,0.557197093963623,-1.9532898710196354,exact,1.0,1.0,1.0
D,delay,PT,29,9,0.006829648137952837,1.006853023369365,0.23825867101550102,0.06142834573984146,1.1973471225496295,exact,1.0,0.6757118031382561,1.0
D,delay,ET,29,27,-0.07521320442431012,0.9275457083969569,6.295740604400635e-07,1.6242265701293945e-06,-1.6786043419357168,exact,7.554888725280762e-06,1.9490718841552734e-05,2.2664666175842285e-05
D,delay,LT,29,14,0.010914645588943284,1.0109744276350865,0.8147765882313251,1.0,-0.30959018185428605,exact,1.0,1.0,1.0
E,control,PT,19,7,0.018732272421955187,1.018908822106256,0.049365997314453125,0.359283447265625,0.13526049556236952,exact,0.529809334426318,1.0,1.0
E,control,ET,19,6,0.01245142998110893,1.012529271780455,0.08742904663085938,0.1670684814453125,0.4347985689778578,exact,0.7868614196777344,1.0,1.0
E,control,LT,18,7,0.017329726920423116,1.0174807578180107,0.2121429443359375,0.480682373046875,-0.3500746509515981,exact,1.0,1.0,1.0
E,trace,PT,40,22,-0.010709226580911224,0.9893479130304844,0.30106151267864334,0.6358280026288412,2.317029784215809,exact,1.0,1.0,1.0
E,trace,ET,40,25,-0.011032657895107656,0.9890279786759588,0.048164484947847086,0.1538599441628321,0.8378913031929813,exact,0.529809334426318,1.0,1.0
E,trace,LT,40,23,-0.007103894547825229,0.9929212784669628,0.40493773964954016,0.42959050784338615,1.576196960572226,exact,1.0,1.0,1.0
