version,panel,condition,left,right,fish_id,left_value,right_value,change
log,D,delay,0,1,20221115_04,0.0036173325168831205,-0.10650517521699499,-0.1101225077338781
log,D,delay,0,1,20221115_07,-0.1238458178319699,-0.45932978701936955,-0.33548396918739964
log,D,delay,0,1,20221116_06,-0.03866915914065272,-0.14002674983226315,-0.10135759069161043
log,D,delay,0,1,20221116_12,-0.06074434708846743,-0.2926518334944621,-0.23190748640599468
log,D,delay,0,1,20221118_04,-0.025865119898327293,-0.1496892933330365,-0.1238241734347092
log,D,delay,0,1,20221122_03,0.06374919419446279,-0.1493153620524832,-0.21306455624694598
log,D,delay,0,1,20221122_06,0.019439992062500355,-0.13659280600176604,-0.1560327980642664
log,D,delay,0,1,20221122_12,0.01639981522308398,-0.011477808792201394,-0.027877624015285374
log,D,delay,0,1,20221123_02,0.00046320954380174584,-0.03953595733809001,-0.03999916688189176
log,D,delay,0,1,20221123_08,-0.06425636549749703,-0.15306165698622287,-0.08880529148872585
log,D,delay,0,1,20221124_07,-0.08818777965575508,-0.021128519433362136,0.06705926022239295
log,D,delay,0,1,20221124_10,0.0402157494098736,-0.008457827678427954,-0.048673577088301556
log,D,delay,0,1,20240607_01,-0.04923179095677366,0.007408106799708047,0.056639897756481705
log,D,delay,0,1,20240610_07,0.01878565163580248,-0.020690095603387526,-0.03947574723919001
log,D,delay,0,1,20240612_08,0.03866647723467276,0.0710353709910585,0.03236889375638574
log,D,delay,0,1,20240613_02,0.006691491618352252,-0.14912290620528124,-0.1558143978236335
log,D,delay,0,1,20240618_02,0.05190848131273462,-0.0235917339670233,-0.07550021527975792
log,D,delay,0,1,20240618_08,0.13495779809226072,-0.1999271408902219,-0.3348849389824826
log,D,delay,0,1,20240620_05,0.0017291450505476647,-0.09471516073888875,-0.09644430578943641
log,D,delay,0,1,20240621_03,0.12739568802218493,-0.0035047311866343023,-0.13090041920881923
log,D,delay,0,1,20240624_04,0.09099969876021685,-0.05553509633222031,-0.14653479509243716
log,D,delay,0,1,20240624_05,0.09455230754074329,-0.04588518659324681,-0.1404374941339901
log,D,delay,0,1,20240625_03,-0.04343269157181351,-0.11086168746625558,-0.06742899589444207
log,D,delay,0,1,20240625_07,0.06862884510158462,-0.07077843219139268,-0.1394072772929773
log,D,delay,0,1,20240626_02,0.29244836577887057,-0.16912126546083028,-0.46156963123970085
log,D,delay,0,1,20240702_01,-0.08497060543663304,-0.10876764948990703,-0.023797044053273986
log,D,delay,0,1,20240702_06,0.006829648137952837,-0.07521320442431012,-0.08204285256226296
log,D,delay,0,1,20240703_08,0.00283635003096272,-0.06049760488154554,-0.06333395491250826
log,D,delay,0,1,20240703_10,0.04075658436096319,-0.029623174714932254,-0.07037975907589544
log,D,control,0,1,20221115_09,0.010271729510870742,0.09144848018327822,0.08117675067240748
log,D,control,0,1,20221116_02,0.004356718907513102,0.009480973832983075,0.005124254925469973
log,D,control,0,1,20221117_04,-0.02274797098867465,-0.047304783819102525,-0.024556812830427877
log,D,control,0,1,20221118_03,0.01283193263541449,0.12920060969803027,0.11636867706261578
log,D,control,0,1,20221122_05,0.0431878604023237,-0.0264615195288056,-0.0696493799311293
log,D,control,0,1,20221122_08,0.04451049005861796,-0.024544824746007166,-0.06905531480462512
log,D,control,0,1,20221122_11,0.004203787820163729,-0.10222585933463968,-0.10642964715480341
log,D,control,0,1,20221123_01,-0.024465750078856985,-0.013009297127424269,0.011456452951432716
log,D,control,0,1,20221123_04,0.027108851727304817,0.005010956885069806,-0.02209789484223501
log,D,control,0,1,20221123_07,-0.0009533436837450004,0.04525027993398867,0.04620362361773367
log,D,control,0,1,20221124_09,-0.0020609126873858408,0.048287865280209896,0.05034877796759574
log,D,control,0,1,20240607_02,-0.045017291509664936,-0.02185119915512912,0.023166092354535817
log,D,control,0,1,20240610_08,0.009297329433068935,0.04715354326990795,0.037856213836839014
log,D,control,0,1,20240612_07,0.00846029203348131,0.02876676475019213,0.02030647271671082
log,D,control,0,1,20240613_01,0.004954839731074134,-0.046004183259334086,-0.05095902299040822
log,D,control,0,1,20240618_01,-0.06986066845065775,0.011105939991767233,0.08096660844242498
log,D,control,0,1,20240618_07,-0.03395615264684826,-0.012480597010047667,0.021475555636800592
log,D,control,0,1,20240624_03,0.0016343767610154103,-0.002678559757432808,-0.004312936518448218
log,D,control,0,1,20240625_04,0.16386950204971784,0.0086229642062996,-0.15524653784341824
log,D,control,0,1,20240625_08,-0.03985517389333282,0.011559167477233956,0.051414341370566774
log,D,control,0,1,20240626_01,0.043437156714137615,0.033165877473389394,-0.010271279240748221
log,D,control,0,1,20240702_02,-0.004476166239021584,0.0010383459530065586,0.005514512192028143
log,D,control,0,1,20240702_05,0.010993948996467218,0.0033131835880979565,-0.007680765408369261
log,D,control,0,1,20240703_09,0.0897404973233229,-0.04152042554175983,-0.13126092286508273
log,D,delay,1,2,20221115_04,-0.10650517521699499,-0.03149589944858011,0.07500927576841487
log,D,delay,1,2,20221115_07,-0.45932978701936955,0.012535348558441406,0.47186513557781096
log,D,delay,1,2,20221116_06,-0.14002674983226315,-0.06227611473751038,0.07775063509475277
log,D,delay,1,2,20221116_12,-0.2926518334944621,-0.052689296814990794,0.23996253667947132
log,D,delay,1,2,20221118_04,-0.1496892933330365,-0.016301106922292252,0.13338818641074424
log,D,delay,1,2,20221122_03,-0.1493153620524832,0.06039028321759954,0.20970564527008273
log,D,delay,1,2,20221122_06,-0.13659280600176604,0.0519046972530286,0.18849750325479464
log,D,delay,1,2,20221122_12,-0.011477808792201394,0.020771155551036813,0.03224896434323821
log,D,delay,1,2,20221123_02,-0.03953595733809001,0.03586490797568542,0.07540086531377543
log,D,delay,1,2,20221123_08,-0.15306165698622287,-0.011188285067558645,0.14187337191866423
log,D,delay,1,2,20221124_07,-0.021128519433362136,0.036097775419185574,0.05722629485254771
log,D,delay,1,2,20221124_10,-0.008457827678427954,0.010914645588943284,0.019372473267371237
log,D,delay,1,2,20240607_01,0.007408106799708047,-0.03342460655893653,-0.04083271335864458
log,D,delay,1,2,20240610_07,-0.020690095603387526,-0.02541384206432795,-0.004723746460940426
log,D,delay,1,2,20240612_08,0.0710353709910585,-0.019958042916592866,-0.09099341390765137
log,D,delay,1,2,20240613_02,-0.14912290620528124,-0.10842594969699304,0.040696956508288196
log,D,delay,1,2,20240618_02,-0.0235917339670233,0.0769032462231678,0.1004949801901911
log,D,delay,1,2,20240618_08,-0.1999271408902219,0.0393697440218963,0.2392968849121182
log,D,delay,1,2,20240620_05,-0.09471516073888875,0.0525962821487207,0.14731144288760945
log,D,delay,1,2,20240621_03,-0.0035047311866343023,0.016855847642947452,0.020360578829581755
log,D,delay,1,2,20240624_04,-0.05553509633222031,0.05119686448627725,0.10673196081849756
log,D,delay,1,2,20240624_05,-0.04588518659324681,0.07702903632834568,0.12291422292159249
log,D,delay,1,2,20240625_03,-0.11086168746625558,-0.0507296704667457,0.060132016999509874
log,D,delay,1,2,20240625_07,-0.07077843219139268,0.04529466990320996,0.11607310209460264
log,D,delay,1,2,20240626_02,-0.16912126546083028,-0.07479043014451348,0.09433083531631681
log,D,delay,1,2,20240702_01,-0.10876764948990703,0.02214776587482703,0.13091541536473406
log,D,delay,1,2,20240702_06,-0.07521320442431012,-0.01783812154693898,0.05737508287737114
log,D,delay,1,2,20240703_08,-0.06049760488154554,-0.061501150243501,-0.0010035453619554602
log,D,delay,1,2,20240703_10,-0.029623174714932254,-0.015655132986645004,0.01396804172828725
log,D,control,1,2,20221115_09,0.09144848018327822,0.03711192420229903,-0.054336555980979195
log,D,control,1,2,20221116_02,0.009480973832983075,0.04161918541119647,0.032138211578213394
log,D,control,1,2,20221117_04,-0.047304783819102525,0.0247360637175138,0.07204084753661633
log,D,control,1,2,20221118_03,0.12920060969803027,0.08697840332463791,-0.04222220637339236
log,D,control,1,2,20221122_05,-0.0264615195288056,0.012175730682335573,0.03863725021114117
log,D,control,1,2,20221122_08,-0.024544824746007166,-0.010413451109269278,0.014131373636737887
log,D,control,1,2,20221122_11,-0.10222585933463968,0.020524771215765902,0.12275063055040558
log,D,control,1,2,20221123_01,-0.013009297127424269,-0.05952377076170334,-0.046514473634279074
log,D,control,1,2,20221123_04,0.005010956885069806,0.0003109752000041155,-0.004699981685065691
log,D,control,1,2,20221123_07,0.04525027993398867,0.004519133272383069,-0.0407311466616056
log,D,control,1,2,20221124_09,0.048287865280209896,-0.005379236350326444,-0.05366710163053634
log,D,control,1,2,20240607_02,-0.02185119915512912,0.030985523499033718,0.05283672265416284
log,D,control,1,2,20240610_08,0.04715354326990795,0.028639967978480563,-0.018513575291427387
log,D,control,1,2,20240612_07,0.02876676475019213,-0.029752183056078962,-0.05851894780627109
log,D,control,1,2,20240613_01,-0.046004183259334086,-0.0030122766268483314,0.042991906632485755
log,D,control,1,2,20240618_01,0.011105939991767233,-0.01947539501137996,-0.030581335003147192
log,D,control,1,2,20240618_07,-0.012480597010047667,0.020636166129026856,0.03311676313907452
log,D,control,1,2,20240624_03,-0.002678559757432808,-0.012929494051831636,-0.010250934294398828
log,D,control,1,2,20240625_04,0.0086229642062996,0.021201403706842203,0.012578439500542604
log,D,control,1,2,20240625_08,0.011559167477233956,0.025664878392963164,0.014105710915729208
log,D,control,1,2,20240626_01,0.033165877473389394,-0.0031176764291060977,-0.03628355390249549
log,D,control,1,2,20240702_02,0.0010383459530065586,-0.040180593018819266,-0.041218938971825825
log,D,control,1,2,20240702_05,0.0033131835880979565,-0.01353777204067752,-0.016850955628775477
log,D,control,1,2,20240703_09,-0.04152042554175983,0.015107531296840726,0.05662795683860056
log,D,delay,0,2,20221115_04,0.0036173325168831205,-0.03149589944858011,-0.03511323196546323
log,D,delay,0,2,20221115_07,-0.1238458178319699,0.012535348558441406,0.1363811663904113
log,D,delay,0,2,20221116_06,-0.03866915914065272,-0.06227611473751038,-0.02360695559685766
log,D,delay,0,2,20221116_12,-0.06074434708846743,-0.052689296814990794,0.008055050273476638
log,D,delay,0,2,20221118_04,-0.025865119898327293,-0.016301106922292252,0.009564012976035041
log,D,delay,0,2,20221122_03,0.06374919419446279,0.06039028321759954,-0.0033589109768632497
log,D,delay,0,2,20221122_06,0.019439992062500355,0.0519046972530286,0.03246470519052824
log,D,delay,0,2,20221122_12,0.01639981522308398,0.020771155551036813,0.004371340327952833
log,D,delay,0,2,20221123_02,0.00046320954380174584,0.03586490797568542,0.03540169843188368
log,D,delay,0,2,20221123_08,-0.06425636549749703,-0.011188285067558645,0.05306808042993838
log,D,delay,0,2,20221124_07,-0.08818777965575508,0.036097775419185574,0.12428555507494066
log,D,delay,0,2,20221124_10,0.0402157494098736,0.010914645588943284,-0.02930110382093032
log,D,delay,0,2,20240607_01,-0.04923179095677366,-0.03342460655893653,0.015807184397837126
log,D,delay,0,2,20240610_07,0.01878565163580248,-0.02541384206432795,-0.04419949370013043
log,D,delay,0,2,20240612_08,0.03866647723467276,-0.019958042916592866,-0.058624520151265624
log,D,delay,0,2,20240613_02,0.006691491618352252,-0.10842594969699304,-0.11511744131534529
log,D,delay,0,2,20240618_02,0.05190848131273462,0.0769032462231678,0.024994764910433176
log,D,delay,0,2,20240618_08,0.13495779809226072,0.0393697440218963,-0.09558805407036441
log,D,delay,0,2,20240620_05,0.0017291450505476647,0.0525962821487207,0.05086713709817303
log,D,delay,0,2,20240621_03,0.12739568802218493,0.016855847642947452,-0.11053984037923748
log,D,delay,0,2,20240624_04,0.09099969876021685,0.05119686448627725,-0.0398028342739396
log,D,delay,0,2,20240624_05,0.09455230754074329,0.07702903632834568,-0.017523271212397606
log,D,delay,0,2,20240625_03,-0.04343269157181351,-0.0507296704667457,-0.007296978894932193
log,D,delay,0,2,20240625_07,0.06862884510158462,0.04529466990320996,-0.023334175198374663
log,D,delay,0,2,20240626_02,0.29244836577887057,-0.07479043014451348,-0.36723879592338404
log,D,delay,0,2,20240702_01,-0.08497060543663304,0.02214776587482703,0.10711837131146007
log,D,delay,0,2,20240702_06,0.006829648137952837,-0.01783812154693898,-0.024667769684891816
log,D,delay,0,2,20240703_08,0.00283635003096272,-0.061501150243501,-0.06433750027446372
log,D,delay,0,2,20240703_10,0.04075658436096319,-0.015655132986645004,-0.05641171734760819
log,D,control,0,2,20221115_09,0.010271729510870742,0.03711192420229903,0.026840194691428287
log,D,control,0,2,20221116_02,0.004356718907513102,0.04161918541119647,0.03726246650368337
log,D,control,0,2,20221117_04,-0.02274797098867465,0.0247360637175138,0.04748403470618845
log,D,control,0,2,20221118_03,0.01283193263541449,0.08697840332463791,0.07414647068922342
log,D,control,0,2,20221122_05,0.0431878604023237,0.012175730682335573,-0.031012129719988124
log,D,control,0,2,20221122_08,0.04451049005861796,-0.010413451109269278,-0.054923941167887236
log,D,control,0,2,20221122_11,0.004203787820163729,0.020524771215765902,0.016320983395602173
log,D,control,0,2,20221123_01,-0.024465750078856985,-0.05952377076170334,-0.03505802068284636
log,D,control,0,2,20221123_04,0.027108851727304817,0.0003109752000041155,-0.0267978765273007
log,D,control,0,2,20221123_07,-0.0009533436837450004,0.004519133272383069,0.0054724769561280695
log,D,control,0,2,20221124_09,-0.0020609126873858408,-0.005379236350326444,-0.003318323662940603
log,D,control,0,2,20240607_02,-0.045017291509664936,0.030985523499033718,0.07600281500869865
log,D,control,0,2,20240610_08,0.009297329433068935,0.028639967978480563,0.019342638545411628
log,D,control,0,2,20240611_05,0.454142043207465,0.07372525571444166,-0.3804167874930233
log,D,control,0,2,20240612_07,0.00846029203348131,-0.029752183056078962,-0.03821247508956027
log,D,control,0,2,20240613_01,0.004954839731074134,-0.0030122766268483314,-0.007967116357922466
log,D,control,0,2,20240618_01,-0.06986066845065775,-0.01947539501137996,0.05038527343927779
log,D,control,0,2,20240618_07,-0.03395615264684826,0.020636166129026856,0.054592318775875115
log,D,control,0,2,20240624_03,0.0016343767610154103,-0.012929494051831636,-0.014563870812847046
log,D,control,0,2,20240624_06,0.1777124302062667,-0.1798171526954766,-0.3575295829017433
log,D,control,0,2,20240625_04,0.16386950204971784,0.021201403706842203,-0.14266809834287564
log,D,control,0,2,20240625_08,-0.03985517389333282,0.025664878392963164,0.06552005228629598
log,D,control,0,2,20240626_01,0.043437156714137615,-0.0031176764291060977,-0.04655483314324371
log,D,control,0,2,20240702_02,-0.004476166239021584,-0.040180593018819266,-0.03570442677979768
log,D,control,0,2,20240702_05,0.010993948996467218,-0.01353777204067752,-0.024531721037144738
log,D,control,0,2,20240703_09,0.0897404973233229,0.015107531296840726,-0.07463296602648217
log,E,trace,0,1,20230306_01,0.07627629683724368,-0.0033017377837119,-0.07957803462095558
log,E,trace,0,1,20230306_07,-0.023435186233379923,0.028768621796005256,0.05220380802938518
log,E,trace,0,1,20230306_10,-0.023681835035740395,-0.06784183487024276,-0.04415999983450236
log,E,trace,0,1,20230307_03,-0.05819462229176953,0.1036462253230015,0.16184084761477102
log,E,trace,0,1,20230307_06,-0.020364763019841803,-0.02465399747773045,-0.0042892344578886465
log,E,trace,0,1,20230307_09,0.055576061402690335,-0.030325368153618193,-0.08590142955630853
log,E,trace,0,1,20230307_12,0.011414501229440877,-0.011700417830714294,-0.02311491906015517
log,E,trace,0,1,20230309_09,0.5129674389560002,0.02377498922318466,-0.4891924497328155
log,E,trace,0,1,20230309_11,-0.03521346722158203,-0.05920731547436553,-0.0239938482527835
log,E,trace,0,1,20230310_02,0.1582776368545229,0.06781917070044319,-0.09045846615407971
log,E,trace,0,1,20230310_05,0.09528471981351672,-0.010364897959501018,-0.10564961777301773
log,E,trace,0,1,20230310_08,-0.06140704591897128,-0.05696199918591072,0.004445046733060565
log,E,trace,0,1,20230310_11,0.0064365455671260285,-0.05871147113578434,-0.06514801670291037
log,E,trace,0,1,20230314_01,-0.014148111114758333,0.02903786322874513,0.043185974343503464
log,E,trace,0,1,20230314_04,-0.017445435281798982,-0.035029125157927776,-0.017583689876128794
log,E,trace,0,1,20230314_06,-0.010704465211070602,0.00375581027967975,0.014460275490750352
log,E,trace,0,1,20230314_11,-0.02333123138402149,0.026098932959542687,0.049430164343564176
log,E,trace,0,1,20230315_02,0.043548001202851516,0.02805806098113317,-0.015489940221718346
log,E,trace,0,1,20230315_06,0.3060482582922486,0.23965711107993748,-0.0663911472123111
log,E,trace,0,1,20230316_03,-0.0627067992145749,-0.03136015422455429,0.0313466449900206
log,E,trace,0,1,20230316_06,-0.019757399559745092,-0.03228011302982381,-0.012522713470078717
log,E,trace,0,1,20230316_09,0.07609806998399726,-0.0014861699801897998,-0.07758423996418706
log,E,trace,0,1,20230316_12,-0.04102989426017878,-0.045194722353547157,-0.004164828093368378
log,E,trace,0,1,20230516_01,0.12316408346561092,0.012932784744443815,-0.1102312987211671
log,E,trace,0,1,20230516_08,-0.010713987950751847,-0.07188337659691824,-0.06116938864616639
log,E,trace,0,1,20230516_10,-0.01292911090848925,0.015925548758805697,0.028854659667294946
log,E,trace,0,1,20230517_03,-0.021426028681904796,0.003250569523817859,0.024676598205722655
log,E,trace,0,1,20230517_05,-0.058627749178678634,0.24419294012021764,0.3028206892988963
log,E,trace,0,1,20230517_12,-0.0031381577908344838,-0.09928719355899362,-0.09614903576815914
log,E,trace,0,1,20230518_02,0.1533957554696963,0.008214287648168117,-0.1451814678215282
log,E,trace,0,1,20230518_05,0.019121005791706835,-0.09443560537242579,-0.11355661116413263
log,E,trace,0,1,20230518_12,0.2809921278260452,-0.004193171889656178,-0.2851852997157014
log,E,trace,0,1,20230519_04,0.06356098656140174,-0.008593949787592425,-0.07215493634899417
log,E,trace,0,1,20230519_11,-0.10277781196357916,-0.22745759458614678,-0.12467978262256763
log,E,trace,0,1,20230802_03,-0.032348404548460774,-0.12497636313020566,-0.09262795858174488
log,E,trace,0,1,20230802_08,0.05803421457751945,-0.17650234324925718,-0.23453655782677663
log,E,trace,0,1,20230802_09,0.12835356874310122,0.005514322268090233,-0.12283924647501099
log,E,trace,0,1,20230803_02,0.042507662582305095,-0.050800454264945394,-0.09330811684725049
log,E,trace,0,1,20230803_07,-0.014440802829490007,-0.03614180624541019,-0.021701003415920184
log,E,trace,0,1,20230803_12,-0.03983526519873104,-0.10776520670166967,-0.06792994150293863
log,E,control,0,1,20230227_03,0.04142292429091077,-0.009474088504092482,-0.05089701279500325
log,E,control,0,1,20230227_06,0.04398179176675221,0.02811283394331232,-0.01586895782343989
log,E,control,0,1,20230228_02,-0.016586834412126272,-0.014643682579669637,0.0019431518324566355
log,E,control,0,1,20230228_05,0.056883421494954955,0.04816983919966278,-0.008713582295292177
log,E,control,0,1,20230228_08,0.018732272421955187,-0.02778698739223584,-0.04651925981419103
log,E,control,0,1,20230228_11,-0.013492885944606847,0.024126739197635416,0.03761962514224226
log,E,control,0,1,20230301_01,-0.0105748541260966,0.06127981879767397,0.07185467292377057
log,E,control,0,1,20230301_04,0.012871735997870282,-0.005653249515160219,-0.0185249855130305
log,E,control,0,1,20230301_07,-0.06807524721828884,0.019066951382145092,0.08714219860043393
log,E,control,0,1,20230301_10,0.043580514032020456,0.01245142998110893,-0.031129084050911526
log,E,control,0,1,20230302_08,0.013948331861892704,0.015610631706010292,0.0016622998441175874
log,E,control,0,1,20230302_09,-0.014406069052552262,0.010113802137689198,0.02451987119024146
log,E,control,0,1,20230315_05,0.06268751411952245,0.03897584744364879,-0.023711666675873655
log,E,control,0,1,20230315_08,0.1159468060077451,0.005458942033115033,-0.11048786397463006
log,E,control,0,1,20230315_10,0.028064251913697102,0.022378333358481495,-0.005685918555215608
log,E,control,0,1,20230315_11,-0.015801363413239233,-0.016636154060551966,-0.0008347906473127331
log,E,control,0,1,20230316_02,0.08560400487491115,0.08347717905343721,-0.0021268258214739433
log,E,control,0,1,20230316_08,-0.014041863223450246,0.003305144548799266,0.017347007772249512
log,E,control,0,1,20230316_11,0.07266443847262671,-0.042000916481923944,-0.11466535495455066
log,E,trace,1,2,20230306_01,-0.0033017377837119,-0.01863156223729545,-0.015329824453583552
log,E,trace,1,2,20230306_07,0.028768621796005256,0.024175649541684496,-0.00459297225432076
log,E,trace,1,2,20230306_10,-0.06784183487024276,-0.007386318773019429,0.06045551609722333
log,E,trace,1,2,20230307_03,0.1036462253230015,-0.04648611440764849,-0.15013233973065
log,E,trace,1,2,20230307_06,-0.02465399747773045,0.012311409904302462,0.03696540738203291
log,E,trace,1,2,20230307_09,-0.030325368153618193,-0.021583084208717462,0.00874228394490073
log,E,trace,1,2,20230307_12,-0.011700417830714294,0.10402935440698302,0.11572977223769731
log,E,trace,1,2,20230309_09,0.02377498922318466,-0.01957347157851519,-0.04334846080169985
log,E,trace,1,2,20230309_11,-0.05920731547436553,-0.0117501916526086,0.04745712382175693
log,E,trace,1,2,20230310_02,0.06781917070044319,0.019460329456640668,-0.04835884124380252
log,E,trace,1,2,20230310_05,-0.010364897959501018,-0.004106338252211739,0.00625855970728928
log,E,trace,1,2,20230310_08,-0.05696199918591072,0.006333306900931923,0.06329530608684264
log,E,trace,1,2,20230310_11,-0.05871147113578434,-0.03231189918006594,0.026399571955718404
log,E,trace,1,2,20230314_01,0.02903786322874513,0.007128035493406681,-0.02190982773533845
log,E,trace,1,2,20230314_04,-0.035029125157927776,0.010445253987231506,0.04547437914515928
log,E,trace,1,2,20230314_06,0.00375581027967975,-0.010313605066750942,-0.014069415346430691
log,E,trace,1,2,20230314_11,0.026098932959542687,-0.043985303172057844,-0.07008423613160053
log,E,trace,1,2,20230315_02,0.02805806098113317,0.017023759278040007,-0.011034301703093163
log,E,trace,1,2,20230315_06,0.23965711107993748,0.04217045439566691,-0.19748665668427057
log,E,trace,1,2,20230316_03,-0.03136015422455429,0.01473761868546175,0.046097772910016044
log,E,trace,1,2,20230316_06,-0.03228011302982381,-0.03227265387137157,7.459158452238768e-06
log,E,trace,1,2,20230316_09,-0.0014861699801897998,-0.006821470322631029,-0.005335300342441229
log,E,trace,1,2,20230316_12,-0.045194722353547157,0.01726010067115258,0.062454823024699735
log,E,trace,1,2,20230516_01,0.012932784744443815,0.003335489567924732,-0.009597295176519083
log,E,trace,1,2,20230516_08,-0.07188337659691824,-0.06376420388202098,0.00811917271489726
log,E,trace,1,2,20230516_10,0.015925548758805697,0.06358048662215454,0.047654937863348845
log,E,trace,1,2,20230517_03,0.003250569523817859,-0.08470394305445694,-0.0879545125782748
log,E,trace,1,2,20230517_05,0.24419294012021764,-0.014386697783880464,-0.2585796379040981
log,E,trace,1,2,20230517_12,-0.09928719355899362,-0.019230105551036658,0.08005708800795697
log,E,trace,1,2,20230518_02,0.008214287648168117,0.0319806081645031,0.023766320516334982
log,E,trace,1,2,20230518_05,-0.09443560537242579,0.36469324712664486,0.45912885249907065
log,E,trace,1,2,20230518_12,-0.004193171889656178,0.16850730586667595,0.17270047775633213
log,E,trace,1,2,20230519_04,-0.008593949787592425,-0.011951448639311302,-0.0033574988517188764
log,E,trace,1,2,20230519_11,-0.22745759458614678,-0.25760424931671544,-0.030146654730568656
log,E,trace,1,2,20230802_03,-0.12497636313020566,-0.04576790709853373,0.07920845603167193
log,E,trace,1,2,20230802_08,-0.17650234324925718,-0.06488910151035432,0.11161324173890286
log,E,trace,1,2,20230802_09,0.005514322268090233,-0.0381925006257573,-0.04370682289384753
log,E,trace,1,2,20230803_02,-0.050800454264945394,0.036149844551825794,0.08695029881677119
log,E,trace,1,2,20230803_07,-0.03614180624541019,-0.0031085055051369714,0.03303330074027322
log,E,trace,1,2,20230803_12,-0.10776520670166967,-0.024501644344657958,0.08326356235701171
log,E,control,1,2,20230227_03,-0.009474088504092482,0.016834904025118114,0.026308992529210595
log,E,control,1,2,20230227_06,0.02811283394331232,0.01782454981572812,-0.010288284127584202
log,E,control,1,2,20230228_02,-0.014643682579669637,-0.033897210195045435,-0.0192535276153758
log,E,control,1,2,20230228_05,0.04816983919966278,-0.02676610539011781,-0.07493594458978059
log,E,control,1,2,20230228_08,-0.02778698739223584,-0.014086732032279503,0.013700255359956337
log,E,control,1,2,20230228_11,0.024126739197635416,0.024146660049130464,1.9920851495047742e-05
log,E,control,1,2,20230301_01,0.06127981879767397,-0.16140878600477349,-0.22268860480244745
log,E,control,1,2,20230301_04,-0.005653249515160219,-0.01856270331985499,-0.01290945380469477
log,E,control,1,2,20230301_07,0.019066951382145092,-0.0008786100340367753,-0.019945561416181867
log,E,control,1,2,20230301_10,0.01245142998110893,0.08047310005188546,0.06802167007077653
log,E,control,1,2,20230302_08,0.015610631706010292,0.03234082837941488,0.016730196673404585
log,E,control,1,2,20230302_09,0.010113802137689198,0.005601062130598411,-0.0045127400070907875
log,E,control,1,2,20230315_05,0.03897584744364879,0.030413802387533106,-0.008562045056115686
log,E,control,1,2,20230315_08,0.005458942033115033,0.06995491982974666,0.06449597779663163
log,E,control,1,2,20230315_10,0.022378333358481495,0.1696388667859492,0.1472605334274677
log,E,control,1,2,20230315_11,-0.016636154060551966,-0.019263038426569512,-0.0026268843660175456
log,E,control,1,2,20230316_08,0.003305144548799266,0.03290840693060204,0.029603262381802775
log,E,control,1,2,20230316_11,-0.042000916481923944,0.06292272893647599,0.10492364541839994
log,E,trace,0,2,20230306_01,0.07627629683724368,-0.01863156223729545,-0.09490785907453914
log,E,trace,0,2,20230306_07,-0.023435186233379923,0.024175649541684496,0.04761083577506442
log,E,trace,0,2,20230306_10,-0.023681835035740395,-0.007386318773019429,0.016295516262720966
log,E,trace,0,2,20230307_03,-0.05819462229176953,-0.04648611440764849,0.011708507884121033
log,E,trace,0,2,20230307_06,-0.020364763019841803,0.012311409904302462,0.032676172924144264
log,E,trace,0,2,20230307_09,0.055576061402690335,-0.021583084208717462,-0.0771591456114078
log,E,trace,0,2,20230307_12,0.011414501229440877,0.10402935440698302,0.09261485317754214
log,E,trace,0,2,20230309_09,0.5129674389560002,-0.01957347157851519,-0.5325409105345154
log,E,trace,0,2,20230309_11,-0.03521346722158203,-0.0117501916526086,0.02346327556897343
log,E,trace,0,2,20230310_02,0.1582776368545229,0.019460329456640668,-0.13881730739788223
log,E,trace,0,2,20230310_05,0.09528471981351672,-0.004106338252211739,-0.09939105806572845
log,E,trace,0,2,20230310_08,-0.06140704591897128,0.006333306900931923,0.0677403528199032
log,E,trace,0,2,20230310_11,0.0064365455671260285,-0.03231189918006594,-0.03874844474719197
log,E,trace,0,2,20230314_01,-0.014148111114758333,0.007128035493406681,0.021276146608165014
log,E,trace,0,2,20230314_04,-0.017445435281798982,0.010445253987231506,0.02789068926903049
log,E,trace,0,2,20230314_06,-0.010704465211070602,-0.010313605066750942,0.0003908601443196602
log,E,trace,0,2,20230314_11,-0.02333123138402149,-0.043985303172057844,-0.020654071788036354
log,E,trace,0,2,20230315_02,0.043548001202851516,0.017023759278040007,-0.02652424192481151
log,E,trace,0,2,20230315_06,0.3060482582922486,0.04217045439566691,-0.26387780389658166
log,E,trace,0,2,20230316_03,-0.0627067992145749,0.01473761868546175,0.07744441790003664
log,E,trace,0,2,20230316_06,-0.019757399559745092,-0.03227265387137157,-0.012515254311626478
log,E,trace,0,2,20230316_09,0.07609806998399726,-0.006821470322631029,-0.08291954030662829
log,E,trace,0,2,20230316_12,-0.04102989426017878,0.01726010067115258,0.05828999493133136
log,E,trace,0,2,20230516_01,0.12316408346561092,0.003335489567924732,-0.11982859389768619
log,E,trace,0,2,20230516_08,-0.010713987950751847,-0.06376420388202098,-0.05305021593126913
log,E,trace,0,2,20230516_10,-0.01292911090848925,0.06358048662215454,0.07650959753064379
log,E,trace,0,2,20230517_03,-0.021426028681904796,-0.08470394305445694,-0.06327791437255215
log,E,trace,0,2,20230517_05,-0.058627749178678634,-0.014386697783880464,0.04424105139479817
log,E,trace,0,2,20230517_12,-0.0031381577908344838,-0.019230105551036658,-0.016091947760202174
log,E,trace,0,2,20230518_02,0.1533957554696963,0.0319806081645031,-0.1214151473051932
log,E,trace,0,2,20230518_05,0.019121005791706835,0.36469324712664486,0.345572241334938
log,E,trace,0,2,20230518_12,0.2809921278260452,0.16850730586667595,-0.11248482195936926
log,E,trace,0,2,20230519_04,0.06356098656140174,-0.011951448639311302,-0.07551243520071305
log,E,trace,0,2,20230519_11,-0.10277781196357916,-0.25760424931671544,-0.15482643735313628
log,E,trace,0,2,20230802_03,-0.032348404548460774,-0.04576790709853373,-0.01341950255007296
log,E,trace,0,2,20230802_08,0.05803421457751945,-0.06488910151035432,-0.12292331608787377
log,E,trace,0,2,20230802_09,0.12835356874310122,-0.0381925006257573,-0.16654606936885852
log,E,trace,0,2,20230803_02,0.042507662582305095,0.036149844551825794,-0.006357818030479301
log,E,trace,0,2,20230803_07,-0.014440802829490007,-0.0031085055051369714,0.011332297324353036
log,E,trace,0,2,20230803_12,-0.03983526519873104,-0.024501644344657958,0.015333620854073082
log,E,control,0,2,20230227_03,0.04142292429091077,0.016834904025118114,-0.024588020265792654
log,E,control,0,2,20230227_06,0.04398179176675221,0.01782454981572812,-0.02615724195102409
log,E,control,0,2,20230228_02,-0.016586834412126272,-0.033897210195045435,-0.017310375782919163
log,E,control,0,2,20230228_05,0.056883421494954955,-0.02676610539011781,-0.08364952688507277
log,E,control,0,2,20230228_08,0.018732272421955187,-0.014086732032279503,-0.03281900445423469
log,E,control,0,2,20230228_11,-0.013492885944606847,0.024146660049130464,0.03763954599373731
log,E,control,0,2,20230301_01,-0.0105748541260966,-0.16140878600477349,-0.15083393187867689
log,E,control,0,2,20230301_04,0.012871735997870282,-0.01856270331985499,-0.03143443931772527
log,E,control,0,2,20230301_07,-0.06807524721828884,-0.0008786100340367753,0.06719663718425206
log,E,control,0,2,20230301_10,0.043580514032020456,0.08047310005188546,0.036892586019865004
log,E,control,0,2,20230302_08,0.013948331861892704,0.03234082837941488,0.018392496517522172
log,E,control,0,2,20230302_09,-0.014406069052552262,0.005601062130598411,0.020007131183150673
log,E,control,0,2,20230315_05,0.06268751411952245,0.030413802387533106,-0.03227371173198934
log,E,control,0,2,20230315_08,0.1159468060077451,0.06995491982974666,-0.04599188617799843
log,E,control,0,2,20230315_10,0.028064251913697102,0.1696388667859492,0.1415746148722521
log,E,control,0,2,20230315_11,-0.015801363413239233,-0.019263038426569512,-0.0034616750133302787
log,E,control,0,2,20230316_08,-0.014041863223450246,0.03290840693060204,0.04695027015405229
log,E,control,0,2,20230316_11,0.07266443847262671,0.06292272893647599,-0.009741709536150722
